question_id,template_key,library_code,category_code,service_code,phase,section,order,label_fr,help_fr,answer_type,required,required_for_quote,options_json,validation_json,condition_json,data_key,weight,max_score,anomaly_code,risk_code,recommendation_code,opportunity_service_code,sensitivity,modifiable_by_franchisee,deletion_policy,requires_central_approval,status,version,origin
Q-PROV-IT-BASE-LEGAL,PROV_COMMON_LEGAL,IT,,,PROVIDER_QUALIFICATION,Qualification générale,1,Votre entreprise est-elle administrativement active et autorisée à fournir les prestations de cette bibliothèque ?,"Cette information est utilisée pour qualifier le sous-traitant dans la bibliothèque « Informatique, cybersécurité et data ».",YES_NO,True,False,[],{},{},provider.it.base_legal,1,10,,,,,BUSINESS,True,ARCHIVE_IF_REFERENCED,True,ACTIVE,1,MATRICIA_GOLD_MASTER_BASELINE
Q-PROV-IT-BASE-INSURANCE,PROV_COMMON_INSURANCE,IT,,,PROVIDER_QUALIFICATION,Qualification générale,2,Disposez-vous d’une assurance responsabilité professionnelle adaptée aux services proposés ?,"Cette information est utilisée pour qualifier le sous-traitant dans la bibliothèque « Informatique, cybersécurité et data ».",YES_NO,True,False,[],{},{},provider.it.base_insurance,1,10,,,,,BUSINESS,True,ARCHIVE_IF_REFERENCED,True,ACTIVE,1,MATRICIA_GOLD_MASTER_BASELINE
Q-PROV-IT-BASE-TEAM,PROV_COMMON_TEAM,IT,,,PROVIDER_QUALIFICATION,Qualification générale,3,"Décrivez la taille, les rôles et l’expérience de l’équipe affectable à cette bibliothèque.","Cette information est utilisée pour qualifier le sous-traitant dans la bibliothèque « Informatique, cybersécurité et data ».",TABLE,True,False,[],{},{},provider.it.base_team,1,10,,,,,BUSINESS,True,ARCHIVE_IF_REFERENCED,False,ACTIVE,1,MATRICIA_GOLD_MASTER_BASELINE
Q-PROV-IT-BASE-REFERENCES,PROV_COMMON_REFERENCES,IT,,,PROVIDER_QUALIFICATION,Qualification générale,4,Fournissez au moins trois références comparables réalisées récemment.,"Cette information est utilisée pour qualifier le sous-traitant dans la bibliothèque « Informatique, cybersécurité et data ».",TABLE,True,False,[],{},{},provider.it.base_references,1,10,,,,,BUSINESS,True,ARCHIVE_IF_REFERENCED,False,ACTIVE,1,MATRICIA_GOLD_MASTER_BASELINE
Q-PROV-IT-BASE-CAPACITY,PROV_COMMON_CAPACITY,IT,,,PROVIDER_QUALIFICATION,Qualification générale,5,Quelle capacité mensuelle pouvez-vous garantir sans dégrader la qualité ?,"Cette information est utilisée pour qualifier le sous-traitant dans la bibliothèque « Informatique, cybersécurité et data ».",QUANTITY,True,False,[],{},{},provider.it.base_capacity,1,10,,,,,BUSINESS,True,ARCHIVE_IF_REFERENCED,False,ACTIVE,1,MATRICIA_GOLD_MASTER_BASELINE
Q-PROV-IT-BASE-REGIONS,PROV_COMMON_REGIONS,IT,,,PROVIDER_QUALIFICATION,Qualification générale,6,Dans quelles régions pouvez-vous intervenir sur site et à distance ?,"Cette information est utilisée pour qualifier le sous-traitant dans la bibliothèque « Informatique, cybersécurité et data ».",MULTIPLE_CHOICE,True,False,[],{},{},provider.it.base_regions,1,10,,,,,BUSINESS,True,ARCHIVE_IF_REFERENCED,False,ACTIVE,1,MATRICIA_GOLD_MASTER_BASELINE
Q-PROV-IT-BASE-SLA,PROV_COMMON_SLA,IT,,,PROVIDER_QUALIFICATION,Qualification générale,7,"Quels délais de réponse, démarrage, correction et support pouvez-vous garantir ?","Cette information est utilisée pour qualifier le sous-traitant dans la bibliothèque « Informatique, cybersécurité et data ».",TABLE,True,False,[],{},{},provider.it.base_sla,1,10,,,,,BUSINESS,True,ARCHIVE_IF_REFERENCED,False,ACTIVE,1,MATRICIA_GOLD_MASTER_BASELINE
Q-PROV-IT-BASE-QUALITY,PROV_COMMON_QUALITY,IT,,,PROVIDER_QUALIFICATION,Qualification générale,8,Quel processus de contrôle qualité appliquez-vous avant livraison ?,"Cette information est utilisée pour qualifier le sous-traitant dans la bibliothèque « Informatique, cybersécurité et data ».",LONG_TEXT,True,False,[],{},{},provider.it.base_quality,1,10,,,,,BUSINESS,True,ARCHIVE_IF_REFERENCED,False,ACTIVE,1,MATRICIA_GOLD_MASTER_BASELINE
Q-PROV-IT-BASE-SUBCONTRACTING,PROV_COMMON_SUBCONTRACTING,IT,,,PROVIDER_QUALIFICATION,Qualification générale,9,"Recourez-vous à de la sous-traitance secondaire et, si oui, comment la contrôlez-vous ?","Cette information est utilisée pour qualifier le sous-traitant dans la bibliothèque « Informatique, cybersécurité et data ».",LONG_TEXT,True,False,[],{},{},provider.it.base_subcontracting,1,10,,,,,BUSINESS,True,ARCHIVE_IF_REFERENCED,False,ACTIVE,1,MATRICIA_GOLD_MASTER_BASELINE
Q-PROV-IT-BASE-SECURITY,PROV_COMMON_SECURITY,IT,,,PROVIDER_QUALIFICATION,Qualification générale,10,"Comment protégez-vous les informations, documents et accès confiés par les clients ?","Cette information est utilisée pour qualifier le sous-traitant dans la bibliothèque « Informatique, cybersécurité et data ».",LONG_TEXT,True,False,[],{},{},provider.it.base_security,1,10,,,,,BUSINESS,True,ARCHIVE_IF_REFERENCED,True,ACTIVE,1,MATRICIA_GOLD_MASTER_BASELINE
Q-PROV-IT-AUDIT-SI-EXPERIENCE,PROV_SERVICE_EXPERIENCE,IT,IT-GOV,IT-AUDIT-SI,PROVIDER_QUALIFICATION,Qualification par service,11,"Présentez votre expérience, vos références, votre équipe et votre capacité pour le service « Audit du système d’information et feuille de route ».","Joignez des preuves et indiquez le volume maximal que vous pouvez réaliser en utilisateurs, sites et applications.",TABLE,True,False,[],{},{},provider.it_audit_si.experience_capacity,1,10,,,,,BUSINESS,True,ARCHIVE_IF_REFERENCED,False,ACTIVE,1,MATRICIA_GOLD_MASTER_BASELINE
Q-PROV-IT-ARCHI-EXPERIENCE,PROV_SERVICE_EXPERIENCE,IT,IT-GOV,IT-ARCHI,PROVIDER_QUALIFICATION,Qualification par service,12,"Présentez votre expérience, vos références, votre équipe et votre capacité pour le service « Architecture et urbanisation du système d’information ».",Joignez des preuves et indiquez le volume maximal que vous pouvez réaliser en applications et flux.,TABLE,True,False,[],{},{},provider.it_archi.experience_capacity,1,10,,,,,BUSINESS,True,ARCHIVE_IF_REFERENCED,False,ACTIVE,1,MATRICIA_GOLD_MASTER_BASELINE
Q-PROV-IT-NETWORK-EXPERIENCE,PROV_SERVICE_EXPERIENCE,IT,IT-INFRA,IT-NETWORK,PROVIDER_QUALIFICATION,Qualification par service,13,"Présentez votre expérience, vos références, votre équipe et votre capacité pour le service « Conception et installation réseau LAN/Wi-Fi ».","Joignez des preuves et indiquez le volume maximal que vous pouvez réaliser en sites, zones et points réseau.",TABLE,True,False,[],{},{},provider.it_network.experience_capacity,1,10,,,,,BUSINESS,True,ARCHIVE_IF_REFERENCED,False,ACTIVE,1,MATRICIA_GOLD_MASTER_BASELINE
Q-PROV-IT-FIREWALL-EXPERIENCE,PROV_SERVICE_EXPERIENCE,IT,IT-INFRA,IT-FIREWALL,PROVIDER_QUALIFICATION,Qualification par service,14,"Présentez votre expérience, vos références, votre équipe et votre capacité pour le service « Déploiement de pare-feu et sécurisation réseau ».",Joignez des preuves et indiquez le volume maximal que vous pouvez réaliser en sites et connexions.,TABLE,True,False,[],{},{},provider.it_firewall.experience_capacity,1,10,,,,,BUSINESS,True,ARCHIVE_IF_REFERENCED,False,ACTIVE,1,MATRICIA_GOLD_MASTER_BASELINE
Q-PROV-IT-VOIP-EXPERIENCE,PROV_SERVICE_EXPERIENCE,IT,IT-INFRA,IT-VOIP,PROVIDER_QUALIFICATION,Qualification par service,15,"Présentez votre expérience, vos références, votre équipe et votre capacité pour le service « Téléphonie IP, centre d’appels et communications unifiées ».","Joignez des preuves et indiquez le volume maximal que vous pouvez réaliser en postes, numéros et sites.",TABLE,True,False,[],{},{},provider.it_voip.experience_capacity,1,10,,,,,BUSINESS,True,ARCHIVE_IF_REFERENCED,False,ACTIVE,1,MATRICIA_GOLD_MASTER_BASELINE
Q-PROV-IT-CYBER-AUDIT-EXPERIENCE,PROV_SERVICE_EXPERIENCE,IT,IT-CYBER,IT-CYBER-AUDIT,PROVIDER_QUALIFICATION,Qualification par service,16,"Présentez votre expérience, vos références, votre équipe et votre capacité pour le service « Audit de cybersécurité ».","Joignez des preuves et indiquez le volume maximal que vous pouvez réaliser en utilisateurs, actifs et sites.",TABLE,True,False,[],{},{},provider.it_cyber_audit.experience_capacity,1,10,,,,,BUSINESS,True,ARCHIVE_IF_REFERENCED,False,ACTIVE,1,MATRICIA_GOLD_MASTER_BASELINE
Q-PROV-IT-PENTEST-EXPERIENCE,PROV_SERVICE_EXPERIENCE,IT,IT-CYBER,IT-PENTEST,PROVIDER_QUALIFICATION,Qualification par service,17,"Présentez votre expérience, vos références, votre équipe et votre capacité pour le service « Test d’intrusion Web, mobile ou infrastructure ».","Joignez des preuves et indiquez le volume maximal que vous pouvez réaliser en applications, IP et environnements.",TABLE,True,False,[],{},{},provider.it_pentest.experience_capacity,1,10,,,,,BUSINESS,True,ARCHIVE_IF_REFERENCED,False,ACTIVE,1,MATRICIA_GOLD_MASTER_BASELINE
Q-PROV-IT-SOC-MDR-EXPERIENCE,PROV_SERVICE_EXPERIENCE,IT,IT-CYBER,IT-SOC-MDR,PROVIDER_QUALIFICATION,Qualification par service,18,"Présentez votre expérience, vos références, votre équipe et votre capacité pour le service « Supervision SOC/MDR et réponse aux incidents ».","Joignez des preuves et indiquez le volume maximal que vous pouvez réaliser en postes, serveurs et journaux.",TABLE,True,False,[],{},{},provider.it_soc_mdr.experience_capacity,1,10,,,,,BUSINESS,True,ARCHIVE_IF_REFERENCED,False,ACTIVE,1,MATRICIA_GOLD_MASTER_BASELINE
Q-PROV-IT-BACKUP-EXPERIENCE,PROV_SERVICE_EXPERIENCE,IT,IT-CYBER,IT-BACKUP,PROVIDER_QUALIFICATION,Qualification par service,19,"Présentez votre expérience, vos références, votre équipe et votre capacité pour le service « Sauvegarde, restauration et archivage ».","Joignez des preuves et indiquez le volume maximal que vous pouvez réaliser en Go/To, postes, serveurs et sites.",TABLE,True,False,[],{},{},provider.it_backup.experience_capacity,1,10,,,,,BUSINESS,True,ARCHIVE_IF_REFERENCED,False,ACTIVE,1,MATRICIA_GOLD_MASTER_BASELINE
Q-PROV-IT-BCP-DRP-EXPERIENCE,PROV_SERVICE_EXPERIENCE,IT,IT-CYBER,IT-BCP-DRP,PROVIDER_QUALIFICATION,Qualification par service,20,"Présentez votre expérience, vos références, votre équipe et votre capacité pour le service « Plan de continuité et plan de reprise informatique ».",Joignez des preuves et indiquez le volume maximal que vous pouvez réaliser en processus et systèmes critiques.,TABLE,True,False,[],{},{},provider.it_bcp_drp.experience_capacity,1,10,,,,,BUSINESS,True,ARCHIVE_IF_REFERENCED,False,ACTIVE,1,MATRICIA_GOLD_MASTER_BASELINE
Q-PROV-IT-CLOUD-MIG-EXPERIENCE,PROV_SERVICE_EXPERIENCE,IT,IT-CLOUD,IT-CLOUD-MIG,PROVIDER_QUALIFICATION,Qualification par service,21,"Présentez votre expérience, vos références, votre équipe et votre capacité pour le service « Migration vers le cloud ».","Joignez des preuves et indiquez le volume maximal que vous pouvez réaliser en applications, serveurs et données.",TABLE,True,False,[],{},{},provider.it_cloud_mig.experience_capacity,1,10,,,,,BUSINESS,True,ARCHIVE_IF_REFERENCED,False,ACTIVE,1,MATRICIA_GOLD_MASTER_BASELINE
Q-PROV-IT-M365-EXPERIENCE,PROV_SERVICE_EXPERIENCE,IT,IT-CLOUD,IT-M365,PROVIDER_QUALIFICATION,Qualification par service,22,"Présentez votre expérience, vos références, votre équipe et votre capacité pour le service « Déploiement Microsoft 365 ou Google Workspace ».",Joignez des preuves et indiquez le volume maximal que vous pouvez réaliser en comptes et domaines.,TABLE,True,False,[],{},{},provider.it_m365.experience_capacity,1,10,,,,,BUSINESS,True,ARCHIVE_IF_REFERENCED,False,ACTIVE,1,MATRICIA_GOLD_MASTER_BASELINE
Q-PROV-IT-WEB-SHOWCASE-EXPERIENCE,PROV_SERVICE_EXPERIENCE,IT,IT-DEV,IT-WEB-SHOWCASE,PROVIDER_QUALIFICATION,Qualification par service,23,"Présentez votre expérience, vos références, votre équipe et votre capacité pour le service « Création de site Web vitrine ».","Joignez des preuves et indiquez le volume maximal que vous pouvez réaliser en pages, langues et formulaires.",TABLE,True,False,[],{},{},provider.it_web_showcase.experience_capacity,1,10,,,,,BUSINESS,True,ARCHIVE_IF_REFERENCED,False,ACTIVE,1,MATRICIA_GOLD_MASTER_BASELINE
Q-PROV-IT-ECOMMERCE-EXPERIENCE,PROV_SERVICE_EXPERIENCE,IT,IT-DEV,IT-ECOMMERCE,PROVIDER_QUALIFICATION,Qualification par service,24,"Présentez votre expérience, vos références, votre équipe et votre capacité pour le service « Création de boutique e-commerce ».","Joignez des preuves et indiquez le volume maximal que vous pouvez réaliser en produits, commandes et langues.",TABLE,True,False,[],{},{},provider.it_ecommerce.experience_capacity,1,10,,,,,BUSINESS,True,ARCHIVE_IF_REFERENCED,False,ACTIVE,1,MATRICIA_GOLD_MASTER_BASELINE
Q-PROV-IT-WEB-APP-EXPERIENCE,PROV_SERVICE_EXPERIENCE,IT,IT-DEV,IT-WEB-APP,PROVIDER_QUALIFICATION,Qualification par service,25,"Présentez votre expérience, vos références, votre équipe et votre capacité pour le service « Développement d’application Web métier ».","Joignez des preuves et indiquez le volume maximal que vous pouvez réaliser en utilisateurs, modules et workflows.",TABLE,True,False,[],{},{},provider.it_web_app.experience_capacity,1,10,,,,,BUSINESS,True,ARCHIVE_IF_REFERENCED,False,ACTIVE,1,MATRICIA_GOLD_MASTER_BASELINE
Q-PROV-IT-MOBILE-APP-EXPERIENCE,PROV_SERVICE_EXPERIENCE,IT,IT-DEV,IT-MOBILE-APP,PROVIDER_QUALIFICATION,Qualification par service,26,"Présentez votre expérience, vos références, votre équipe et votre capacité pour le service « Développement d’application mobile ».","Joignez des preuves et indiquez le volume maximal que vous pouvez réaliser en plateformes, utilisateurs et écrans.",TABLE,True,False,[],{},{},provider.it_mobile_app.experience_capacity,1,10,,,,,BUSINESS,True,ARCHIVE_IF_REFERENCED,False,ACTIVE,1,MATRICIA_GOLD_MASTER_BASELINE
Q-PROV-IT-ERP-CRM-EXPERIENCE,PROV_SERVICE_EXPERIENCE,IT,IT-DEV,IT-ERP-CRM,PROVIDER_QUALIFICATION,Qualification par service,27,"Présentez votre expérience, vos références, votre équipe et votre capacité pour le service « Implémentation ou intégration ERP/CRM ».","Joignez des preuves et indiquez le volume maximal que vous pouvez réaliser en utilisateurs, modules et entités.",TABLE,True,False,[],{},{},provider.it_erp_crm.experience_capacity,1,10,,,,,BUSINESS,True,ARCHIVE_IF_REFERENCED,False,ACTIVE,1,MATRICIA_GOLD_MASTER_BASELINE
Q-PROV-IT-BI-EXPERIENCE,PROV_SERVICE_EXPERIENCE,IT,IT-DATA,IT-BI,PROVIDER_QUALIFICATION,Qualification par service,28,"Présentez votre expérience, vos références, votre équipe et votre capacité pour le service « Data warehouse et tableaux de bord BI ».","Joignez des preuves et indiquez le volume maximal que vous pouvez réaliser en sources, indicateurs et utilisateurs.",TABLE,True,False,[],{},{},provider.it_bi.experience_capacity,1,10,,,,,BUSINESS,True,ARCHIVE_IF_REFERENCED,False,ACTIVE,1,MATRICIA_GOLD_MASTER_BASELINE
Q-PROV-IT-AI-AUTO-EXPERIENCE,PROV_SERVICE_EXPERIENCE,IT,IT-DATA,IT-AI-AUTO,PROVIDER_QUALIFICATION,Qualification par service,29,"Présentez votre expérience, vos références, votre équipe et votre capacité pour le service « Automatisation IA, assistants et chatbots ».","Joignez des preuves et indiquez le volume maximal que vous pouvez réaliser en processus, documents et utilisateurs.",TABLE,True,False,[],{},{},provider.it_ai_auto.experience_capacity,1,10,,,,,BUSINESS,True,ARCHIVE_IF_REFERENCED,False,ACTIVE,1,MATRICIA_GOLD_MASTER_BASELINE
Q-PROV-IT-CCTV-IOT-EXPERIENCE,PROV_SERVICE_EXPERIENCE,IT,IT-IOT,IT-CCTV-IOT,PROVIDER_QUALIFICATION,Qualification par service,30,"Présentez votre expérience, vos références, votre équipe et votre capacité pour le service « Vidéosurveillance, contrôle d’accès et IoT ».","Joignez des preuves et indiquez le volume maximal que vous pouvez réaliser en caméras, portes, capteurs et sites.",TABLE,True,False,[],{},{},provider.it_cctv_iot.experience_capacity,1,10,,,,,BUSINESS,True,ARCHIVE_IF_REFERENCED,False,ACTIVE,1,MATRICIA_GOLD_MASTER_BASELINE
Q-PROV-COM-BASE-LEGAL,PROV_COMMON_LEGAL,COM,,,PROVIDER_QUALIFICATION,Qualification générale,1,Votre entreprise est-elle administrativement active et autorisée à fournir les prestations de cette bibliothèque ?,"Cette information est utilisée pour qualifier le sous-traitant dans la bibliothèque « Communication, marketing et création ».",YES_NO,True,False,[],{},{},provider.com.base_legal,1,10,,,,,BUSINESS,True,ARCHIVE_IF_REFERENCED,True,ACTIVE,1,MATRICIA_GOLD_MASTER_BASELINE
Q-PROV-COM-BASE-INSURANCE,PROV_COMMON_INSURANCE,COM,,,PROVIDER_QUALIFICATION,Qualification générale,2,Disposez-vous d’une assurance responsabilité professionnelle adaptée aux services proposés ?,"Cette information est utilisée pour qualifier le sous-traitant dans la bibliothèque « Communication, marketing et création ».",YES_NO,True,False,[],{},{},provider.com.base_insurance,1,10,,,,,BUSINESS,True,ARCHIVE_IF_REFERENCED,True,ACTIVE,1,MATRICIA_GOLD_MASTER_BASELINE
Q-PROV-COM-BASE-TEAM,PROV_COMMON_TEAM,COM,,,PROVIDER_QUALIFICATION,Qualification générale,3,"Décrivez la taille, les rôles et l’expérience de l’équipe affectable à cette bibliothèque.","Cette information est utilisée pour qualifier le sous-traitant dans la bibliothèque « Communication, marketing et création ».",TABLE,True,False,[],{},{},provider.com.base_team,1,10,,,,,BUSINESS,True,ARCHIVE_IF_REFERENCED,False,ACTIVE,1,MATRICIA_GOLD_MASTER_BASELINE
Q-PROV-COM-BASE-REFERENCES,PROV_COMMON_REFERENCES,COM,,,PROVIDER_QUALIFICATION,Qualification générale,4,Fournissez au moins trois références comparables réalisées récemment.,"Cette information est utilisée pour qualifier le sous-traitant dans la bibliothèque « Communication, marketing et création ».",TABLE,True,False,[],{},{},provider.com.base_references,1,10,,,,,BUSINESS,True,ARCHIVE_IF_REFERENCED,False,ACTIVE,1,MATRICIA_GOLD_MASTER_BASELINE
Q-PROV-COM-BASE-CAPACITY,PROV_COMMON_CAPACITY,COM,,,PROVIDER_QUALIFICATION,Qualification générale,5,Quelle capacité mensuelle pouvez-vous garantir sans dégrader la qualité ?,"Cette information est utilisée pour qualifier le sous-traitant dans la bibliothèque « Communication, marketing et création ».",QUANTITY,True,False,[],{},{},provider.com.base_capacity,1,10,,,,,BUSINESS,True,ARCHIVE_IF_REFERENCED,False,ACTIVE,1,MATRICIA_GOLD_MASTER_BASELINE
Q-PROV-COM-BASE-REGIONS,PROV_COMMON_REGIONS,COM,,,PROVIDER_QUALIFICATION,Qualification générale,6,Dans quelles régions pouvez-vous intervenir sur site et à distance ?,"Cette information est utilisée pour qualifier le sous-traitant dans la bibliothèque « Communication, marketing et création ».",MULTIPLE_CHOICE,True,False,[],{},{},provider.com.base_regions,1,10,,,,,BUSINESS,True,ARCHIVE_IF_REFERENCED,False,ACTIVE,1,MATRICIA_GOLD_MASTER_BASELINE
Q-PROV-COM-BASE-SLA,PROV_COMMON_SLA,COM,,,PROVIDER_QUALIFICATION,Qualification générale,7,"Quels délais de réponse, démarrage, correction et support pouvez-vous garantir ?","Cette information est utilisée pour qualifier le sous-traitant dans la bibliothèque « Communication, marketing et création ».",TABLE,True,False,[],{},{},provider.com.base_sla,1,10,,,,,BUSINESS,True,ARCHIVE_IF_REFERENCED,False,ACTIVE,1,MATRICIA_GOLD_MASTER_BASELINE
Q-PROV-COM-BASE-QUALITY,PROV_COMMON_QUALITY,COM,,,PROVIDER_QUALIFICATION,Qualification générale,8,Quel processus de contrôle qualité appliquez-vous avant livraison ?,"Cette information est utilisée pour qualifier le sous-traitant dans la bibliothèque « Communication, marketing et création ».",LONG_TEXT,True,False,[],{},{},provider.com.base_quality,1,10,,,,,BUSINESS,True,ARCHIVE_IF_REFERENCED,False,ACTIVE,1,MATRICIA_GOLD_MASTER_BASELINE
Q-PROV-COM-BASE-SUBCONTRACTING,PROV_COMMON_SUBCONTRACTING,COM,,,PROVIDER_QUALIFICATION,Qualification générale,9,"Recourez-vous à de la sous-traitance secondaire et, si oui, comment la contrôlez-vous ?","Cette information est utilisée pour qualifier le sous-traitant dans la bibliothèque « Communication, marketing et création ».",LONG_TEXT,True,False,[],{},{},provider.com.base_subcontracting,1,10,,,,,BUSINESS,True,ARCHIVE_IF_REFERENCED,False,ACTIVE,1,MATRICIA_GOLD_MASTER_BASELINE
Q-PROV-COM-BASE-SECURITY,PROV_COMMON_SECURITY,COM,,,PROVIDER_QUALIFICATION,Qualification générale,10,"Comment protégez-vous les informations, documents et accès confiés par les clients ?","Cette information est utilisée pour qualifier le sous-traitant dans la bibliothèque « Communication, marketing et création ».",LONG_TEXT,True,False,[],{},{},provider.com.base_security,1,10,,,,,BUSINESS,True,ARCHIVE_IF_REFERENCED,True,ACTIVE,1,MATRICIA_GOLD_MASTER_BASELINE
Q-PROV-COM-MKT-STRAT-EXPERIENCE,PROV_SERVICE_EXPERIENCE,COM,COM-STRAT,COM-MKT-STRAT,PROVIDER_QUALIFICATION,Qualification par service,11,"Présentez votre expérience, vos références, votre équipe et votre capacité pour le service « Stratégie marketing globale ».","Joignez des preuves et indiquez le volume maximal que vous pouvez réaliser en marchés, segments et offres.",TABLE,True,False,[],{},{},provider.com_mkt_strat.experience_capacity,1,10,,,,,BUSINESS,True,ARCHIVE_IF_REFERENCED,False,ACTIVE,1,MATRICIA_GOLD_MASTER_BASELINE
Q-PROV-COM-BRAND-EXPERIENCE,PROV_SERVICE_EXPERIENCE,COM,COM-STRAT,COM-BRAND,PROVIDER_QUALIFICATION,Qualification par service,12,"Présentez votre expérience, vos références, votre équipe et votre capacité pour le service « Plateforme de marque et stratégie de branding ».",Joignez des preuves et indiquez le volume maximal que vous pouvez réaliser en marques et gammes.,TABLE,True,False,[],{},{},provider.com_brand.experience_capacity,1,10,,,,,BUSINESS,True,ARCHIVE_IF_REFERENCED,False,ACTIVE,1,MATRICIA_GOLD_MASTER_BASELINE
Q-PROV-COM-NAMING-EXPERIENCE,PROV_SERVICE_EXPERIENCE,COM,COM-STRAT,COM-NAMING,PROVIDER_QUALIFICATION,Qualification par service,13,"Présentez votre expérience, vos références, votre équipe et votre capacité pour le service « Naming de marque, produit ou service ».",Joignez des preuves et indiquez le volume maximal que vous pouvez réaliser en noms et territoires.,TABLE,True,False,[],{},{},provider.com_naming.experience_capacity,1,10,,,,,BUSINESS,True,ARCHIVE_IF_REFERENCED,False,ACTIVE,1,MATRICIA_GOLD_MASTER_BASELINE
Q-PROV-COM-VISUAL-ID-EXPERIENCE,PROV_SERVICE_EXPERIENCE,COM,COM-DESIGN,COM-VISUAL-ID,PROVIDER_QUALIFICATION,Qualification par service,14,"Présentez votre expérience, vos références, votre équipe et votre capacité pour le service « Identité visuelle et charte graphique ».",Joignez des preuves et indiquez le volume maximal que vous pouvez réaliser en supports et déclinaisons.,TABLE,True,False,[],{},{},provider.com_visual_id.experience_capacity,1,10,,,,,BUSINESS,True,ARCHIVE_IF_REFERENCED,False,ACTIVE,1,MATRICIA_GOLD_MASTER_BASELINE
Q-PROV-COM-GRAPHIC-EXPERIENCE,PROV_SERVICE_EXPERIENCE,COM,COM-DESIGN,COM-GRAPHIC,PROVIDER_QUALIFICATION,Qualification par service,15,"Présentez votre expérience, vos références, votre équipe et votre capacité pour le service « Création graphique et supports commerciaux ».",Joignez des preuves et indiquez le volume maximal que vous pouvez réaliser en visuels et formats.,TABLE,True,False,[],{},{},provider.com_graphic.experience_capacity,1,10,,,,,BUSINESS,True,ARCHIVE_IF_REFERENCED,False,ACTIVE,1,MATRICIA_GOLD_MASTER_BASELINE
Q-PROV-COM-COPY-EXPERIENCE,PROV_SERVICE_EXPERIENCE,COM,COM-CONTENT,COM-COPY,PROVIDER_QUALIFICATION,Qualification par service,16,"Présentez votre expérience, vos références, votre équipe et votre capacité pour le service « Rédaction Web, commerciale et institutionnelle ».","Joignez des preuves et indiquez le volume maximal que vous pouvez réaliser en pages, articles et langues.",TABLE,True,False,[],{},{},provider.com_copy.experience_capacity,1,10,,,,,BUSINESS,True,ARCHIVE_IF_REFERENCED,False,ACTIVE,1,MATRICIA_GOLD_MASTER_BASELINE
Q-PROV-COM-CONTENT-PLAN-EXPERIENCE,PROV_SERVICE_EXPERIENCE,COM,COM-CONTENT,COM-CONTENT-PLAN,PROVIDER_QUALIFICATION,Qualification par service,17,"Présentez votre expérience, vos références, votre équipe et votre capacité pour le service « Stratégie éditoriale et calendrier de contenu ».",Joignez des preuves et indiquez le volume maximal que vous pouvez réaliser en canaux et publications.,TABLE,True,False,[],{},{},provider.com_content_plan.experience_capacity,1,10,,,,,BUSINESS,True,ARCHIVE_IF_REFERENCED,False,ACTIVE,1,MATRICIA_GOLD_MASTER_BASELINE
Q-PROV-COM-SOCIAL-STRAT-EXPERIENCE,PROV_SERVICE_EXPERIENCE,COM,COM-DIGITAL,COM-SOCIAL-STRAT,PROVIDER_QUALIFICATION,Qualification par service,18,"Présentez votre expérience, vos références, votre équipe et votre capacité pour le service « Stratégie réseaux sociaux ».",Joignez des preuves et indiquez le volume maximal que vous pouvez réaliser en réseaux et audiences.,TABLE,True,False,[],{},{},provider.com_social_strat.experience_capacity,1,10,,,,,BUSINESS,True,ARCHIVE_IF_REFERENCED,False,ACTIVE,1,MATRICIA_GOLD_MASTER_BASELINE
Q-PROV-COM-COMMUNITY-EXPERIENCE,PROV_SERVICE_EXPERIENCE,COM,COM-DIGITAL,COM-COMMUNITY,PROVIDER_QUALIFICATION,Qualification par service,19,"Présentez votre expérience, vos références, votre équipe et votre capacité pour le service « Community management ».",Joignez des preuves et indiquez le volume maximal que vous pouvez réaliser en comptes et publications.,TABLE,True,False,[],{},{},provider.com_community.experience_capacity,1,10,,,,,BUSINESS,True,ARCHIVE_IF_REFERENCED,False,ACTIVE,1,MATRICIA_GOLD_MASTER_BASELINE
Q-PROV-COM-SEO-EXPERIENCE,PROV_SERVICE_EXPERIENCE,COM,COM-DIGITAL,COM-SEO,PROVIDER_QUALIFICATION,Qualification par service,20,"Présentez votre expérience, vos références, votre équipe et votre capacité pour le service « Référencement naturel SEO ».","Joignez des preuves et indiquez le volume maximal que vous pouvez réaliser en sites, pages et mots-clés.",TABLE,True,False,[],{},{},provider.com_seo.experience_capacity,1,10,,,,,BUSINESS,True,ARCHIVE_IF_REFERENCED,False,ACTIVE,1,MATRICIA_GOLD_MASTER_BASELINE
Q-PROV-COM-EMAIL-EXPERIENCE,PROV_SERVICE_EXPERIENCE,COM,COM-DIGITAL,COM-EMAIL,PROVIDER_QUALIFICATION,Qualification par service,21,"Présentez votre expérience, vos références, votre équipe et votre capacité pour le service « E-mail marketing et automatisation ».",Joignez des preuves et indiquez le volume maximal que vous pouvez réaliser en contacts et scénarios.,TABLE,True,False,[],{},{},provider.com_email.experience_capacity,1,10,,,,,BUSINESS,True,ARCHIVE_IF_REFERENCED,False,ACTIVE,1,MATRICIA_GOLD_MASTER_BASELINE
Q-PROV-COM-DIGITAL-ADS-EXPERIENCE,PROV_SERVICE_EXPERIENCE,COM,COM-ADS,COM-DIGITAL-ADS,PROVIDER_QUALIFICATION,Qualification par service,22,"Présentez votre expérience, vos références, votre équipe et votre capacité pour le service « Campagnes publicitaires digitales ».","Joignez des preuves et indiquez le volume maximal que vous pouvez réaliser en campagnes, audiences et budgets.",TABLE,True,False,[],{},{},provider.com_digital_ads.experience_capacity,1,10,,,,,BUSINESS,True,ARCHIVE_IF_REFERENCED,False,ACTIVE,1,MATRICIA_GOLD_MASTER_BASELINE
Q-PROV-COM-MEDIA-EXPERIENCE,PROV_SERVICE_EXPERIENCE,COM,COM-ADS,COM-MEDIA,PROVIDER_QUALIFICATION,Qualification par service,23,"Présentez votre expérience, vos références, votre équipe et votre capacité pour le service « Plan média et achat d’espace ».",Joignez des preuves et indiquez le volume maximal que vous pouvez réaliser en supports et périodes.,TABLE,True,False,[],{},{},provider.com_media.experience_capacity,1,10,,,,,BUSINESS,True,ARCHIVE_IF_REFERENCED,False,ACTIVE,1,MATRICIA_GOLD_MASTER_BASELINE
Q-PROV-COM-PHOTO-EXPERIENCE,PROV_SERVICE_EXPERIENCE,COM,COM-AV,COM-PHOTO,PROVIDER_QUALIFICATION,Qualification par service,24,"Présentez votre expérience, vos références, votre équipe et votre capacité pour le service « Photographie corporate, produit ou immobilière ».","Joignez des preuves et indiquez le volume maximal que vous pouvez réaliser en photos, produits et lieux.",TABLE,True,False,[],{},{},provider.com_photo.experience_capacity,1,10,,,,,BUSINESS,True,ARCHIVE_IF_REFERENCED,False,ACTIVE,1,MATRICIA_GOLD_MASTER_BASELINE
Q-PROV-COM-VIDEO-EXPERIENCE,PROV_SERVICE_EXPERIENCE,COM,COM-AV,COM-VIDEO,PROVIDER_QUALIFICATION,Qualification par service,25,"Présentez votre expérience, vos références, votre équipe et votre capacité pour le service « Production vidéo corporate ou publicitaire ».",Joignez des preuves et indiquez le volume maximal que vous pouvez réaliser en vidéos et durées.,TABLE,True,False,[],{},{},provider.com_video.experience_capacity,1,10,,,,,BUSINESS,True,ARCHIVE_IF_REFERENCED,False,ACTIVE,1,MATRICIA_GOLD_MASTER_BASELINE
Q-PROV-COM-MOTION-EXPERIENCE,PROV_SERVICE_EXPERIENCE,COM,COM-AV,COM-MOTION,PROVIDER_QUALIFICATION,Qualification par service,26,"Présentez votre expérience, vos références, votre équipe et votre capacité pour le service « Motion design et animation ».",Joignez des preuves et indiquez le volume maximal que vous pouvez réaliser en séquences et durées.,TABLE,True,False,[],{},{},provider.com_motion.experience_capacity,1,10,,,,,BUSINESS,True,ARCHIVE_IF_REFERENCED,False,ACTIVE,1,MATRICIA_GOLD_MASTER_BASELINE
Q-PROV-COM-PR-EXPERIENCE,PROV_SERVICE_EXPERIENCE,COM,COM-PR,COM-PR,PROVIDER_QUALIFICATION,Qualification par service,27,"Présentez votre expérience, vos références, votre équipe et votre capacité pour le service « Relations presse et relations publiques ».",Joignez des preuves et indiquez le volume maximal que vous pouvez réaliser en campagnes et médias.,TABLE,True,False,[],{},{},provider.com_pr.experience_capacity,1,10,,,,,BUSINESS,True,ARCHIVE_IF_REFERENCED,False,ACTIVE,1,MATRICIA_GOLD_MASTER_BASELINE
Q-PROV-COM-INFLUENCE-EXPERIENCE,PROV_SERVICE_EXPERIENCE,COM,COM-PR,COM-INFLUENCE,PROVIDER_QUALIFICATION,Qualification par service,28,"Présentez votre expérience, vos références, votre équipe et votre capacité pour le service « Marketing d’influence ».",Joignez des preuves et indiquez le volume maximal que vous pouvez réaliser en créateurs et contenus.,TABLE,True,False,[],{},{},provider.com_influence.experience_capacity,1,10,,,,,BUSINESS,True,ARCHIVE_IF_REFERENCED,False,ACTIVE,1,MATRICIA_GOLD_MASTER_BASELINE
Q-PROV-COM-EVENT-EXPERIENCE,PROV_SERVICE_EXPERIENCE,COM,COM-EVENT,COM-EVENT,PROVIDER_QUALIFICATION,Qualification par service,29,"Présentez votre expérience, vos références, votre équipe et votre capacité pour le service « Conception et communication événementielle ».","Joignez des preuves et indiquez le volume maximal que vous pouvez réaliser en participants, jours et lieux.",TABLE,True,False,[],{},{},provider.com_event.experience_capacity,1,10,,,,,BUSINESS,True,ARCHIVE_IF_REFERENCED,False,ACTIVE,1,MATRICIA_GOLD_MASTER_BASELINE
Q-PROV-COM-PRINT-SIGN-EXPERIENCE,PROV_SERVICE_EXPERIENCE,COM,COM-EVENT,COM-PRINT-SIGN,PROVIDER_QUALIFICATION,Qualification par service,30,"Présentez votre expérience, vos références, votre équipe et votre capacité pour le service « Impression, PLV et signalétique ».","Joignez des preuves et indiquez le volume maximal que vous pouvez réaliser en unités, formats et sites.",TABLE,True,False,[],{},{},provider.com_print_sign.experience_capacity,1,10,,,,,BUSINESS,True,ARCHIVE_IF_REFERENCED,False,ACTIVE,1,MATRICIA_GOLD_MASTER_BASELINE
Q-PROV-ACC-BASE-LEGAL,PROV_COMMON_LEGAL,ACC,,,PROVIDER_QUALIFICATION,Qualification générale,1,Votre entreprise est-elle administrativement active et autorisée à fournir les prestations de cette bibliothèque ?,"Cette information est utilisée pour qualifier le sous-traitant dans la bibliothèque « Comptabilité, fiscalité et finance ».",YES_NO,True,False,[],{},{},provider.acc.base_legal,1,10,,,,,BUSINESS,True,ARCHIVE_IF_REFERENCED,True,ACTIVE,1,MATRICIA_GOLD_MASTER_BASELINE
Q-PROV-ACC-BASE-INSURANCE,PROV_COMMON_INSURANCE,ACC,,,PROVIDER_QUALIFICATION,Qualification générale,2,Disposez-vous d’une assurance responsabilité professionnelle adaptée aux services proposés ?,"Cette information est utilisée pour qualifier le sous-traitant dans la bibliothèque « Comptabilité, fiscalité et finance ».",YES_NO,True,False,[],{},{},provider.acc.base_insurance,1,10,,,,,BUSINESS,True,ARCHIVE_IF_REFERENCED,True,ACTIVE,1,MATRICIA_GOLD_MASTER_BASELINE
Q-PROV-ACC-BASE-TEAM,PROV_COMMON_TEAM,ACC,,,PROVIDER_QUALIFICATION,Qualification générale,3,"Décrivez la taille, les rôles et l’expérience de l’équipe affectable à cette bibliothèque.","Cette information est utilisée pour qualifier le sous-traitant dans la bibliothèque « Comptabilité, fiscalité et finance ».",TABLE,True,False,[],{},{},provider.acc.base_team,1,10,,,,,BUSINESS,True,ARCHIVE_IF_REFERENCED,False,ACTIVE,1,MATRICIA_GOLD_MASTER_BASELINE
Q-PROV-ACC-BASE-REFERENCES,PROV_COMMON_REFERENCES,ACC,,,PROVIDER_QUALIFICATION,Qualification générale,4,Fournissez au moins trois références comparables réalisées récemment.,"Cette information est utilisée pour qualifier le sous-traitant dans la bibliothèque « Comptabilité, fiscalité et finance ».",TABLE,True,False,[],{},{},provider.acc.base_references,1,10,,,,,BUSINESS,True,ARCHIVE_IF_REFERENCED,False,ACTIVE,1,MATRICIA_GOLD_MASTER_BASELINE
Q-PROV-ACC-BASE-CAPACITY,PROV_COMMON_CAPACITY,ACC,,,PROVIDER_QUALIFICATION,Qualification générale,5,Quelle capacité mensuelle pouvez-vous garantir sans dégrader la qualité ?,"Cette information est utilisée pour qualifier le sous-traitant dans la bibliothèque « Comptabilité, fiscalité et finance ».",QUANTITY,True,False,[],{},{},provider.acc.base_capacity,1,10,,,,,BUSINESS,True,ARCHIVE_IF_REFERENCED,False,ACTIVE,1,MATRICIA_GOLD_MASTER_BASELINE
Q-PROV-ACC-BASE-REGIONS,PROV_COMMON_REGIONS,ACC,,,PROVIDER_QUALIFICATION,Qualification générale,6,Dans quelles régions pouvez-vous intervenir sur site et à distance ?,"Cette information est utilisée pour qualifier le sous-traitant dans la bibliothèque « Comptabilité, fiscalité et finance ».",MULTIPLE_CHOICE,True,False,[],{},{},provider.acc.base_regions,1,10,,,,,BUSINESS,True,ARCHIVE_IF_REFERENCED,False,ACTIVE,1,MATRICIA_GOLD_MASTER_BASELINE
Q-PROV-ACC-BASE-SLA,PROV_COMMON_SLA,ACC,,,PROVIDER_QUALIFICATION,Qualification générale,7,"Quels délais de réponse, démarrage, correction et support pouvez-vous garantir ?","Cette information est utilisée pour qualifier le sous-traitant dans la bibliothèque « Comptabilité, fiscalité et finance ».",TABLE,True,False,[],{},{},provider.acc.base_sla,1,10,,,,,BUSINESS,True,ARCHIVE_IF_REFERENCED,False,ACTIVE,1,MATRICIA_GOLD_MASTER_BASELINE
Q-PROV-ACC-BASE-QUALITY,PROV_COMMON_QUALITY,ACC,,,PROVIDER_QUALIFICATION,Qualification générale,8,Quel processus de contrôle qualité appliquez-vous avant livraison ?,"Cette information est utilisée pour qualifier le sous-traitant dans la bibliothèque « Comptabilité, fiscalité et finance ».",LONG_TEXT,True,False,[],{},{},provider.acc.base_quality,1,10,,,,,BUSINESS,True,ARCHIVE_IF_REFERENCED,False,ACTIVE,1,MATRICIA_GOLD_MASTER_BASELINE
Q-PROV-ACC-BASE-SUBCONTRACTING,PROV_COMMON_SUBCONTRACTING,ACC,,,PROVIDER_QUALIFICATION,Qualification générale,9,"Recourez-vous à de la sous-traitance secondaire et, si oui, comment la contrôlez-vous ?","Cette information est utilisée pour qualifier le sous-traitant dans la bibliothèque « Comptabilité, fiscalité et finance ».",LONG_TEXT,True,False,[],{},{},provider.acc.base_subcontracting,1,10,,,,,BUSINESS,True,ARCHIVE_IF_REFERENCED,False,ACTIVE,1,MATRICIA_GOLD_MASTER_BASELINE
Q-PROV-ACC-BASE-SECURITY,PROV_COMMON_SECURITY,ACC,,,PROVIDER_QUALIFICATION,Qualification générale,10,"Comment protégez-vous les informations, documents et accès confiés par les clients ?","Cette information est utilisée pour qualifier le sous-traitant dans la bibliothèque « Comptabilité, fiscalité et finance ».",LONG_TEXT,True,False,[],{},{},provider.acc.base_security,1,10,,,,,BUSINESS,True,ARCHIVE_IF_REFERENCED,True,ACTIVE,1,MATRICIA_GOLD_MASTER_BASELINE
Q-PROV-ACC-BOOKKEEPING-EXPERIENCE,PROV_SERVICE_EXPERIENCE,ACC,ACC-BOOK,ACC-BOOKKEEPING,PROVIDER_QUALIFICATION,Qualification par service,11,"Présentez votre expérience, vos références, votre équipe et votre capacité pour le service « Tenue comptable externalisée ».","Joignez des preuves et indiquez le volume maximal que vous pouvez réaliser en écritures, comptes et mois.",TABLE,True,False,[],{},{},provider.acc_bookkeeping.experience_capacity,1,10,,,,,BUSINESS,True,ARCHIVE_IF_REFERENCED,False,ACTIVE,1,MATRICIA_GOLD_MASTER_BASELINE
Q-PROV-ACC-CLEANUP-EXPERIENCE,PROV_SERVICE_EXPERIENCE,ACC,ACC-BOOK,ACC-CLEANUP,PROVIDER_QUALIFICATION,Qualification par service,12,"Présentez votre expérience, vos références, votre équipe et votre capacité pour le service « Rattrapage et régularisation comptable ».","Joignez des preuves et indiquez le volume maximal que vous pouvez réaliser en mois, écritures et comptes.",TABLE,True,False,[],{},{},provider.acc_cleanup.experience_capacity,1,10,,,,,BUSINESS,True,ARCHIVE_IF_REFERENCED,False,ACTIVE,1,MATRICIA_GOLD_MASTER_BASELINE
Q-PROV-ACC-CLOSE-EXPERIENCE,PROV_SERVICE_EXPERIENCE,ACC,ACC-BOOK,ACC-CLOSE,PROVIDER_QUALIFICATION,Qualification par service,13,"Présentez votre expérience, vos références, votre équipe et votre capacité pour le service « Clôture mensuelle et annuelle ».",Joignez des preuves et indiquez le volume maximal que vous pouvez réaliser en entités et périodes.,TABLE,True,False,[],{},{},provider.acc_close.experience_capacity,1,10,,,,,BUSINESS,True,ARCHIVE_IF_REFERENCED,False,ACTIVE,1,MATRICIA_GOLD_MASTER_BASELINE
Q-PROV-ACC-FS-EXPERIENCE,PROV_SERVICE_EXPERIENCE,ACC,ACC-BOOK,ACC-FS,PROVIDER_QUALIFICATION,Qualification par service,14,"Présentez votre expérience, vos références, votre équipe et votre capacité pour le service « Préparation des états financiers ».",Joignez des preuves et indiquez le volume maximal que vous pouvez réaliser en entités et exercices.,TABLE,True,False,[],{},{},provider.acc_fs.experience_capacity,1,10,,,,,BUSINESS,True,ARCHIVE_IF_REFERENCED,False,ACTIVE,1,MATRICIA_GOLD_MASTER_BASELINE
Q-PROV-ACC-VAT-EXPERIENCE,PROV_SERVICE_EXPERIENCE,ACC,ACC-TAX,ACC-VAT,PROVIDER_QUALIFICATION,Qualification par service,15,"Présentez votre expérience, vos références, votre équipe et votre capacité pour le service « Déclarations de TVA ».",Joignez des preuves et indiquez le volume maximal que vous pouvez réaliser en déclarations et périodes.,TABLE,True,False,[],{},{},provider.acc_vat.experience_capacity,1,10,,,,,BUSINESS,True,ARCHIVE_IF_REFERENCED,False,ACTIVE,1,MATRICIA_GOLD_MASTER_BASELINE
Q-PROV-ACC-CORP-TAX-EXPERIENCE,PROV_SERVICE_EXPERIENCE,ACC,ACC-TAX,ACC-CORP-TAX,PROVIDER_QUALIFICATION,Qualification par service,16,"Présentez votre expérience, vos références, votre équipe et votre capacité pour le service « Déclarations fiscales et impôt sur les sociétés ».",Joignez des preuves et indiquez le volume maximal que vous pouvez réaliser en entités et exercices.,TABLE,True,False,[],{},{},provider.acc_corp_tax.experience_capacity,1,10,,,,,BUSINESS,True,ARCHIVE_IF_REFERENCED,False,ACTIVE,1,MATRICIA_GOLD_MASTER_BASELINE
Q-PROV-ACC-TAX-REVIEW-EXPERIENCE,PROV_SERVICE_EXPERIENCE,ACC,ACC-TAX,ACC-TAX-REVIEW,PROVIDER_QUALIFICATION,Qualification par service,17,"Présentez votre expérience, vos références, votre équipe et votre capacité pour le service « Revue fiscale et diagnostic de conformité ».",Joignez des preuves et indiquez le volume maximal que vous pouvez réaliser en taxes et exercices.,TABLE,True,False,[],{},{},provider.acc_tax_review.experience_capacity,1,10,,,,,BUSINESS,True,ARCHIVE_IF_REFERENCED,False,ACTIVE,1,MATRICIA_GOLD_MASTER_BASELINE
Q-PROV-ACC-TAX-AUDIT-EXPERIENCE,PROV_SERVICE_EXPERIENCE,ACC,ACC-TAX,ACC-TAX-AUDIT,PROVIDER_QUALIFICATION,Qualification par service,18,"Présentez votre expérience, vos références, votre équipe et votre capacité pour le service « Assistance lors d’un contrôle fiscal ».",Joignez des preuves et indiquez le volume maximal que vous pouvez réaliser en notifications et exercices.,TABLE,True,False,[],{},{},provider.acc_tax_audit.experience_capacity,1,10,,,,,BUSINESS,True,ARCHIVE_IF_REFERENCED,False,ACTIVE,1,MATRICIA_GOLD_MASTER_BASELINE
Q-PROV-ACC-BUDGET-EXPERIENCE,PROV_SERVICE_EXPERIENCE,ACC,ACC-CTRL,ACC-BUDGET,PROVIDER_QUALIFICATION,Qualification par service,19,"Présentez votre expérience, vos références, votre équipe et votre capacité pour le service « Budget annuel et prévisions ».","Joignez des preuves et indiquez le volume maximal que vous pouvez réaliser en centres, scénarios et mois.",TABLE,True,False,[],{},{},provider.acc_budget.experience_capacity,1,10,,,,,BUSINESS,True,ARCHIVE_IF_REFERENCED,False,ACTIVE,1,MATRICIA_GOLD_MASTER_BASELINE
Q-PROV-ACC-MGMT-CONTROL-EXPERIENCE,PROV_SERVICE_EXPERIENCE,ACC,ACC-CTRL,ACC-MGMT-CONTROL,PROVIDER_QUALIFICATION,Qualification par service,20,"Présentez votre expérience, vos références, votre équipe et votre capacité pour le service « Mise en place du contrôle de gestion ».",Joignez des preuves et indiquez le volume maximal que vous pouvez réaliser en processus et indicateurs.,TABLE,True,False,[],{},{},provider.acc_mgmt_control.experience_capacity,1,10,,,,,BUSINESS,True,ARCHIVE_IF_REFERENCED,False,ACTIVE,1,MATRICIA_GOLD_MASTER_BASELINE
Q-PROV-ACC-COSTING-EXPERIENCE,PROV_SERVICE_EXPERIENCE,ACC,ACC-CTRL,ACC-COSTING,PROVIDER_QUALIFICATION,Qualification par service,21,"Présentez votre expérience, vos références, votre équipe et votre capacité pour le service « Calcul des coûts et rentabilité par produit ».","Joignez des preuves et indiquez le volume maximal que vous pouvez réaliser en produits, activités et centres.",TABLE,True,False,[],{},{},provider.acc_costing.experience_capacity,1,10,,,,,BUSINESS,True,ARCHIVE_IF_REFERENCED,False,ACTIVE,1,MATRICIA_GOLD_MASTER_BASELINE
Q-PROV-ACC-TREASURY-EXPERIENCE,PROV_SERVICE_EXPERIENCE,ACC,ACC-CASH,ACC-TREASURY,PROVIDER_QUALIFICATION,Qualification par service,22,"Présentez votre expérience, vos références, votre équipe et votre capacité pour le service « Gestion et prévision de trésorerie ».",Joignez des preuves et indiquez le volume maximal que vous pouvez réaliser en comptes et semaines.,TABLE,True,False,[],{},{},provider.acc_treasury.experience_capacity,1,10,,,,,BUSINESS,True,ARCHIVE_IF_REFERENCED,False,ACTIVE,1,MATRICIA_GOLD_MASTER_BASELINE
Q-PROV-ACC-COLLECTION-EXPERIENCE,PROV_SERVICE_EXPERIENCE,ACC,ACC-CASH,ACC-COLLECTION,PROVIDER_QUALIFICATION,Qualification par service,23,"Présentez votre expérience, vos références, votre équipe et votre capacité pour le service « Optimisation du recouvrement client ».",Joignez des preuves et indiquez le volume maximal que vous pouvez réaliser en factures et clients.,TABLE,True,False,[],{},{},provider.acc_collection.experience_capacity,1,10,,,,,BUSINESS,True,ARCHIVE_IF_REFERENCED,False,ACTIVE,1,MATRICIA_GOLD_MASTER_BASELINE
Q-PROV-ACC-INVOICING-EXPERIENCE,PROV_SERVICE_EXPERIENCE,ACC,ACC-CASH,ACC-INVOICING,PROVIDER_QUALIFICATION,Qualification par service,24,"Présentez votre expérience, vos références, votre équipe et votre capacité pour le service « Mise en place de la facturation et des contrôles ».",Joignez des preuves et indiquez le volume maximal que vous pouvez réaliser en factures et utilisateurs.,TABLE,True,False,[],{},{},provider.acc_invoicing.experience_capacity,1,10,,,,,BUSINESS,True,ARCHIVE_IF_REFERENCED,False,ACTIVE,1,MATRICIA_GOLD_MASTER_BASELINE
Q-PROV-ACC-FIN-MODEL-EXPERIENCE,PROV_SERVICE_EXPERIENCE,ACC,ACC-FIN,ACC-FIN-MODEL,PROVIDER_QUALIFICATION,Qualification par service,25,"Présentez votre expérience, vos références, votre équipe et votre capacité pour le service « Modèle financier et business plan ».",Joignez des preuves et indiquez le volume maximal que vous pouvez réaliser en années et scénarios.,TABLE,True,False,[],{},{},provider.acc_fin_model.experience_capacity,1,10,,,,,BUSINESS,True,ARCHIVE_IF_REFERENCED,False,ACTIVE,1,MATRICIA_GOLD_MASTER_BASELINE
Q-PROV-ACC-FUNDING-EXPERIENCE,PROV_SERVICE_EXPERIENCE,ACC,ACC-FIN,ACC-FUNDING,PROVIDER_QUALIFICATION,Qualification par service,26,"Présentez votre expérience, vos références, votre équipe et votre capacité pour le service « Préparation d’un dossier de financement ».",Joignez des preuves et indiquez le volume maximal que vous pouvez réaliser en banques et montants.,TABLE,True,False,[],{},{},provider.acc_funding.experience_capacity,1,10,,,,,BUSINESS,True,ARCHIVE_IF_REFERENCED,False,ACTIVE,1,MATRICIA_GOLD_MASTER_BASELINE
Q-PROV-ACC-AUDIT-PREP-EXPERIENCE,PROV_SERVICE_EXPERIENCE,ACC,ACC-AUDIT,ACC-AUDIT-PREP,PROVIDER_QUALIFICATION,Qualification par service,27,"Présentez votre expérience, vos références, votre équipe et votre capacité pour le service « Préparation à l’audit financier ».",Joignez des preuves et indiquez le volume maximal que vous pouvez réaliser en entités et cycles.,TABLE,True,False,[],{},{},provider.acc_audit_prep.experience_capacity,1,10,,,,,BUSINESS,True,ARCHIVE_IF_REFERENCED,False,ACTIVE,1,MATRICIA_GOLD_MASTER_BASELINE
Q-PROV-ACC-DUE-DIL-EXPERIENCE,PROV_SERVICE_EXPERIENCE,ACC,ACC-AUDIT,ACC-DUE-DIL,PROVIDER_QUALIFICATION,Qualification par service,28,"Présentez votre expérience, vos références, votre équipe et votre capacité pour le service « Due diligence financière ».",Joignez des preuves et indiquez le volume maximal que vous pouvez réaliser en entités et années.,TABLE,True,False,[],{},{},provider.acc_due_dil.experience_capacity,1,10,,,,,BUSINESS,True,ARCHIVE_IF_REFERENCED,False,ACTIVE,1,MATRICIA_GOLD_MASTER_BASELINE
Q-PROV-ACC-SOFTWARE-EXPERIENCE,PROV_SERVICE_EXPERIENCE,ACC,ACC-SYS,ACC-SOFTWARE,PROVIDER_QUALIFICATION,Qualification par service,29,"Présentez votre expérience, vos références, votre équipe et votre capacité pour le service « Choix et déploiement d’un logiciel comptable ».",Joignez des preuves et indiquez le volume maximal que vous pouvez réaliser en utilisateurs et entités.,TABLE,True,False,[],{},{},provider.acc_software.experience_capacity,1,10,,,,,BUSINESS,True,ARCHIVE_IF_REFERENCED,False,ACTIVE,1,MATRICIA_GOLD_MASTER_BASELINE
Q-PROV-ACC-INVENTORY-EXPERIENCE,PROV_SERVICE_EXPERIENCE,ACC,ACC-SPECIAL,ACC-INVENTORY,PROVIDER_QUALIFICATION,Qualification par service,30,"Présentez votre expérience, vos références, votre équipe et votre capacité pour le service « Inventaire physique et valorisation des stocks ».","Joignez des preuves et indiquez le volume maximal que vous pouvez réaliser en références, sites et unités.",TABLE,True,False,[],{},{},provider.acc_inventory.experience_capacity,1,10,,,,,BUSINESS,True,ARCHIVE_IF_REFERENCED,False,ACTIVE,1,MATRICIA_GOLD_MASTER_BASELINE
Q-PROV-LEGAL-BASE-LEGAL,PROV_COMMON_LEGAL,LEGAL,,,PROVIDER_QUALIFICATION,Qualification générale,1,Votre entreprise est-elle administrativement active et autorisée à fournir les prestations de cette bibliothèque ?,"Cette information est utilisée pour qualifier le sous-traitant dans la bibliothèque « Juridique, conformité et gouvernance ».",YES_NO,True,False,[],{},{},provider.legal.base_legal,1,10,,,,,BUSINESS,True,ARCHIVE_IF_REFERENCED,True,ACTIVE,1,MATRICIA_GOLD_MASTER_BASELINE
Q-PROV-LEGAL-BASE-INSURANCE,PROV_COMMON_INSURANCE,LEGAL,,,PROVIDER_QUALIFICATION,Qualification générale,2,Disposez-vous d’une assurance responsabilité professionnelle adaptée aux services proposés ?,"Cette information est utilisée pour qualifier le sous-traitant dans la bibliothèque « Juridique, conformité et gouvernance ».",YES_NO,True,False,[],{},{},provider.legal.base_insurance,1,10,,,,,BUSINESS,True,ARCHIVE_IF_REFERENCED,True,ACTIVE,1,MATRICIA_GOLD_MASTER_BASELINE
Q-PROV-LEGAL-BASE-TEAM,PROV_COMMON_TEAM,LEGAL,,,PROVIDER_QUALIFICATION,Qualification générale,3,"Décrivez la taille, les rôles et l’expérience de l’équipe affectable à cette bibliothèque.","Cette information est utilisée pour qualifier le sous-traitant dans la bibliothèque « Juridique, conformité et gouvernance ».",TABLE,True,False,[],{},{},provider.legal.base_team,1,10,,,,,BUSINESS,True,ARCHIVE_IF_REFERENCED,False,ACTIVE,1,MATRICIA_GOLD_MASTER_BASELINE
Q-PROV-LEGAL-BASE-REFERENCES,PROV_COMMON_REFERENCES,LEGAL,,,PROVIDER_QUALIFICATION,Qualification générale,4,Fournissez au moins trois références comparables réalisées récemment.,"Cette information est utilisée pour qualifier le sous-traitant dans la bibliothèque « Juridique, conformité et gouvernance ».",TABLE,True,False,[],{},{},provider.legal.base_references,1,10,,,,,BUSINESS,True,ARCHIVE_IF_REFERENCED,False,ACTIVE,1,MATRICIA_GOLD_MASTER_BASELINE
Q-PROV-LEGAL-BASE-CAPACITY,PROV_COMMON_CAPACITY,LEGAL,,,PROVIDER_QUALIFICATION,Qualification générale,5,Quelle capacité mensuelle pouvez-vous garantir sans dégrader la qualité ?,"Cette information est utilisée pour qualifier le sous-traitant dans la bibliothèque « Juridique, conformité et gouvernance ».",QUANTITY,True,False,[],{},{},provider.legal.base_capacity,1,10,,,,,BUSINESS,True,ARCHIVE_IF_REFERENCED,False,ACTIVE,1,MATRICIA_GOLD_MASTER_BASELINE
Q-PROV-LEGAL-BASE-REGIONS,PROV_COMMON_REGIONS,LEGAL,,,PROVIDER_QUALIFICATION,Qualification générale,6,Dans quelles régions pouvez-vous intervenir sur site et à distance ?,"Cette information est utilisée pour qualifier le sous-traitant dans la bibliothèque « Juridique, conformité et gouvernance ».",MULTIPLE_CHOICE,True,False,[],{},{},provider.legal.base_regions,1,10,,,,,BUSINESS,True,ARCHIVE_IF_REFERENCED,False,ACTIVE,1,MATRICIA_GOLD_MASTER_BASELINE
Q-PROV-LEGAL-BASE-SLA,PROV_COMMON_SLA,LEGAL,,,PROVIDER_QUALIFICATION,Qualification générale,7,"Quels délais de réponse, démarrage, correction et support pouvez-vous garantir ?","Cette information est utilisée pour qualifier le sous-traitant dans la bibliothèque « Juridique, conformité et gouvernance ».",TABLE,True,False,[],{},{},provider.legal.base_sla,1,10,,,,,BUSINESS,True,ARCHIVE_IF_REFERENCED,False,ACTIVE,1,MATRICIA_GOLD_MASTER_BASELINE
Q-PROV-LEGAL-BASE-QUALITY,PROV_COMMON_QUALITY,LEGAL,,,PROVIDER_QUALIFICATION,Qualification générale,8,Quel processus de contrôle qualité appliquez-vous avant livraison ?,"Cette information est utilisée pour qualifier le sous-traitant dans la bibliothèque « Juridique, conformité et gouvernance ».",LONG_TEXT,True,False,[],{},{},provider.legal.base_quality,1,10,,,,,BUSINESS,True,ARCHIVE_IF_REFERENCED,False,ACTIVE,1,MATRICIA_GOLD_MASTER_BASELINE
Q-PROV-LEGAL-BASE-SUBCONTRACTING,PROV_COMMON_SUBCONTRACTING,LEGAL,,,PROVIDER_QUALIFICATION,Qualification générale,9,"Recourez-vous à de la sous-traitance secondaire et, si oui, comment la contrôlez-vous ?","Cette information est utilisée pour qualifier le sous-traitant dans la bibliothèque « Juridique, conformité et gouvernance ».",LONG_TEXT,True,False,[],{},{},provider.legal.base_subcontracting,1,10,,,,,BUSINESS,True,ARCHIVE_IF_REFERENCED,False,ACTIVE,1,MATRICIA_GOLD_MASTER_BASELINE
Q-PROV-LEGAL-BASE-SECURITY,PROV_COMMON_SECURITY,LEGAL,,,PROVIDER_QUALIFICATION,Qualification générale,10,"Comment protégez-vous les informations, documents et accès confiés par les clients ?","Cette information est utilisée pour qualifier le sous-traitant dans la bibliothèque « Juridique, conformité et gouvernance ».",LONG_TEXT,True,False,[],{},{},provider.legal.base_security,1,10,,,,,BUSINESS,True,ARCHIVE_IF_REFERENCED,True,ACTIVE,1,MATRICIA_GOLD_MASTER_BASELINE
Q-PROV-LEGAL-CREATE-EXPERIENCE,PROV_SERVICE_EXPERIENCE,LEGAL,LEGAL-CORP,LEGAL-CREATE,PROVIDER_QUALIFICATION,Qualification par service,11,"Présentez votre expérience, vos références, votre équipe et votre capacité pour le service « Création et structuration de société ».",Joignez des preuves et indiquez le volume maximal que vous pouvez réaliser en associés et entités.,TABLE,True,False,[],{},{},provider.legal_create.experience_capacity,1,10,,,,,BUSINESS,True,ARCHIVE_IF_REFERENCED,False,ACTIVE,1,MATRICIA_GOLD_MASTER_BASELINE
Q-PROV-LEGAL-CORP-SECRETARY-EXPERIENCE,PROV_SERVICE_EXPERIENCE,LEGAL,LEGAL-CORP,LEGAL-CORP-SECRETARY,PROVIDER_QUALIFICATION,Qualification par service,12,"Présentez votre expérience, vos références, votre équipe et votre capacité pour le service « Secrétariat juridique annuel ».",Joignez des preuves et indiquez le volume maximal que vous pouvez réaliser en entités et actes.,TABLE,True,False,[],{},{},provider.legal_corp_secretary.experience_capacity,1,10,,,,,BUSINESS,True,ARCHIVE_IF_REFERENCED,False,ACTIVE,1,MATRICIA_GOLD_MASTER_BASELINE
Q-PROV-LEGAL-GOV-EXPERIENCE,PROV_SERVICE_EXPERIENCE,LEGAL,LEGAL-CORP,LEGAL-GOV,PROVIDER_QUALIFICATION,Qualification par service,13,"Présentez votre expérience, vos références, votre équipe et votre capacité pour le service « Mise en place de la gouvernance et délégations ».",Joignez des preuves et indiquez le volume maximal que vous pouvez réaliser en organes et décisions.,TABLE,True,False,[],{},{},provider.legal_gov.experience_capacity,1,10,,,,,BUSINESS,True,ARCHIVE_IF_REFERENCED,False,ACTIVE,1,MATRICIA_GOLD_MASTER_BASELINE
Q-PROV-LEGAL-CONTRACT-DRAFT-EXPERIENCE,PROV_SERVICE_EXPERIENCE,LEGAL,LEGAL-CONTRACT,LEGAL-CONTRACT-DRAFT,PROVIDER_QUALIFICATION,Qualification par service,14,"Présentez votre expérience, vos références, votre équipe et votre capacité pour le service « Rédaction de contrat commercial ».",Joignez des preuves et indiquez le volume maximal que vous pouvez réaliser en contrats et parties.,TABLE,True,False,[],{},{},provider.legal_contract_draft.experience_capacity,1,10,,,,,BUSINESS,True,ARCHIVE_IF_REFERENCED,False,ACTIVE,1,MATRICIA_GOLD_MASTER_BASELINE
Q-PROV-LEGAL-CONTRACT-REVIEW-EXPERIENCE,PROV_SERVICE_EXPERIENCE,LEGAL,LEGAL-CONTRACT,LEGAL-CONTRACT-REVIEW,PROVIDER_QUALIFICATION,Qualification par service,15,"Présentez votre expérience, vos références, votre équipe et votre capacité pour le service « Revue et négociation de contrat ».",Joignez des preuves et indiquez le volume maximal que vous pouvez réaliser en contrats et versions.,TABLE,True,False,[],{},{},provider.legal_contract_review.experience_capacity,1,10,,,,,BUSINESS,True,ARCHIVE_IF_REFERENCED,False,ACTIVE,1,MATRICIA_GOLD_MASTER_BASELINE
Q-PROV-LEGAL-GTC-EXPERIENCE,PROV_SERVICE_EXPERIENCE,LEGAL,LEGAL-CONTRACT,LEGAL-GTC,PROVIDER_QUALIFICATION,Qualification par service,16,"Présentez votre expérience, vos références, votre équipe et votre capacité pour le service « Conditions générales de vente ou d’utilisation ».",Joignez des preuves et indiquez le volume maximal que vous pouvez réaliser en canaux et offres.,TABLE,True,False,[],{},{},provider.legal_gtc.experience_capacity,1,10,,,,,BUSINESS,True,ARCHIVE_IF_REFERENCED,False,ACTIVE,1,MATRICIA_GOLD_MASTER_BASELINE
Q-PROV-LEGAL-EMPLOYMENT-EXPERIENCE,PROV_SERVICE_EXPERIENCE,LEGAL,LEGAL-LABOR,LEGAL-EMPLOYMENT,PROVIDER_QUALIFICATION,Qualification par service,17,"Présentez votre expérience, vos références, votre équipe et votre capacité pour le service « Contrats de travail et documents RH ».",Joignez des preuves et indiquez le volume maximal que vous pouvez réaliser en salariés et modèles.,TABLE,True,False,[],{},{},provider.legal_employment.experience_capacity,1,10,,,,,BUSINESS,True,ARCHIVE_IF_REFERENCED,False,ACTIVE,1,MATRICIA_GOLD_MASTER_BASELINE
Q-PROV-LEGAL-HR-DISPUTE-EXPERIENCE,PROV_SERVICE_EXPERIENCE,LEGAL,LEGAL-LABOR,LEGAL-HR-DISPUTE,PROVIDER_QUALIFICATION,Qualification par service,18,"Présentez votre expérience, vos références, votre équipe et votre capacité pour le service « Assistance en conflit ou procédure disciplinaire ».",Joignez des preuves et indiquez le volume maximal que vous pouvez réaliser en salariés et incidents.,TABLE,True,False,[],{},{},provider.legal_hr_dispute.experience_capacity,1,10,,,,,BUSINESS,True,ARCHIVE_IF_REFERENCED,False,ACTIVE,1,MATRICIA_GOLD_MASTER_BASELINE
Q-PROV-LEGAL-TRADEMARK-EXPERIENCE,PROV_SERVICE_EXPERIENCE,LEGAL,LEGAL-IP,LEGAL-TRADEMARK,PROVIDER_QUALIFICATION,Qualification par service,19,"Présentez votre expérience, vos références, votre équipe et votre capacité pour le service « Dépôt et protection de marque ».",Joignez des preuves et indiquez le volume maximal que vous pouvez réaliser en marques et classes.,TABLE,True,False,[],{},{},provider.legal_trademark.experience_capacity,1,10,,,,,BUSINESS,True,ARCHIVE_IF_REFERENCED,False,ACTIVE,1,MATRICIA_GOLD_MASTER_BASELINE
Q-PROV-LEGAL-IP-CONTRACT-EXPERIENCE,PROV_SERVICE_EXPERIENCE,LEGAL,LEGAL-IP,LEGAL-IP-CONTRACT,PROVIDER_QUALIFICATION,Qualification par service,20,"Présentez votre expérience, vos références, votre équipe et votre capacité pour le service « Contrats de propriété intellectuelle et licences ».","Joignez des preuves et indiquez le volume maximal que vous pouvez réaliser en œuvres, logiciels et territoires.",TABLE,True,False,[],{},{},provider.legal_ip_contract.experience_capacity,1,10,,,,,BUSINESS,True,ARCHIVE_IF_REFERENCED,False,ACTIVE,1,MATRICIA_GOLD_MASTER_BASELINE
Q-PROV-LEGAL-PRIVACY-EXPERIENCE,PROV_SERVICE_EXPERIENCE,LEGAL,LEGAL-IP,LEGAL-PRIVACY,PROVIDER_QUALIFICATION,Qualification par service,21,"Présentez votre expérience, vos références, votre équipe et votre capacité pour le service « Conformité données personnelles et politique de confidentialité ».",Joignez des preuves et indiquez le volume maximal que vous pouvez réaliser en traitements et sites.,TABLE,True,False,[],{},{},provider.legal_privacy.experience_capacity,1,10,,,,,BUSINESS,True,ARCHIVE_IF_REFERENCED,False,ACTIVE,1,MATRICIA_GOLD_MASTER_BASELINE
Q-PROV-LEGAL-COMPLIANCE-AUDIT-EXPERIENCE,PROV_SERVICE_EXPERIENCE,LEGAL,LEGAL-COMP,LEGAL-COMPLIANCE-AUDIT,PROVIDER_QUALIFICATION,Qualification par service,22,"Présentez votre expérience, vos références, votre équipe et votre capacité pour le service « Audit de conformité réglementaire ».",Joignez des preuves et indiquez le volume maximal que vous pouvez réaliser en réglementations et processus.,TABLE,True,False,[],{},{},provider.legal_compliance_audit.experience_capacity,1,10,,,,,BUSINESS,True,ARCHIVE_IF_REFERENCED,False,ACTIVE,1,MATRICIA_GOLD_MASTER_BASELINE
Q-PROV-LEGAL-ETHICS-EXPERIENCE,PROV_SERVICE_EXPERIENCE,LEGAL,LEGAL-COMP,LEGAL-ETHICS,PROVIDER_QUALIFICATION,Qualification par service,23,"Présentez votre expérience, vos références, votre équipe et votre capacité pour le service « Code éthique, anticorruption et dispositif d’alerte ».",Joignez des preuves et indiquez le volume maximal que vous pouvez réaliser en entités et salariés.,TABLE,True,False,[],{},{},provider.legal_ethics.experience_capacity,1,10,,,,,BUSINESS,True,ARCHIVE_IF_REFERENCED,False,ACTIVE,1,MATRICIA_GOLD_MASTER_BASELINE
Q-PROV-LEGAL-LICENSE-EXPERIENCE,PROV_SERVICE_EXPERIENCE,LEGAL,LEGAL-COMP,LEGAL-LICENSE,PROVIDER_QUALIFICATION,Qualification par service,24,"Présentez votre expérience, vos références, votre équipe et votre capacité pour le service « Obtention ou renouvellement d’agrément/licence ».",Joignez des preuves et indiquez le volume maximal que vous pouvez réaliser en autorisations et sites.,TABLE,True,False,[],{},{},provider.legal_license.experience_capacity,1,10,,,,,BUSINESS,True,ARCHIVE_IF_REFERENCED,False,ACTIVE,1,MATRICIA_GOLD_MASTER_BASELINE
Q-PROV-LEGAL-DEBT-RECOVERY-EXPERIENCE,PROV_SERVICE_EXPERIENCE,LEGAL,LEGAL-DISPUTE,LEGAL-DEBT-RECOVERY,PROVIDER_QUALIFICATION,Qualification par service,25,"Présentez votre expérience, vos références, votre équipe et votre capacité pour le service « Recouvrement amiable et juridique ».",Joignez des preuves et indiquez le volume maximal que vous pouvez réaliser en débiteurs et créances.,TABLE,True,False,[],{},{},provider.legal_debt_recovery.experience_capacity,1,10,,,,,BUSINESS,True,ARCHIVE_IF_REFERENCED,False,ACTIVE,1,MATRICIA_GOLD_MASTER_BASELINE
Q-PROV-LEGAL-PRE-LITIGATION-EXPERIENCE,PROV_SERVICE_EXPERIENCE,LEGAL,LEGAL-DISPUTE,LEGAL-PRE-LITIGATION,PROVIDER_QUALIFICATION,Qualification par service,26,"Présentez votre expérience, vos références, votre équipe et votre capacité pour le service « Mise en demeure et stratégie précontentieuse ».",Joignez des preuves et indiquez le volume maximal que vous pouvez réaliser en litiges et parties.,TABLE,True,False,[],{},{},provider.legal_pre_litigation.experience_capacity,1,10,,,,,BUSINESS,True,ARCHIVE_IF_REFERENCED,False,ACTIVE,1,MATRICIA_GOLD_MASTER_BASELINE
Q-PROV-LEGAL-LITIGATION-EXPERIENCE,PROV_SERVICE_EXPERIENCE,LEGAL,LEGAL-DISPUTE,LEGAL-LITIGATION,PROVIDER_QUALIFICATION,Qualification par service,27,"Présentez votre expérience, vos références, votre équipe et votre capacité pour le service « Coordination et suivi d’un contentieux ».",Joignez des preuves et indiquez le volume maximal que vous pouvez réaliser en dossiers et audiences.,TABLE,True,False,[],{},{},provider.legal_litigation.experience_capacity,1,10,,,,,BUSINESS,True,ARCHIVE_IF_REFERENCED,False,ACTIVE,1,MATRICIA_GOLD_MASTER_BASELINE
Q-PROV-LEGAL-LEASE-EXPERIENCE,PROV_SERVICE_EXPERIENCE,LEGAL,LEGAL-REAL,LEGAL-LEASE,PROVIDER_QUALIFICATION,Qualification par service,28,"Présentez votre expérience, vos références, votre équipe et votre capacité pour le service « Rédaction ou revue de bail commercial ».",Joignez des preuves et indiquez le volume maximal que vous pouvez réaliser en locaux et parties.,TABLE,True,False,[],{},{},provider.legal_lease.experience_capacity,1,10,,,,,BUSINESS,True,ARCHIVE_IF_REFERENCED,False,ACTIVE,1,MATRICIA_GOLD_MASTER_BASELINE
Q-PROV-LEGAL-SHA-EXPERIENCE,PROV_SERVICE_EXPERIENCE,LEGAL,LEGAL-TRANS,LEGAL-SHA,PROVIDER_QUALIFICATION,Qualification par service,29,"Présentez votre expérience, vos références, votre équipe et votre capacité pour le service « Pacte d’associés ou convention de partenariat ».",Joignez des preuves et indiquez le volume maximal que vous pouvez réaliser en associés et décisions.,TABLE,True,False,[],{},{},provider.legal_sha.experience_capacity,1,10,,,,,BUSINESS,True,ARCHIVE_IF_REFERENCED,False,ACTIVE,1,MATRICIA_GOLD_MASTER_BASELINE
Q-PROV-LEGAL-FRANCHISE-EXPERIENCE,PROV_SERVICE_EXPERIENCE,LEGAL,LEGAL-TRANS,LEGAL-FRANCHISE,PROVIDER_QUALIFICATION,Qualification par service,30,"Présentez votre expérience, vos références, votre équipe et votre capacité pour le service « Contrat et structuration de franchise ».",Joignez des preuves et indiquez le volume maximal que vous pouvez réaliser en franchisés et territoires.,TABLE,True,False,[],{},{},provider.legal_franchise.experience_capacity,1,10,,,,,BUSINESS,True,ARCHIVE_IF_REFERENCED,False,ACTIVE,1,MATRICIA_GOLD_MASTER_BASELINE
Q-PROV-HR-BASE-LEGAL,PROV_COMMON_LEGAL,HR,,,PROVIDER_QUALIFICATION,Qualification générale,1,Votre entreprise est-elle administrativement active et autorisée à fournir les prestations de cette bibliothèque ?,Cette information est utilisée pour qualifier le sous-traitant dans la bibliothèque « Ressources humaines et formation ».,YES_NO,True,False,[],{},{},provider.hr.base_legal,1,10,,,,,BUSINESS,True,ARCHIVE_IF_REFERENCED,True,ACTIVE,1,MATRICIA_GOLD_MASTER_BASELINE
Q-PROV-HR-BASE-INSURANCE,PROV_COMMON_INSURANCE,HR,,,PROVIDER_QUALIFICATION,Qualification générale,2,Disposez-vous d’une assurance responsabilité professionnelle adaptée aux services proposés ?,Cette information est utilisée pour qualifier le sous-traitant dans la bibliothèque « Ressources humaines et formation ».,YES_NO,True,False,[],{},{},provider.hr.base_insurance,1,10,,,,,BUSINESS,True,ARCHIVE_IF_REFERENCED,True,ACTIVE,1,MATRICIA_GOLD_MASTER_BASELINE
Q-PROV-HR-BASE-TEAM,PROV_COMMON_TEAM,HR,,,PROVIDER_QUALIFICATION,Qualification générale,3,"Décrivez la taille, les rôles et l’expérience de l’équipe affectable à cette bibliothèque.",Cette information est utilisée pour qualifier le sous-traitant dans la bibliothèque « Ressources humaines et formation ».,TABLE,True,False,[],{},{},provider.hr.base_team,1,10,,,,,BUSINESS,True,ARCHIVE_IF_REFERENCED,False,ACTIVE,1,MATRICIA_GOLD_MASTER_BASELINE
Q-PROV-HR-BASE-REFERENCES,PROV_COMMON_REFERENCES,HR,,,PROVIDER_QUALIFICATION,Qualification générale,4,Fournissez au moins trois références comparables réalisées récemment.,Cette information est utilisée pour qualifier le sous-traitant dans la bibliothèque « Ressources humaines et formation ».,TABLE,True,False,[],{},{},provider.hr.base_references,1,10,,,,,BUSINESS,True,ARCHIVE_IF_REFERENCED,False,ACTIVE,1,MATRICIA_GOLD_MASTER_BASELINE
Q-PROV-HR-BASE-CAPACITY,PROV_COMMON_CAPACITY,HR,,,PROVIDER_QUALIFICATION,Qualification générale,5,Quelle capacité mensuelle pouvez-vous garantir sans dégrader la qualité ?,Cette information est utilisée pour qualifier le sous-traitant dans la bibliothèque « Ressources humaines et formation ».,QUANTITY,True,False,[],{},{},provider.hr.base_capacity,1,10,,,,,BUSINESS,True,ARCHIVE_IF_REFERENCED,False,ACTIVE,1,MATRICIA_GOLD_MASTER_BASELINE
Q-PROV-HR-BASE-REGIONS,PROV_COMMON_REGIONS,HR,,,PROVIDER_QUALIFICATION,Qualification générale,6,Dans quelles régions pouvez-vous intervenir sur site et à distance ?,Cette information est utilisée pour qualifier le sous-traitant dans la bibliothèque « Ressources humaines et formation ».,MULTIPLE_CHOICE,True,False,[],{},{},provider.hr.base_regions,1,10,,,,,BUSINESS,True,ARCHIVE_IF_REFERENCED,False,ACTIVE,1,MATRICIA_GOLD_MASTER_BASELINE
Q-PROV-HR-BASE-SLA,PROV_COMMON_SLA,HR,,,PROVIDER_QUALIFICATION,Qualification générale,7,"Quels délais de réponse, démarrage, correction et support pouvez-vous garantir ?",Cette information est utilisée pour qualifier le sous-traitant dans la bibliothèque « Ressources humaines et formation ».,TABLE,True,False,[],{},{},provider.hr.base_sla,1,10,,,,,BUSINESS,True,ARCHIVE_IF_REFERENCED,False,ACTIVE,1,MATRICIA_GOLD_MASTER_BASELINE
Q-PROV-HR-BASE-QUALITY,PROV_COMMON_QUALITY,HR,,,PROVIDER_QUALIFICATION,Qualification générale,8,Quel processus de contrôle qualité appliquez-vous avant livraison ?,Cette information est utilisée pour qualifier le sous-traitant dans la bibliothèque « Ressources humaines et formation ».,LONG_TEXT,True,False,[],{},{},provider.hr.base_quality,1,10,,,,,BUSINESS,True,ARCHIVE_IF_REFERENCED,False,ACTIVE,1,MATRICIA_GOLD_MASTER_BASELINE
Q-PROV-HR-BASE-SUBCONTRACTING,PROV_COMMON_SUBCONTRACTING,HR,,,PROVIDER_QUALIFICATION,Qualification générale,9,"Recourez-vous à de la sous-traitance secondaire et, si oui, comment la contrôlez-vous ?",Cette information est utilisée pour qualifier le sous-traitant dans la bibliothèque « Ressources humaines et formation ».,LONG_TEXT,True,False,[],{},{},provider.hr.base_subcontracting,1,10,,,,,BUSINESS,True,ARCHIVE_IF_REFERENCED,False,ACTIVE,1,MATRICIA_GOLD_MASTER_BASELINE
Q-PROV-HR-BASE-SECURITY,PROV_COMMON_SECURITY,HR,,,PROVIDER_QUALIFICATION,Qualification générale,10,"Comment protégez-vous les informations, documents et accès confiés par les clients ?",Cette information est utilisée pour qualifier le sous-traitant dans la bibliothèque « Ressources humaines et formation ».,LONG_TEXT,True,False,[],{},{},provider.hr.base_security,1,10,,,,,BUSINESS,True,ARCHIVE_IF_REFERENCED,True,ACTIVE,1,MATRICIA_GOLD_MASTER_BASELINE
Q-PROV-HR-AUDIT-EXPERIENCE,PROV_SERVICE_EXPERIENCE,HR,HR-STRAT,HR-AUDIT,PROVIDER_QUALIFICATION,Qualification par service,11,"Présentez votre expérience, vos références, votre équipe et votre capacité pour le service « Audit RH et plan d’action ».",Joignez des preuves et indiquez le volume maximal que vous pouvez réaliser en salariés et sites.,TABLE,True,False,[],{},{},provider.hr_audit.experience_capacity,1,10,,,,,BUSINESS,True,ARCHIVE_IF_REFERENCED,False,ACTIVE,1,MATRICIA_GOLD_MASTER_BASELINE
Q-PROV-HR-WORKFORCE-EXPERIENCE,PROV_SERVICE_EXPERIENCE,HR,HR-STRAT,HR-WORKFORCE,PROVIDER_QUALIFICATION,Qualification par service,12,"Présentez votre expérience, vos références, votre équipe et votre capacité pour le service « Planification des effectifs et emplois ».",Joignez des preuves et indiquez le volume maximal que vous pouvez réaliser en postes et années.,TABLE,True,False,[],{},{},provider.hr_workforce.experience_capacity,1,10,,,,,BUSINESS,True,ARCHIVE_IF_REFERENCED,False,ACTIVE,1,MATRICIA_GOLD_MASTER_BASELINE
Q-PROV-HR-JOB-DESC-EXPERIENCE,PROV_SERVICE_EXPERIENCE,HR,HR-STRAT,HR-JOB-DESC,PROVIDER_QUALIFICATION,Qualification par service,13,"Présentez votre expérience, vos références, votre équipe et votre capacité pour le service « Fiches de poste et référentiel métiers ».",Joignez des preuves et indiquez le volume maximal que vous pouvez réaliser en postes et familles.,TABLE,True,False,[],{},{},provider.hr_job_desc.experience_capacity,1,10,,,,,BUSINESS,True,ARCHIVE_IF_REFERENCED,False,ACTIVE,1,MATRICIA_GOLD_MASTER_BASELINE
Q-PROV-HR-RECRUIT-EXPERIENCE,PROV_SERVICE_EXPERIENCE,HR,HR-REC,HR-RECRUIT,PROVIDER_QUALIFICATION,Qualification par service,14,"Présentez votre expérience, vos références, votre équipe et votre capacité pour le service « Recrutement de profils ».",Joignez des preuves et indiquez le volume maximal que vous pouvez réaliser en postes et candidats.,TABLE,True,False,[],{},{},provider.hr_recruit.experience_capacity,1,10,,,,,BUSINESS,True,ARCHIVE_IF_REFERENCED,False,ACTIVE,1,MATRICIA_GOLD_MASTER_BASELINE
Q-PROV-HR-EXEC-SEARCH-EXPERIENCE,PROV_SERVICE_EXPERIENCE,HR,HR-REC,HR-EXEC-SEARCH,PROVIDER_QUALIFICATION,Qualification par service,15,"Présentez votre expérience, vos références, votre équipe et votre capacité pour le service « Chasse de cadres et dirigeants ».",Joignez des preuves et indiquez le volume maximal que vous pouvez réaliser en postes et marchés.,TABLE,True,False,[],{},{},provider.hr_exec_search.experience_capacity,1,10,,,,,BUSINESS,True,ARCHIVE_IF_REFERENCED,False,ACTIVE,1,MATRICIA_GOLD_MASTER_BASELINE
Q-PROV-HR-ONBOARD-EXPERIENCE,PROV_SERVICE_EXPERIENCE,HR,HR-REC,HR-ONBOARD,PROVIDER_QUALIFICATION,Qualification par service,16,"Présentez votre expérience, vos références, votre équipe et votre capacité pour le service « Parcours d’intégration des nouveaux salariés ».",Joignez des preuves et indiquez le volume maximal que vous pouvez réaliser en postes et sites.,TABLE,True,False,[],{},{},provider.hr_onboard.experience_capacity,1,10,,,,,BUSINESS,True,ARCHIVE_IF_REFERENCED,False,ACTIVE,1,MATRICIA_GOLD_MASTER_BASELINE
Q-PROV-HR-PERFORMANCE-EXPERIENCE,PROV_SERVICE_EXPERIENCE,HR,HR-PERF,HR-PERFORMANCE,PROVIDER_QUALIFICATION,Qualification par service,17,"Présentez votre expérience, vos références, votre équipe et votre capacité pour le service « Système d’évaluation de la performance ».",Joignez des preuves et indiquez le volume maximal que vous pouvez réaliser en salariés et cycles.,TABLE,True,False,[],{},{},provider.hr_performance.experience_capacity,1,10,,,,,BUSINESS,True,ARCHIVE_IF_REFERENCED,False,ACTIVE,1,MATRICIA_GOLD_MASTER_BASELINE
Q-PROV-HR-COMPETENCY-EXPERIENCE,PROV_SERVICE_EXPERIENCE,HR,HR-PERF,HR-COMPETENCY,PROVIDER_QUALIFICATION,Qualification par service,18,"Présentez votre expérience, vos références, votre équipe et votre capacité pour le service « Référentiel de compétences et gestion des carrières ».",Joignez des preuves et indiquez le volume maximal que vous pouvez réaliser en métiers et niveaux.,TABLE,True,False,[],{},{},provider.hr_competency.experience_capacity,1,10,,,,,BUSINESS,True,ARCHIVE_IF_REFERENCED,False,ACTIVE,1,MATRICIA_GOLD_MASTER_BASELINE
Q-PROV-HR-SUCCESSION-EXPERIENCE,PROV_SERVICE_EXPERIENCE,HR,HR-PERF,HR-SUCCESSION,PROVIDER_QUALIFICATION,Qualification par service,19,"Présentez votre expérience, vos références, votre équipe et votre capacité pour le service « Plans de succession et hauts potentiels ».",Joignez des preuves et indiquez le volume maximal que vous pouvez réaliser en postes clés et talents.,TABLE,True,False,[],{},{},provider.hr_succession.experience_capacity,1,10,,,,,BUSINESS,True,ARCHIVE_IF_REFERENCED,False,ACTIVE,1,MATRICIA_GOLD_MASTER_BASELINE
Q-PROV-HR-COMP-BEN-EXPERIENCE,PROV_SERVICE_EXPERIENCE,HR,HR-COMP,HR-COMP-BEN,PROVIDER_QUALIFICATION,Qualification par service,20,"Présentez votre expérience, vos références, votre équipe et votre capacité pour le service « Politique de rémunération et avantages ».",Joignez des preuves et indiquez le volume maximal que vous pouvez réaliser en postes et salariés.,TABLE,True,False,[],{},{},provider.hr_comp_ben.experience_capacity,1,10,,,,,BUSINESS,True,ARCHIVE_IF_REFERENCED,False,ACTIVE,1,MATRICIA_GOLD_MASTER_BASELINE
Q-PROV-HR-PAYROLL-EXPERIENCE,PROV_SERVICE_EXPERIENCE,HR,HR-COMP,HR-PAYROLL,PROVIDER_QUALIFICATION,Qualification par service,21,"Présentez votre expérience, vos références, votre équipe et votre capacité pour le service « Externalisation ou sécurisation de la paie ».",Joignez des preuves et indiquez le volume maximal que vous pouvez réaliser en bulletins et salariés.,TABLE,True,False,[],{},{},provider.hr_payroll.experience_capacity,1,10,,,,,BUSINESS,True,ARCHIVE_IF_REFERENCED,False,ACTIVE,1,MATRICIA_GOLD_MASTER_BASELINE
Q-PROV-HR-ADMIN-EXPERIENCE,PROV_SERVICE_EXPERIENCE,HR,HR-ADMIN,HR-ADMIN,PROVIDER_QUALIFICATION,Qualification par service,22,"Présentez votre expérience, vos références, votre équipe et votre capacité pour le service « Administration du personnel externalisée ».",Joignez des preuves et indiquez le volume maximal que vous pouvez réaliser en salariés et actes.,TABLE,True,False,[],{},{},provider.hr_admin.experience_capacity,1,10,,,,,BUSINESS,True,ARCHIVE_IF_REFERENCED,False,ACTIVE,1,MATRICIA_GOLD_MASTER_BASELINE
Q-PROV-HR-TIME-EXPERIENCE,PROV_SERVICE_EXPERIENCE,HR,HR-ADMIN,HR-TIME,PROVIDER_QUALIFICATION,Qualification par service,23,"Présentez votre expérience, vos références, votre équipe et votre capacité pour le service « Gestion du temps, absences et planning ».",Joignez des preuves et indiquez le volume maximal que vous pouvez réaliser en salariés et sites.,TABLE,True,False,[],{},{},provider.hr_time.experience_capacity,1,10,,,,,BUSINESS,True,ARCHIVE_IF_REFERENCED,False,ACTIVE,1,MATRICIA_GOLD_MASTER_BASELINE
Q-PROV-HR-TRAIN-NEEDS-EXPERIENCE,PROV_SERVICE_EXPERIENCE,HR,HR-TRAIN,HR-TRAIN-NEEDS,PROVIDER_QUALIFICATION,Qualification par service,24,"Présentez votre expérience, vos références, votre équipe et votre capacité pour le service « Analyse des besoins de formation ».",Joignez des preuves et indiquez le volume maximal que vous pouvez réaliser en salariés et métiers.,TABLE,True,False,[],{},{},provider.hr_train_needs.experience_capacity,1,10,,,,,BUSINESS,True,ARCHIVE_IF_REFERENCED,False,ACTIVE,1,MATRICIA_GOLD_MASTER_BASELINE
Q-PROV-HR-TRAIN-DELIVERY-EXPERIENCE,PROV_SERVICE_EXPERIENCE,HR,HR-TRAIN,HR-TRAIN-DELIVERY,PROVIDER_QUALIFICATION,Qualification par service,25,"Présentez votre expérience, vos références, votre équipe et votre capacité pour le service « Conception et animation de formation ».",Joignez des preuves et indiquez le volume maximal que vous pouvez réaliser en participants et sessions.,TABLE,True,False,[],{},{},provider.hr_train_delivery.experience_capacity,1,10,,,,,BUSINESS,True,ARCHIVE_IF_REFERENCED,False,ACTIVE,1,MATRICIA_GOLD_MASTER_BASELINE
Q-PROV-HR-ENGAGEMENT-EXPERIENCE,PROV_SERVICE_EXPERIENCE,HR,HR-REL,HR-ENGAGEMENT,PROVIDER_QUALIFICATION,Qualification par service,26,"Présentez votre expérience, vos références, votre équipe et votre capacité pour le service « Enquête d’engagement et climat social ».",Joignez des preuves et indiquez le volume maximal que vous pouvez réaliser en salariés et sites.,TABLE,True,False,[],{},{},provider.hr_engagement.experience_capacity,1,10,,,,,BUSINESS,True,ARCHIVE_IF_REFERENCED,False,ACTIVE,1,MATRICIA_GOLD_MASTER_BASELINE
Q-PROV-HR-RELATIONS-EXPERIENCE,PROV_SERVICE_EXPERIENCE,HR,HR-REL,HR-RELATIONS,PROVIDER_QUALIFICATION,Qualification par service,27,"Présentez votre expérience, vos références, votre équipe et votre capacité pour le service « Gestion des relations sociales ».",Joignez des preuves et indiquez le volume maximal que vous pouvez réaliser en sites et instances.,TABLE,True,False,[],{},{},provider.hr_relations.experience_capacity,1,10,,,,,BUSINESS,True,ARCHIVE_IF_REFERENCED,False,ACTIVE,1,MATRICIA_GOLD_MASTER_BASELINE
Q-PROV-HR-DISCIPLINE-EXPERIENCE,PROV_SERVICE_EXPERIENCE,HR,HR-REL,HR-DISCIPLINE,PROVIDER_QUALIFICATION,Qualification par service,28,"Présentez votre expérience, vos références, votre équipe et votre capacité pour le service « Processus disciplinaire et gestion des dossiers sensibles ».",Joignez des preuves et indiquez le volume maximal que vous pouvez réaliser en dossiers et salariés.,TABLE,True,False,[],{},{},provider.hr_discipline.experience_capacity,1,10,,,,,BUSINESS,True,ARCHIVE_IF_REFERENCED,False,ACTIVE,1,MATRICIA_GOLD_MASTER_BASELINE
Q-PROV-HR-HRIS-EXPERIENCE,PROV_SERVICE_EXPERIENCE,HR,HR-DIGI,HR-HRIS,PROVIDER_QUALIFICATION,Qualification par service,29,"Présentez votre expérience, vos références, votre équipe et votre capacité pour le service « Choix et déploiement d’un SIRH ».","Joignez des preuves et indiquez le volume maximal que vous pouvez réaliser en salariés, modules et utilisateurs.",TABLE,True,False,[],{},{},provider.hr_hris.experience_capacity,1,10,,,,,BUSINESS,True,ARCHIVE_IF_REFERENCED,False,ACTIVE,1,MATRICIA_GOLD_MASTER_BASELINE
Q-PROV-HR-OUTSOURCING-EXPERIENCE,PROV_SERVICE_EXPERIENCE,HR,HR-DIGI,HR-OUTSOURCING,PROVIDER_QUALIFICATION,Qualification par service,30,"Présentez votre expérience, vos références, votre équipe et votre capacité pour le service « Direction RH externalisée ».",Joignez des preuves et indiquez le volume maximal que vous pouvez réaliser en salariés et mois.,TABLE,True,False,[],{},{},provider.hr_outsourcing.experience_capacity,1,10,,,,,BUSINESS,True,ARCHIVE_IF_REFERENCED,False,ACTIVE,1,MATRICIA_GOLD_MASTER_BASELINE
Q-PROV-INS-BASE-LEGAL,PROV_COMMON_LEGAL,INS,,,PROVIDER_QUALIFICATION,Qualification générale,1,Votre entreprise est-elle administrativement active et autorisée à fournir les prestations de cette bibliothèque ?,Cette information est utilisée pour qualifier le sous-traitant dans la bibliothèque « Assurance et gestion des risques ».,YES_NO,True,False,[],{},{},provider.ins.base_legal,1,10,,,,,BUSINESS,True,ARCHIVE_IF_REFERENCED,True,ACTIVE,1,MATRICIA_GOLD_MASTER_BASELINE
Q-PROV-INS-BASE-INSURANCE,PROV_COMMON_INSURANCE,INS,,,PROVIDER_QUALIFICATION,Qualification générale,2,Disposez-vous d’une assurance responsabilité professionnelle adaptée aux services proposés ?,Cette information est utilisée pour qualifier le sous-traitant dans la bibliothèque « Assurance et gestion des risques ».,YES_NO,True,False,[],{},{},provider.ins.base_insurance,1,10,,,,,BUSINESS,True,ARCHIVE_IF_REFERENCED,True,ACTIVE,1,MATRICIA_GOLD_MASTER_BASELINE
Q-PROV-INS-BASE-TEAM,PROV_COMMON_TEAM,INS,,,PROVIDER_QUALIFICATION,Qualification générale,3,"Décrivez la taille, les rôles et l’expérience de l’équipe affectable à cette bibliothèque.",Cette information est utilisée pour qualifier le sous-traitant dans la bibliothèque « Assurance et gestion des risques ».,TABLE,True,False,[],{},{},provider.ins.base_team,1,10,,,,,BUSINESS,True,ARCHIVE_IF_REFERENCED,False,ACTIVE,1,MATRICIA_GOLD_MASTER_BASELINE
Q-PROV-INS-BASE-REFERENCES,PROV_COMMON_REFERENCES,INS,,,PROVIDER_QUALIFICATION,Qualification générale,4,Fournissez au moins trois références comparables réalisées récemment.,Cette information est utilisée pour qualifier le sous-traitant dans la bibliothèque « Assurance et gestion des risques ».,TABLE,True,False,[],{},{},provider.ins.base_references,1,10,,,,,BUSINESS,True,ARCHIVE_IF_REFERENCED,False,ACTIVE,1,MATRICIA_GOLD_MASTER_BASELINE
Q-PROV-INS-BASE-CAPACITY,PROV_COMMON_CAPACITY,INS,,,PROVIDER_QUALIFICATION,Qualification générale,5,Quelle capacité mensuelle pouvez-vous garantir sans dégrader la qualité ?,Cette information est utilisée pour qualifier le sous-traitant dans la bibliothèque « Assurance et gestion des risques ».,QUANTITY,True,False,[],{},{},provider.ins.base_capacity,1,10,,,,,BUSINESS,True,ARCHIVE_IF_REFERENCED,False,ACTIVE,1,MATRICIA_GOLD_MASTER_BASELINE
Q-PROV-INS-BASE-REGIONS,PROV_COMMON_REGIONS,INS,,,PROVIDER_QUALIFICATION,Qualification générale,6,Dans quelles régions pouvez-vous intervenir sur site et à distance ?,Cette information est utilisée pour qualifier le sous-traitant dans la bibliothèque « Assurance et gestion des risques ».,MULTIPLE_CHOICE,True,False,[],{},{},provider.ins.base_regions,1,10,,,,,BUSINESS,True,ARCHIVE_IF_REFERENCED,False,ACTIVE,1,MATRICIA_GOLD_MASTER_BASELINE
Q-PROV-INS-BASE-SLA,PROV_COMMON_SLA,INS,,,PROVIDER_QUALIFICATION,Qualification générale,7,"Quels délais de réponse, démarrage, correction et support pouvez-vous garantir ?",Cette information est utilisée pour qualifier le sous-traitant dans la bibliothèque « Assurance et gestion des risques ».,TABLE,True,False,[],{},{},provider.ins.base_sla,1,10,,,,,BUSINESS,True,ARCHIVE_IF_REFERENCED,False,ACTIVE,1,MATRICIA_GOLD_MASTER_BASELINE
Q-PROV-INS-BASE-QUALITY,PROV_COMMON_QUALITY,INS,,,PROVIDER_QUALIFICATION,Qualification générale,8,Quel processus de contrôle qualité appliquez-vous avant livraison ?,Cette information est utilisée pour qualifier le sous-traitant dans la bibliothèque « Assurance et gestion des risques ».,LONG_TEXT,True,False,[],{},{},provider.ins.base_quality,1,10,,,,,BUSINESS,True,ARCHIVE_IF_REFERENCED,False,ACTIVE,1,MATRICIA_GOLD_MASTER_BASELINE
Q-PROV-INS-BASE-SUBCONTRACTING,PROV_COMMON_SUBCONTRACTING,INS,,,PROVIDER_QUALIFICATION,Qualification générale,9,"Recourez-vous à de la sous-traitance secondaire et, si oui, comment la contrôlez-vous ?",Cette information est utilisée pour qualifier le sous-traitant dans la bibliothèque « Assurance et gestion des risques ».,LONG_TEXT,True,False,[],{},{},provider.ins.base_subcontracting,1,10,,,,,BUSINESS,True,ARCHIVE_IF_REFERENCED,False,ACTIVE,1,MATRICIA_GOLD_MASTER_BASELINE
Q-PROV-INS-BASE-SECURITY,PROV_COMMON_SECURITY,INS,,,PROVIDER_QUALIFICATION,Qualification générale,10,"Comment protégez-vous les informations, documents et accès confiés par les clients ?",Cette information est utilisée pour qualifier le sous-traitant dans la bibliothèque « Assurance et gestion des risques ».,LONG_TEXT,True,False,[],{},{},provider.ins.base_security,1,10,,,,,BUSINESS,True,ARCHIVE_IF_REFERENCED,True,ACTIVE,1,MATRICIA_GOLD_MASTER_BASELINE
Q-PROV-INS-RISK-AUDIT-EXPERIENCE,PROV_SERVICE_EXPERIENCE,INS,INS-RISK,INS-RISK-AUDIT,PROVIDER_QUALIFICATION,Qualification par service,11,"Présentez votre expérience, vos références, votre équipe et votre capacité pour le service « Audit global des risques assurables ».",Joignez des preuves et indiquez le volume maximal que vous pouvez réaliser en sites et risques.,TABLE,True,False,[],{},{},provider.ins_risk_audit.experience_capacity,1,10,,,,,BUSINESS,True,ARCHIVE_IF_REFERENCED,False,ACTIVE,1,MATRICIA_GOLD_MASTER_BASELINE
Q-PROV-INS-MAP-EXPERIENCE,PROV_SERVICE_EXPERIENCE,INS,INS-RISK,INS-MAP,PROVIDER_QUALIFICATION,Qualification par service,12,"Présentez votre expérience, vos références, votre équipe et votre capacité pour le service « Cartographie et plan de traitement des risques ».",Joignez des preuves et indiquez le volume maximal que vous pouvez réaliser en processus et risques.,TABLE,True,False,[],{},{},provider.ins_map.experience_capacity,1,10,,,,,BUSINESS,True,ARCHIVE_IF_REFERENCED,False,ACTIVE,1,MATRICIA_GOLD_MASTER_BASELINE
Q-PROV-INS-PROPERTY-EXPERIENCE,PROV_SERVICE_EXPERIENCE,INS,INS-PROP,INS-PROPERTY,PROVIDER_QUALIFICATION,Qualification par service,13,"Présentez votre expérience, vos références, votre équipe et votre capacité pour le service « Assurance multirisque des biens ».",Joignez des preuves et indiquez le volume maximal que vous pouvez réaliser en sites et valeurs.,TABLE,True,False,[],{},{},provider.ins_property.experience_capacity,1,10,,,,,BUSINESS,True,ARCHIVE_IF_REFERENCED,False,ACTIVE,1,MATRICIA_GOLD_MASTER_BASELINE
Q-PROV-INS-BI-EXPERIENCE,PROV_SERVICE_EXPERIENCE,INS,INS-PROP,INS-BI,PROVIDER_QUALIFICATION,Qualification par service,14,"Présentez votre expérience, vos références, votre équipe et votre capacité pour le service « Assurance pertes d’exploitation ».",Joignez des preuves et indiquez le volume maximal que vous pouvez réaliser en sites et mois.,TABLE,True,False,[],{},{},provider.ins_bi.experience_capacity,1,10,,,,,BUSINESS,True,ARCHIVE_IF_REFERENCED,False,ACTIVE,1,MATRICIA_GOLD_MASTER_BASELINE
Q-PROV-INS-GL-EXPERIENCE,PROV_SERVICE_EXPERIENCE,INS,INS-LIAB,INS-GL,PROVIDER_QUALIFICATION,Qualification par service,15,"Présentez votre expérience, vos références, votre équipe et votre capacité pour le service « Responsabilité civile exploitation ».",Joignez des preuves et indiquez le volume maximal que vous pouvez réaliser en activités et CA.,TABLE,True,False,[],{},{},provider.ins_gl.experience_capacity,1,10,,,,,BUSINESS,True,ARCHIVE_IF_REFERENCED,False,ACTIVE,1,MATRICIA_GOLD_MASTER_BASELINE
Q-PROV-INS-PRO-LIAB-EXPERIENCE,PROV_SERVICE_EXPERIENCE,INS,INS-LIAB,INS-PRO-LIAB,PROVIDER_QUALIFICATION,Qualification par service,16,"Présentez votre expérience, vos références, votre équipe et votre capacité pour le service « Responsabilité civile professionnelle ».",Joignez des preuves et indiquez le volume maximal que vous pouvez réaliser en missions et CA.,TABLE,True,False,[],{},{},provider.ins_pro_liab.experience_capacity,1,10,,,,,BUSINESS,True,ARCHIVE_IF_REFERENCED,False,ACTIVE,1,MATRICIA_GOLD_MASTER_BASELINE
Q-PROV-INS-PRODUCT-EXPERIENCE,PROV_SERVICE_EXPERIENCE,INS,INS-LIAB,INS-PRODUCT,PROVIDER_QUALIFICATION,Qualification par service,17,"Présentez votre expérience, vos références, votre équipe et votre capacité pour le service « Responsabilité produits ».",Joignez des preuves et indiquez le volume maximal que vous pouvez réaliser en produits et marchés.,TABLE,True,False,[],{},{},provider.ins_product.experience_capacity,1,10,,,,,BUSINESS,True,ARCHIVE_IF_REFERENCED,False,ACTIVE,1,MATRICIA_GOLD_MASTER_BASELINE
Q-PROV-INS-DNO-EXPERIENCE,PROV_SERVICE_EXPERIENCE,INS,INS-LIAB,INS-DNO,PROVIDER_QUALIFICATION,Qualification par service,18,"Présentez votre expérience, vos références, votre équipe et votre capacité pour le service « Responsabilité des dirigeants ».",Joignez des preuves et indiquez le volume maximal que vous pouvez réaliser en dirigeants et entités.,TABLE,True,False,[],{},{},provider.ins_dno.experience_capacity,1,10,,,,,BUSINESS,True,ARCHIVE_IF_REFERENCED,False,ACTIVE,1,MATRICIA_GOLD_MASTER_BASELINE
Q-PROV-INS-HEALTH-EXPERIENCE,PROV_SERVICE_EXPERIENCE,INS,INS-PEOPLE,INS-HEALTH,PROVIDER_QUALIFICATION,Qualification par service,19,"Présentez votre expérience, vos références, votre équipe et votre capacité pour le service « Assurance santé collective ».",Joignez des preuves et indiquez le volume maximal que vous pouvez réaliser en salariés et ayants droit.,TABLE,True,False,[],{},{},provider.ins_health.experience_capacity,1,10,,,,,BUSINESS,True,ARCHIVE_IF_REFERENCED,False,ACTIVE,1,MATRICIA_GOLD_MASTER_BASELINE
Q-PROV-INS-LIFE-EXPERIENCE,PROV_SERVICE_EXPERIENCE,INS,INS-PEOPLE,INS-LIFE,PROVIDER_QUALIFICATION,Qualification par service,20,"Présentez votre expérience, vos références, votre équipe et votre capacité pour le service « Décès, invalidité et prévoyance collective ».",Joignez des preuves et indiquez le volume maximal que vous pouvez réaliser en salariés et catégories.,TABLE,True,False,[],{},{},provider.ins_life.experience_capacity,1,10,,,,,BUSINESS,True,ARCHIVE_IF_REFERENCED,False,ACTIVE,1,MATRICIA_GOLD_MASTER_BASELINE
Q-PROV-INS-WORK-ACC-EXPERIENCE,PROV_SERVICE_EXPERIENCE,INS,INS-PEOPLE,INS-WORK-ACC,PROVIDER_QUALIFICATION,Qualification par service,21,"Présentez votre expérience, vos références, votre équipe et votre capacité pour le service « Accidents du travail et risques professionnels ».",Joignez des preuves et indiquez le volume maximal que vous pouvez réaliser en salariés et métiers.,TABLE,True,False,[],{},{},provider.ins_work_acc.experience_capacity,1,10,,,,,BUSINESS,True,ARCHIVE_IF_REFERENCED,False,ACTIVE,1,MATRICIA_GOLD_MASTER_BASELINE
Q-PROV-INS-CYBER-EXPERIENCE,PROV_SERVICE_EXPERIENCE,INS,INS-SPEC,INS-CYBER,PROVIDER_QUALIFICATION,Qualification par service,22,"Présentez votre expérience, vos références, votre équipe et votre capacité pour le service « Assurance cyber ».",Joignez des preuves et indiquez le volume maximal que vous pouvez réaliser en utilisateurs et CA.,TABLE,True,False,[],{},{},provider.ins_cyber.experience_capacity,1,10,,,,,BUSINESS,True,ARCHIVE_IF_REFERENCED,False,ACTIVE,1,MATRICIA_GOLD_MASTER_BASELINE
Q-PROV-INS-CONSTRUCTION-EXPERIENCE,PROV_SERVICE_EXPERIENCE,INS,INS-SPEC,INS-CONSTRUCTION,PROVIDER_QUALIFICATION,Qualification par service,23,"Présentez votre expérience, vos références, votre équipe et votre capacité pour le service « Tous risques chantier et responsabilité décennale ».",Joignez des preuves et indiquez le volume maximal que vous pouvez réaliser en chantiers et montants.,TABLE,True,False,[],{},{},provider.ins_construction.experience_capacity,1,10,,,,,BUSINESS,True,ARCHIVE_IF_REFERENCED,False,ACTIVE,1,MATRICIA_GOLD_MASTER_BASELINE
Q-PROV-INS-CREDIT-EXPERIENCE,PROV_SERVICE_EXPERIENCE,INS,INS-SPEC,INS-CREDIT,PROVIDER_QUALIFICATION,Qualification par service,24,"Présentez votre expérience, vos références, votre équipe et votre capacité pour le service « Assurance-crédit clients ».",Joignez des preuves et indiquez le volume maximal que vous pouvez réaliser en clients et encours.,TABLE,True,False,[],{},{},provider.ins_credit.experience_capacity,1,10,,,,,BUSINESS,True,ARCHIVE_IF_REFERENCED,False,ACTIVE,1,MATRICIA_GOLD_MASTER_BASELINE
Q-PROV-INS-FLEET-EXPERIENCE,PROV_SERVICE_EXPERIENCE,INS,INS-FLEET,INS-FLEET,PROVIDER_QUALIFICATION,Qualification par service,25,"Présentez votre expérience, vos références, votre équipe et votre capacité pour le service « Assurance flotte automobile ».",Joignez des preuves et indiquez le volume maximal que vous pouvez réaliser en véhicules et conducteurs.,TABLE,True,False,[],{},{},provider.ins_fleet.experience_capacity,1,10,,,,,BUSINESS,True,ARCHIVE_IF_REFERENCED,False,ACTIVE,1,MATRICIA_GOLD_MASTER_BASELINE
Q-PROV-INS-CARGO-EXPERIENCE,PROV_SERVICE_EXPERIENCE,INS,INS-FLEET,INS-CARGO,PROVIDER_QUALIFICATION,Qualification par service,26,"Présentez votre expérience, vos références, votre équipe et votre capacité pour le service « Assurance transport de marchandises ».",Joignez des preuves et indiquez le volume maximal que vous pouvez réaliser en expéditions et valeurs.,TABLE,True,False,[],{},{},provider.ins_cargo.experience_capacity,1,10,,,,,BUSINESS,True,ARCHIVE_IF_REFERENCED,False,ACTIVE,1,MATRICIA_GOLD_MASTER_BASELINE
Q-PROV-INS-CLAIMS-EXPERIENCE,PROV_SERVICE_EXPERIENCE,INS,INS-CLAIM,INS-CLAIMS,PROVIDER_QUALIFICATION,Qualification par service,27,"Présentez votre expérience, vos références, votre équipe et votre capacité pour le service « Gestion et optimisation des sinistres ».",Joignez des preuves et indiquez le volume maximal que vous pouvez réaliser en sinistres et polices.,TABLE,True,False,[],{},{},provider.ins_claims.experience_capacity,1,10,,,,,BUSINESS,True,ARCHIVE_IF_REFERENCED,False,ACTIVE,1,MATRICIA_GOLD_MASTER_BASELINE
Q-PROV-INS-PREVENTION-EXPERIENCE,PROV_SERVICE_EXPERIENCE,INS,INS-CLAIM,INS-PREVENTION,PROVIDER_QUALIFICATION,Qualification par service,28,"Présentez votre expérience, vos références, votre équipe et votre capacité pour le service « Plan de prévention et réduction des sinistres ».",Joignez des preuves et indiquez le volume maximal que vous pouvez réaliser en sites et actions.,TABLE,True,False,[],{},{},provider.ins_prevention.experience_capacity,1,10,,,,,BUSINESS,True,ARCHIVE_IF_REFERENCED,False,ACTIVE,1,MATRICIA_GOLD_MASTER_BASELINE
Q-PROV-INS-POLICY-AUDIT-EXPERIENCE,PROV_SERVICE_EXPERIENCE,INS,INS-PROGRAM,INS-POLICY-AUDIT,PROVIDER_QUALIFICATION,Qualification par service,29,"Présentez votre expérience, vos références, votre équipe et votre capacité pour le service « Audit des polices et garanties existantes ».",Joignez des preuves et indiquez le volume maximal que vous pouvez réaliser en polices et entités.,TABLE,True,False,[],{},{},provider.ins_policy_audit.experience_capacity,1,10,,,,,BUSINESS,True,ARCHIVE_IF_REFERENCED,False,ACTIVE,1,MATRICIA_GOLD_MASTER_BASELINE
Q-PROV-INS-TENDER-EXPERIENCE,PROV_SERVICE_EXPERIENCE,INS,INS-PROGRAM,INS-TENDER,PROVIDER_QUALIFICATION,Qualification par service,30,"Présentez votre expérience, vos références, votre équipe et votre capacité pour le service « Appel d’offres assureurs et renouvellement ».",Joignez des preuves et indiquez le volume maximal que vous pouvez réaliser en polices et assureurs.,TABLE,True,False,[],{},{},provider.ins_tender.experience_capacity,1,10,,,,,BUSINESS,True,ARCHIVE_IF_REFERENCED,False,ACTIVE,1,MATRICIA_GOLD_MASTER_BASELINE
Q-PROV-LOG-BASE-LEGAL,PROV_COMMON_LEGAL,LOG,,,PROVIDER_QUALIFICATION,Qualification générale,1,Votre entreprise est-elle administrativement active et autorisée à fournir les prestations de cette bibliothèque ?,"Cette information est utilisée pour qualifier le sous-traitant dans la bibliothèque « Achats, logistique et supply chain ».",YES_NO,True,False,[],{},{},provider.log.base_legal,1,10,,,,,BUSINESS,True,ARCHIVE_IF_REFERENCED,True,ACTIVE,1,MATRICIA_GOLD_MASTER_BASELINE
Q-PROV-LOG-BASE-INSURANCE,PROV_COMMON_INSURANCE,LOG,,,PROVIDER_QUALIFICATION,Qualification générale,2,Disposez-vous d’une assurance responsabilité professionnelle adaptée aux services proposés ?,"Cette information est utilisée pour qualifier le sous-traitant dans la bibliothèque « Achats, logistique et supply chain ».",YES_NO,True,False,[],{},{},provider.log.base_insurance,1,10,,,,,BUSINESS,True,ARCHIVE_IF_REFERENCED,True,ACTIVE,1,MATRICIA_GOLD_MASTER_BASELINE
Q-PROV-LOG-BASE-TEAM,PROV_COMMON_TEAM,LOG,,,PROVIDER_QUALIFICATION,Qualification générale,3,"Décrivez la taille, les rôles et l’expérience de l’équipe affectable à cette bibliothèque.","Cette information est utilisée pour qualifier le sous-traitant dans la bibliothèque « Achats, logistique et supply chain ».",TABLE,True,False,[],{},{},provider.log.base_team,1,10,,,,,BUSINESS,True,ARCHIVE_IF_REFERENCED,False,ACTIVE,1,MATRICIA_GOLD_MASTER_BASELINE
Q-PROV-LOG-BASE-REFERENCES,PROV_COMMON_REFERENCES,LOG,,,PROVIDER_QUALIFICATION,Qualification générale,4,Fournissez au moins trois références comparables réalisées récemment.,"Cette information est utilisée pour qualifier le sous-traitant dans la bibliothèque « Achats, logistique et supply chain ».",TABLE,True,False,[],{},{},provider.log.base_references,1,10,,,,,BUSINESS,True,ARCHIVE_IF_REFERENCED,False,ACTIVE,1,MATRICIA_GOLD_MASTER_BASELINE
Q-PROV-LOG-BASE-CAPACITY,PROV_COMMON_CAPACITY,LOG,,,PROVIDER_QUALIFICATION,Qualification générale,5,Quelle capacité mensuelle pouvez-vous garantir sans dégrader la qualité ?,"Cette information est utilisée pour qualifier le sous-traitant dans la bibliothèque « Achats, logistique et supply chain ».",QUANTITY,True,False,[],{},{},provider.log.base_capacity,1,10,,,,,BUSINESS,True,ARCHIVE_IF_REFERENCED,False,ACTIVE,1,MATRICIA_GOLD_MASTER_BASELINE
Q-PROV-LOG-BASE-REGIONS,PROV_COMMON_REGIONS,LOG,,,PROVIDER_QUALIFICATION,Qualification générale,6,Dans quelles régions pouvez-vous intervenir sur site et à distance ?,"Cette information est utilisée pour qualifier le sous-traitant dans la bibliothèque « Achats, logistique et supply chain ».",MULTIPLE_CHOICE,True,False,[],{},{},provider.log.base_regions,1,10,,,,,BUSINESS,True,ARCHIVE_IF_REFERENCED,False,ACTIVE,1,MATRICIA_GOLD_MASTER_BASELINE
Q-PROV-LOG-BASE-SLA,PROV_COMMON_SLA,LOG,,,PROVIDER_QUALIFICATION,Qualification générale,7,"Quels délais de réponse, démarrage, correction et support pouvez-vous garantir ?","Cette information est utilisée pour qualifier le sous-traitant dans la bibliothèque « Achats, logistique et supply chain ».",TABLE,True,False,[],{},{},provider.log.base_sla,1,10,,,,,BUSINESS,True,ARCHIVE_IF_REFERENCED,False,ACTIVE,1,MATRICIA_GOLD_MASTER_BASELINE
Q-PROV-LOG-BASE-QUALITY,PROV_COMMON_QUALITY,LOG,,,PROVIDER_QUALIFICATION,Qualification générale,8,Quel processus de contrôle qualité appliquez-vous avant livraison ?,"Cette information est utilisée pour qualifier le sous-traitant dans la bibliothèque « Achats, logistique et supply chain ».",LONG_TEXT,True,False,[],{},{},provider.log.base_quality,1,10,,,,,BUSINESS,True,ARCHIVE_IF_REFERENCED,False,ACTIVE,1,MATRICIA_GOLD_MASTER_BASELINE
Q-PROV-LOG-BASE-SUBCONTRACTING,PROV_COMMON_SUBCONTRACTING,LOG,,,PROVIDER_QUALIFICATION,Qualification générale,9,"Recourez-vous à de la sous-traitance secondaire et, si oui, comment la contrôlez-vous ?","Cette information est utilisée pour qualifier le sous-traitant dans la bibliothèque « Achats, logistique et supply chain ».",LONG_TEXT,True,False,[],{},{},provider.log.base_subcontracting,1,10,,,,,BUSINESS,True,ARCHIVE_IF_REFERENCED,False,ACTIVE,1,MATRICIA_GOLD_MASTER_BASELINE
Q-PROV-LOG-BASE-SECURITY,PROV_COMMON_SECURITY,LOG,,,PROVIDER_QUALIFICATION,Qualification générale,10,"Comment protégez-vous les informations, documents et accès confiés par les clients ?","Cette information est utilisée pour qualifier le sous-traitant dans la bibliothèque « Achats, logistique et supply chain ».",LONG_TEXT,True,False,[],{},{},provider.log.base_security,1,10,,,,,BUSINESS,True,ARCHIVE_IF_REFERENCED,True,ACTIVE,1,MATRICIA_GOLD_MASTER_BASELINE
Q-PROV-LOG-PROC-AUDIT-EXPERIENCE,PROV_SERVICE_EXPERIENCE,LOG,LOG-PROC,LOG-PROC-AUDIT,PROVIDER_QUALIFICATION,Qualification par service,11,"Présentez votre expérience, vos références, votre équipe et votre capacité pour le service « Audit de la fonction achats ».",Joignez des preuves et indiquez le volume maximal que vous pouvez réaliser en catégories et fournisseurs.,TABLE,True,False,[],{},{},provider.log_proc_audit.experience_capacity,1,10,,,,,BUSINESS,True,ARCHIVE_IF_REFERENCED,False,ACTIVE,1,MATRICIA_GOLD_MASTER_BASELINE
Q-PROV-LOG-SOURCING-STRAT-EXPERIENCE,PROV_SERVICE_EXPERIENCE,LOG,LOG-PROC,LOG-SOURCING-STRAT,PROVIDER_QUALIFICATION,Qualification par service,12,"Présentez votre expérience, vos références, votre équipe et votre capacité pour le service « Stratégie de sourcing et catégories ».",Joignez des preuves et indiquez le volume maximal que vous pouvez réaliser en catégories et marchés.,TABLE,True,False,[],{},{},provider.log_sourcing_strat.experience_capacity,1,10,,,,,BUSINESS,True,ARCHIVE_IF_REFERENCED,False,ACTIVE,1,MATRICIA_GOLD_MASTER_BASELINE
Q-PROV-LOG-SUPPLIER-SEARCH-EXPERIENCE,PROV_SERVICE_EXPERIENCE,LOG,LOG-PROC,LOG-SUPPLIER-SEARCH,PROVIDER_QUALIFICATION,Qualification par service,13,"Présentez votre expérience, vos références, votre équipe et votre capacité pour le service « Recherche et présélection de fournisseurs ».",Joignez des preuves et indiquez le volume maximal que vous pouvez réaliser en fournisseurs et pays.,TABLE,True,False,[],{},{},provider.log_supplier_search.experience_capacity,1,10,,,,,BUSINESS,True,ARCHIVE_IF_REFERENCED,False,ACTIVE,1,MATRICIA_GOLD_MASTER_BASELINE
Q-PROV-LOG-TENDER-EXPERIENCE,PROV_SERVICE_EXPERIENCE,LOG,LOG-PROC,LOG-TENDER,PROVIDER_QUALIFICATION,Qualification par service,14,"Présentez votre expérience, vos références, votre équipe et votre capacité pour le service « Gestion d’appel d’offres fournisseurs ».",Joignez des preuves et indiquez le volume maximal que vous pouvez réaliser en lots et soumissionnaires.,TABLE,True,False,[],{},{},provider.log_tender.experience_capacity,1,10,,,,,BUSINESS,True,ARCHIVE_IF_REFERENCED,False,ACTIVE,1,MATRICIA_GOLD_MASTER_BASELINE
Q-PROV-LOG-SUP-QUAL-EXPERIENCE,PROV_SERVICE_EXPERIENCE,LOG,LOG-SUP,LOG-SUP-QUAL,PROVIDER_QUALIFICATION,Qualification par service,15,"Présentez votre expérience, vos références, votre équipe et votre capacité pour le service « Qualification et homologation fournisseurs ».",Joignez des preuves et indiquez le volume maximal que vous pouvez réaliser en fournisseurs et sites.,TABLE,True,False,[],{},{},provider.log_sup_qual.experience_capacity,1,10,,,,,BUSINESS,True,ARCHIVE_IF_REFERENCED,False,ACTIVE,1,MATRICIA_GOLD_MASTER_BASELINE
Q-PROV-LOG-SUP-PERF-EXPERIENCE,PROV_SERVICE_EXPERIENCE,LOG,LOG-SUP,LOG-SUP-PERF,PROVIDER_QUALIFICATION,Qualification par service,16,"Présentez votre expérience, vos références, votre équipe et votre capacité pour le service « Évaluation et performance fournisseurs ».",Joignez des preuves et indiquez le volume maximal que vous pouvez réaliser en fournisseurs et KPI.,TABLE,True,False,[],{},{},provider.log_sup_perf.experience_capacity,1,10,,,,,BUSINESS,True,ARCHIVE_IF_REFERENCED,False,ACTIVE,1,MATRICIA_GOLD_MASTER_BASELINE
Q-PROV-LOG-CONTRACT-NEG-EXPERIENCE,PROV_SERVICE_EXPERIENCE,LOG,LOG-SUP,LOG-CONTRACT-NEG,PROVIDER_QUALIFICATION,Qualification par service,17,"Présentez votre expérience, vos références, votre équipe et votre capacité pour le service « Négociation et optimisation des contrats achats ».",Joignez des preuves et indiquez le volume maximal que vous pouvez réaliser en contrats et catégories.,TABLE,True,False,[],{},{},provider.log_contract_neg.experience_capacity,1,10,,,,,BUSINESS,True,ARCHIVE_IF_REFERENCED,False,ACTIVE,1,MATRICIA_GOLD_MASTER_BASELINE
Q-PROV-LOG-SPEND-ANALYSIS-EXPERIENCE,PROV_SERVICE_EXPERIENCE,LOG,LOG-SPEND,LOG-SPEND-ANALYSIS,PROVIDER_QUALIFICATION,Qualification par service,18,"Présentez votre expérience, vos références, votre équipe et votre capacité pour le service « Analyse des dépenses et économies ».",Joignez des preuves et indiquez le volume maximal que vous pouvez réaliser en transactions et catégories.,TABLE,True,False,[],{},{},provider.log_spend_analysis.experience_capacity,1,10,,,,,BUSINESS,True,ARCHIVE_IF_REFERENCED,False,ACTIVE,1,MATRICIA_GOLD_MASTER_BASELINE
Q-PROV-LOG-E-PROC-EXPERIENCE,PROV_SERVICE_EXPERIENCE,LOG,LOG-SPEND,LOG-E-PROC,PROVIDER_QUALIFICATION,Qualification par service,19,"Présentez votre expérience, vos références, votre équipe et votre capacité pour le service « Mise en place d’un processus e-procurement ».",Joignez des preuves et indiquez le volume maximal que vous pouvez réaliser en utilisateurs et workflows.,TABLE,True,False,[],{},{},provider.log_e_proc.experience_capacity,1,10,,,,,BUSINESS,True,ARCHIVE_IF_REFERENCED,False,ACTIVE,1,MATRICIA_GOLD_MASTER_BASELINE
Q-PROV-LOG-INVENTORY-OPT-EXPERIENCE,PROV_SERVICE_EXPERIENCE,LOG,LOG-INV,LOG-INVENTORY-OPT,PROVIDER_QUALIFICATION,Qualification par service,20,"Présentez votre expérience, vos références, votre équipe et votre capacité pour le service « Optimisation des niveaux de stock ».",Joignez des preuves et indiquez le volume maximal que vous pouvez réaliser en références et sites.,TABLE,True,False,[],{},{},provider.log_inventory_opt.experience_capacity,1,10,,,,,BUSINESS,True,ARCHIVE_IF_REFERENCED,False,ACTIVE,1,MATRICIA_GOLD_MASTER_BASELINE
Q-PROV-LOG-FORECAST-EXPERIENCE,PROV_SERVICE_EXPERIENCE,LOG,LOG-INV,LOG-FORECAST,PROVIDER_QUALIFICATION,Qualification par service,21,"Présentez votre expérience, vos références, votre équipe et votre capacité pour le service « Prévision de la demande et S&OP ».",Joignez des preuves et indiquez le volume maximal que vous pouvez réaliser en références et mois.,TABLE,True,False,[],{},{},provider.log_forecast.experience_capacity,1,10,,,,,BUSINESS,True,ARCHIVE_IF_REFERENCED,False,ACTIVE,1,MATRICIA_GOLD_MASTER_BASELINE
Q-PROV-LOG-WH-DESIGN-EXPERIENCE,PROV_SERVICE_EXPERIENCE,LOG,LOG-WH,LOG-WH-DESIGN,PROVIDER_QUALIFICATION,Qualification par service,22,"Présentez votre expérience, vos références, votre équipe et votre capacité pour le service « Conception ou optimisation d’entrepôt ».","Joignez des preuves et indiquez le volume maximal que vous pouvez réaliser en m², références et flux.",TABLE,True,False,[],{},{},provider.log_wh_design.experience_capacity,1,10,,,,,BUSINESS,True,ARCHIVE_IF_REFERENCED,False,ACTIVE,1,MATRICIA_GOLD_MASTER_BASELINE
Q-PROV-LOG-WMS-EXPERIENCE,PROV_SERVICE_EXPERIENCE,LOG,LOG-WH,LOG-WMS,PROVIDER_QUALIFICATION,Qualification par service,23,"Présentez votre expérience, vos références, votre équipe et votre capacité pour le service « Choix et déploiement WMS ».","Joignez des preuves et indiquez le volume maximal que vous pouvez réaliser en utilisateurs, sites et références.",TABLE,True,False,[],{},{},provider.log_wms.experience_capacity,1,10,,,,,BUSINESS,True,ARCHIVE_IF_REFERENCED,False,ACTIVE,1,MATRICIA_GOLD_MASTER_BASELINE
Q-PROV-LOG-PICKING-EXPERIENCE,PROV_SERVICE_EXPERIENCE,LOG,LOG-WH,LOG-PICKING,PROVIDER_QUALIFICATION,Qualification par service,24,"Présentez votre expérience, vos références, votre équipe et votre capacité pour le service « Optimisation préparation de commandes ».",Joignez des preuves et indiquez le volume maximal que vous pouvez réaliser en commandes et lignes.,TABLE,True,False,[],{},{},provider.log_picking.experience_capacity,1,10,,,,,BUSINESS,True,ARCHIVE_IF_REFERENCED,False,ACTIVE,1,MATRICIA_GOLD_MASTER_BASELINE
Q-PROV-LOG-TRANS-TENDER-EXPERIENCE,PROV_SERVICE_EXPERIENCE,LOG,LOG-TRANS,LOG-TRANS-TENDER,PROVIDER_QUALIFICATION,Qualification par service,25,"Présentez votre expérience, vos références, votre équipe et votre capacité pour le service « Appel d’offres transporteurs ».",Joignez des preuves et indiquez le volume maximal que vous pouvez réaliser en routes et expéditions.,TABLE,True,False,[],{},{},provider.log_trans_tender.experience_capacity,1,10,,,,,BUSINESS,True,ARCHIVE_IF_REFERENCED,False,ACTIVE,1,MATRICIA_GOLD_MASTER_BASELINE
Q-PROV-LOG-ROUTE-EXPERIENCE,PROV_SERVICE_EXPERIENCE,LOG,LOG-TRANS,LOG-ROUTE,PROVIDER_QUALIFICATION,Qualification par service,26,"Présentez votre expérience, vos références, votre équipe et votre capacité pour le service « Optimisation des tournées et du dernier kilomètre ».",Joignez des preuves et indiquez le volume maximal que vous pouvez réaliser en livraisons et véhicules.,TABLE,True,False,[],{},{},provider.log_route.experience_capacity,1,10,,,,,BUSINESS,True,ARCHIVE_IF_REFERENCED,False,ACTIVE,1,MATRICIA_GOLD_MASTER_BASELINE
Q-PROV-LOG-CUSTOMS-EXPERIENCE,PROV_SERVICE_EXPERIENCE,LOG,LOG-TRADE,LOG-CUSTOMS,PROVIDER_QUALIFICATION,Qualification par service,27,"Présentez votre expérience, vos références, votre équipe et votre capacité pour le service « Assistance douane et conformité import-export ».",Joignez des preuves et indiquez le volume maximal que vous pouvez réaliser en produits et déclarations.,TABLE,True,False,[],{},{},provider.log_customs.experience_capacity,1,10,,,,,BUSINESS,True,ARCHIVE_IF_REFERENCED,False,ACTIVE,1,MATRICIA_GOLD_MASTER_BASELINE
Q-PROV-LOG-IMPORT-EXPERIENCE,PROV_SERVICE_EXPERIENCE,LOG,LOG-TRADE,LOG-IMPORT,PROVIDER_QUALIFICATION,Qualification par service,28,"Présentez votre expérience, vos références, votre équipe et votre capacité pour le service « Organisation d’opérations import-export ».",Joignez des preuves et indiquez le volume maximal que vous pouvez réaliser en expéditions et conteneurs.,TABLE,True,False,[],{},{},provider.log_import.experience_capacity,1,10,,,,,BUSINESS,True,ARCHIVE_IF_REFERENCED,False,ACTIVE,1,MATRICIA_GOLD_MASTER_BASELINE
Q-PROV-LOG-SC-DIGITAL-EXPERIENCE,PROV_SERVICE_EXPERIENCE,LOG,LOG-DIGI,LOG-SC-DIGITAL,PROVIDER_QUALIFICATION,Qualification par service,29,"Présentez votre expérience, vos références, votre équipe et votre capacité pour le service « Digitalisation et tableau de bord supply chain ».",Joignez des preuves et indiquez le volume maximal que vous pouvez réaliser en sources et KPI.,TABLE,True,False,[],{},{},provider.log_sc_digital.experience_capacity,1,10,,,,,BUSINESS,True,ARCHIVE_IF_REFERENCED,False,ACTIVE,1,MATRICIA_GOLD_MASTER_BASELINE
Q-PROV-LOG-BCP-EXPERIENCE,PROV_SERVICE_EXPERIENCE,LOG,LOG-DIGI,LOG-BCP,PROVIDER_QUALIFICATION,Qualification par service,30,"Présentez votre expérience, vos références, votre équipe et votre capacité pour le service « Plan de continuité supply chain ».",Joignez des preuves et indiquez le volume maximal que vous pouvez réaliser en fournisseurs et scénarios.,TABLE,True,False,[],{},{},provider.log_bcp.experience_capacity,1,10,,,,,BUSINESS,True,ARCHIVE_IF_REFERENCED,False,ACTIVE,1,MATRICIA_GOLD_MASTER_BASELINE
Q-PROV-BTP-BASE-LEGAL,PROV_COMMON_LEGAL,BTP,,,PROVIDER_QUALIFICATION,Qualification générale,1,Votre entreprise est-elle administrativement active et autorisée à fournir les prestations de cette bibliothèque ?,"Cette information est utilisée pour qualifier le sous-traitant dans la bibliothèque « BTP, immobilier et maintenance ».",YES_NO,True,False,[],{},{},provider.btp.base_legal,1,10,,,,,BUSINESS,True,ARCHIVE_IF_REFERENCED,True,ACTIVE,1,MATRICIA_GOLD_MASTER_BASELINE
Q-PROV-BTP-BASE-INSURANCE,PROV_COMMON_INSURANCE,BTP,,,PROVIDER_QUALIFICATION,Qualification générale,2,Disposez-vous d’une assurance responsabilité professionnelle adaptée aux services proposés ?,"Cette information est utilisée pour qualifier le sous-traitant dans la bibliothèque « BTP, immobilier et maintenance ».",YES_NO,True,False,[],{},{},provider.btp.base_insurance,1,10,,,,,BUSINESS,True,ARCHIVE_IF_REFERENCED,True,ACTIVE,1,MATRICIA_GOLD_MASTER_BASELINE
Q-PROV-BTP-BASE-TEAM,PROV_COMMON_TEAM,BTP,,,PROVIDER_QUALIFICATION,Qualification générale,3,"Décrivez la taille, les rôles et l’expérience de l’équipe affectable à cette bibliothèque.","Cette information est utilisée pour qualifier le sous-traitant dans la bibliothèque « BTP, immobilier et maintenance ».",TABLE,True,False,[],{},{},provider.btp.base_team,1,10,,,,,BUSINESS,True,ARCHIVE_IF_REFERENCED,False,ACTIVE,1,MATRICIA_GOLD_MASTER_BASELINE
Q-PROV-BTP-BASE-REFERENCES,PROV_COMMON_REFERENCES,BTP,,,PROVIDER_QUALIFICATION,Qualification générale,4,Fournissez au moins trois références comparables réalisées récemment.,"Cette information est utilisée pour qualifier le sous-traitant dans la bibliothèque « BTP, immobilier et maintenance ».",TABLE,True,False,[],{},{},provider.btp.base_references,1,10,,,,,BUSINESS,True,ARCHIVE_IF_REFERENCED,False,ACTIVE,1,MATRICIA_GOLD_MASTER_BASELINE
Q-PROV-BTP-BASE-CAPACITY,PROV_COMMON_CAPACITY,BTP,,,PROVIDER_QUALIFICATION,Qualification générale,5,Quelle capacité mensuelle pouvez-vous garantir sans dégrader la qualité ?,"Cette information est utilisée pour qualifier le sous-traitant dans la bibliothèque « BTP, immobilier et maintenance ».",QUANTITY,True,False,[],{},{},provider.btp.base_capacity,1,10,,,,,BUSINESS,True,ARCHIVE_IF_REFERENCED,False,ACTIVE,1,MATRICIA_GOLD_MASTER_BASELINE
Q-PROV-BTP-BASE-REGIONS,PROV_COMMON_REGIONS,BTP,,,PROVIDER_QUALIFICATION,Qualification générale,6,Dans quelles régions pouvez-vous intervenir sur site et à distance ?,"Cette information est utilisée pour qualifier le sous-traitant dans la bibliothèque « BTP, immobilier et maintenance ».",MULTIPLE_CHOICE,True,False,[],{},{},provider.btp.base_regions,1,10,,,,,BUSINESS,True,ARCHIVE_IF_REFERENCED,False,ACTIVE,1,MATRICIA_GOLD_MASTER_BASELINE
Q-PROV-BTP-BASE-SLA,PROV_COMMON_SLA,BTP,,,PROVIDER_QUALIFICATION,Qualification générale,7,"Quels délais de réponse, démarrage, correction et support pouvez-vous garantir ?","Cette information est utilisée pour qualifier le sous-traitant dans la bibliothèque « BTP, immobilier et maintenance ».",TABLE,True,False,[],{},{},provider.btp.base_sla,1,10,,,,,BUSINESS,True,ARCHIVE_IF_REFERENCED,False,ACTIVE,1,MATRICIA_GOLD_MASTER_BASELINE
Q-PROV-BTP-BASE-QUALITY,PROV_COMMON_QUALITY,BTP,,,PROVIDER_QUALIFICATION,Qualification générale,8,Quel processus de contrôle qualité appliquez-vous avant livraison ?,"Cette information est utilisée pour qualifier le sous-traitant dans la bibliothèque « BTP, immobilier et maintenance ».",LONG_TEXT,True,False,[],{},{},provider.btp.base_quality,1,10,,,,,BUSINESS,True,ARCHIVE_IF_REFERENCED,False,ACTIVE,1,MATRICIA_GOLD_MASTER_BASELINE
Q-PROV-BTP-BASE-SUBCONTRACTING,PROV_COMMON_SUBCONTRACTING,BTP,,,PROVIDER_QUALIFICATION,Qualification générale,9,"Recourez-vous à de la sous-traitance secondaire et, si oui, comment la contrôlez-vous ?","Cette information est utilisée pour qualifier le sous-traitant dans la bibliothèque « BTP, immobilier et maintenance ».",LONG_TEXT,True,False,[],{},{},provider.btp.base_subcontracting,1,10,,,,,BUSINESS,True,ARCHIVE_IF_REFERENCED,False,ACTIVE,1,MATRICIA_GOLD_MASTER_BASELINE
Q-PROV-BTP-BASE-SECURITY,PROV_COMMON_SECURITY,BTP,,,PROVIDER_QUALIFICATION,Qualification générale,10,"Comment protégez-vous les informations, documents et accès confiés par les clients ?","Cette information est utilisée pour qualifier le sous-traitant dans la bibliothèque « BTP, immobilier et maintenance ».",LONG_TEXT,True,False,[],{},{},provider.btp.base_security,1,10,,,,,BUSINESS,True,ARCHIVE_IF_REFERENCED,True,ACTIVE,1,MATRICIA_GOLD_MASTER_BASELINE
Q-PROV-BTP-FEAS-EXPERIENCE,PROV_SERVICE_EXPERIENCE,BTP,BTP-STUDY,BTP-FEAS,PROVIDER_QUALIFICATION,Qualification par service,11,"Présentez votre expérience, vos références, votre équipe et votre capacité pour le service « Étude de faisabilité immobilière ou chantier ».",Joignez des preuves et indiquez le volume maximal que vous pouvez réaliser en m² et sites.,TABLE,True,False,[],{},{},provider.btp_feas.experience_capacity,1,10,,,,,BUSINESS,True,ARCHIVE_IF_REFERENCED,False,ACTIVE,1,MATRICIA_GOLD_MASTER_BASELINE
Q-PROV-BTP-ARCH-EXPERIENCE,PROV_SERVICE_EXPERIENCE,BTP,BTP-STUDY,BTP-ARCH,PROVIDER_QUALIFICATION,Qualification par service,12,"Présentez votre expérience, vos références, votre équipe et votre capacité pour le service « Conception architecturale ».","Joignez des preuves et indiquez le volume maximal que vous pouvez réaliser en m², niveaux et espaces.",TABLE,True,False,[],{},{},provider.btp_arch.experience_capacity,1,10,,,,,BUSINESS,True,ARCHIVE_IF_REFERENCED,False,ACTIVE,1,MATRICIA_GOLD_MASTER_BASELINE
Q-PROV-BTP-STRUCT-EXPERIENCE,PROV_SERVICE_EXPERIENCE,BTP,BTP-STUDY,BTP-STRUCT,PROVIDER_QUALIFICATION,Qualification par service,13,"Présentez votre expérience, vos références, votre équipe et votre capacité pour le service « Étude de structure ».",Joignez des preuves et indiquez le volume maximal que vous pouvez réaliser en m² et éléments.,TABLE,True,False,[],{},{},provider.btp_struct.experience_capacity,1,10,,,,,BUSINESS,True,ARCHIVE_IF_REFERENCED,False,ACTIVE,1,MATRICIA_GOLD_MASTER_BASELINE
Q-PROV-BTP-GEO-EXPERIENCE,PROV_SERVICE_EXPERIENCE,BTP,BTP-STUDY,BTP-GEO,PROVIDER_QUALIFICATION,Qualification par service,14,"Présentez votre expérience, vos références, votre équipe et votre capacité pour le service « Étude géotechnique ».",Joignez des preuves et indiquez le volume maximal que vous pouvez réaliser en sondages et parcelles.,TABLE,True,False,[],{},{},provider.btp_geo.experience_capacity,1,10,,,,,BUSINESS,True,ARCHIVE_IF_REFERENCED,False,ACTIVE,1,MATRICIA_GOLD_MASTER_BASELINE
Q-PROV-BTP-MEP-DESIGN-EXPERIENCE,PROV_SERVICE_EXPERIENCE,BTP,BTP-STUDY,BTP-MEP-DESIGN,PROVIDER_QUALIFICATION,Qualification par service,15,"Présentez votre expérience, vos références, votre équipe et votre capacité pour le service « Études électricité, plomberie et CVC ».",Joignez des preuves et indiquez le volume maximal que vous pouvez réaliser en m² et systèmes.,TABLE,True,False,[],{},{},provider.btp_mep_design.experience_capacity,1,10,,,,,BUSINESS,True,ARCHIVE_IF_REFERENCED,False,ACTIVE,1,MATRICIA_GOLD_MASTER_BASELINE
Q-PROV-BTP-QS-EXPERIENCE,PROV_SERVICE_EXPERIENCE,BTP,BTP-COST,BTP-QS,PROVIDER_QUALIFICATION,Qualification par service,16,"Présentez votre expérience, vos références, votre équipe et votre capacité pour le service « Métré, estimation et bordereau de prix ».",Joignez des preuves et indiquez le volume maximal que vous pouvez réaliser en lots et m².,TABLE,True,False,[],{},{},provider.btp_qs.experience_capacity,1,10,,,,,BUSINESS,True,ARCHIVE_IF_REFERENCED,False,ACTIVE,1,MATRICIA_GOLD_MASTER_BASELINE
Q-PROV-BTP-PM-EXPERIENCE,PROV_SERVICE_EXPERIENCE,BTP,BTP-COST,BTP-PM,PROVIDER_QUALIFICATION,Qualification par service,17,"Présentez votre expérience, vos références, votre équipe et votre capacité pour le service « Maîtrise d’œuvre et gestion de projet chantier ».","Joignez des preuves et indiquez le volume maximal que vous pouvez réaliser en lots, mois et sites.",TABLE,True,False,[],{},{},provider.btp_pm.experience_capacity,1,10,,,,,BUSINESS,True,ARCHIVE_IF_REFERENCED,False,ACTIVE,1,MATRICIA_GOLD_MASTER_BASELINE
Q-PROV-BTP-GC-EXPERIENCE,PROV_SERVICE_EXPERIENCE,BTP,BTP-WORK,BTP-GC,PROVIDER_QUALIFICATION,Qualification par service,18,"Présentez votre expérience, vos références, votre équipe et votre capacité pour le service « Construction tous corps d’état ».",Joignez des preuves et indiquez le volume maximal que vous pouvez réaliser en m² et lots.,TABLE,True,False,[],{},{},provider.btp_gc.experience_capacity,1,10,,,,,BUSINESS,True,ARCHIVE_IF_REFERENCED,False,ACTIVE,1,MATRICIA_GOLD_MASTER_BASELINE
Q-PROV-BTP-RENOV-EXPERIENCE,PROV_SERVICE_EXPERIENCE,BTP,BTP-WORK,BTP-RENOV,PROVIDER_QUALIFICATION,Qualification par service,19,"Présentez votre expérience, vos références, votre équipe et votre capacité pour le service « Rénovation de bâtiment ou local ».",Joignez des preuves et indiquez le volume maximal que vous pouvez réaliser en m² et espaces.,TABLE,True,False,[],{},{},provider.btp_renov.experience_capacity,1,10,,,,,BUSINESS,True,ARCHIVE_IF_REFERENCED,False,ACTIVE,1,MATRICIA_GOLD_MASTER_BASELINE
Q-PROV-BTP-FITOUT-EXPERIENCE,PROV_SERVICE_EXPERIENCE,BTP,BTP-WORK,BTP-FITOUT,PROVIDER_QUALIFICATION,Qualification par service,20,"Présentez votre expérience, vos références, votre équipe et votre capacité pour le service « Aménagement intérieur et fit-out ».",Joignez des preuves et indiquez le volume maximal que vous pouvez réaliser en m² et postes.,TABLE,True,False,[],{},{},provider.btp_fitout.experience_capacity,1,10,,,,,BUSINESS,True,ARCHIVE_IF_REFERENCED,False,ACTIVE,1,MATRICIA_GOLD_MASTER_BASELINE
Q-PROV-BTP-ELEC-EXPERIENCE,PROV_SERVICE_EXPERIENCE,BTP,BTP-MEP,BTP-ELEC,PROVIDER_QUALIFICATION,Qualification par service,21,"Présentez votre expérience, vos références, votre équipe et votre capacité pour le service « Installation et mise à niveau électrique ».",Joignez des preuves et indiquez le volume maximal que vous pouvez réaliser en points et puissances.,TABLE,True,False,[],{},{},provider.btp_elec.experience_capacity,1,10,,,,,BUSINESS,True,ARCHIVE_IF_REFERENCED,False,ACTIVE,1,MATRICIA_GOLD_MASTER_BASELINE
Q-PROV-BTP-PLUMB-EXPERIENCE,PROV_SERVICE_EXPERIENCE,BTP,BTP-MEP,BTP-PLUMB,PROVIDER_QUALIFICATION,Qualification par service,22,"Présentez votre expérience, vos références, votre équipe et votre capacité pour le service « Plomberie, sanitaires et réseaux d’eau ».",Joignez des preuves et indiquez le volume maximal que vous pouvez réaliser en points et réseaux.,TABLE,True,False,[],{},{},provider.btp_plumb.experience_capacity,1,10,,,,,BUSINESS,True,ARCHIVE_IF_REFERENCED,False,ACTIVE,1,MATRICIA_GOLD_MASTER_BASELINE
Q-PROV-BTP-HVAC-EXPERIENCE,PROV_SERVICE_EXPERIENCE,BTP,BTP-MEP,BTP-HVAC,PROVIDER_QUALIFICATION,Qualification par service,23,"Présentez votre expérience, vos références, votre équipe et votre capacité pour le service « Climatisation, ventilation et traitement d’air ».",Joignez des preuves et indiquez le volume maximal que vous pouvez réaliser en zones et kW.,TABLE,True,False,[],{},{},provider.btp_hvac.experience_capacity,1,10,,,,,BUSINESS,True,ARCHIVE_IF_REFERENCED,False,ACTIVE,1,MATRICIA_GOLD_MASTER_BASELINE
Q-PROV-BTP-FIRE-EXPERIENCE,PROV_SERVICE_EXPERIENCE,BTP,BTP-SAFE,BTP-FIRE,PROVIDER_QUALIFICATION,Qualification par service,24,"Présentez votre expérience, vos références, votre équipe et votre capacité pour le service « Détection et protection incendie ».",Joignez des preuves et indiquez le volume maximal que vous pouvez réaliser en zones et équipements.,TABLE,True,False,[],{},{},provider.btp_fire.experience_capacity,1,10,,,,,BUSINESS,True,ARCHIVE_IF_REFERENCED,False,ACTIVE,1,MATRICIA_GOLD_MASTER_BASELINE
Q-PROV-BTP-SECURITY-EXPERIENCE,PROV_SERVICE_EXPERIENCE,BTP,BTP-SAFE,BTP-SECURITY,PROVIDER_QUALIFICATION,Qualification par service,25,"Présentez votre expérience, vos références, votre équipe et votre capacité pour le service « Contrôle d’accès, alarme et sûreté bâtiment ».","Joignez des preuves et indiquez le volume maximal que vous pouvez réaliser en portes, zones et utilisateurs.",TABLE,True,False,[],{},{},provider.btp_security.experience_capacity,1,10,,,,,BUSINESS,True,ARCHIVE_IF_REFERENCED,False,ACTIVE,1,MATRICIA_GOLD_MASTER_BASELINE
Q-PROV-BTP-SOLAR-EXPERIENCE,PROV_SERVICE_EXPERIENCE,BTP,BTP-ENERGY,BTP-SOLAR,PROVIDER_QUALIFICATION,Qualification par service,26,"Présentez votre expérience, vos références, votre équipe et votre capacité pour le service « Installation solaire photovoltaïque ».",Joignez des preuves et indiquez le volume maximal que vous pouvez réaliser en kWc et sites.,TABLE,True,False,[],{},{},provider.btp_solar.experience_capacity,1,10,,,,,BUSINESS,True,ARCHIVE_IF_REFERENCED,False,ACTIVE,1,MATRICIA_GOLD_MASTER_BASELINE
Q-PROV-BTP-ENERGY-AUDIT-EXPERIENCE,PROV_SERVICE_EXPERIENCE,BTP,BTP-ENERGY,BTP-ENERGY-AUDIT,PROVIDER_QUALIFICATION,Qualification par service,27,"Présentez votre expérience, vos références, votre équipe et votre capacité pour le service « Audit énergétique de bâtiment ».",Joignez des preuves et indiquez le volume maximal que vous pouvez réaliser en sites et compteurs.,TABLE,True,False,[],{},{},provider.btp_energy_audit.experience_capacity,1,10,,,,,BUSINESS,True,ARCHIVE_IF_REFERENCED,False,ACTIVE,1,MATRICIA_GOLD_MASTER_BASELINE
Q-PROV-BTP-MAINT-EXPERIENCE,PROV_SERVICE_EXPERIENCE,BTP,BTP-FM,BTP-MAINT,PROVIDER_QUALIFICATION,Qualification par service,28,"Présentez votre expérience, vos références, votre équipe et votre capacité pour le service « Contrat de maintenance multi-technique ».",Joignez des preuves et indiquez le volume maximal que vous pouvez réaliser en sites et équipements.,TABLE,True,False,[],{},{},provider.btp_maint.experience_capacity,1,10,,,,,BUSINESS,True,ARCHIVE_IF_REFERENCED,False,ACTIVE,1,MATRICIA_GOLD_MASTER_BASELINE
Q-PROV-BTP-INSPECTION-EXPERIENCE,PROV_SERVICE_EXPERIENCE,BTP,BTP-REAL,BTP-INSPECTION,PROVIDER_QUALIFICATION,Qualification par service,29,"Présentez votre expérience, vos références, votre équipe et votre capacité pour le service « Inspection technique et diagnostic bâtiment ».",Joignez des preuves et indiquez le volume maximal que vous pouvez réaliser en m² et éléments.,TABLE,True,False,[],{},{},provider.btp_inspection.experience_capacity,1,10,,,,,BUSINESS,True,ARCHIVE_IF_REFERENCED,False,ACTIVE,1,MATRICIA_GOLD_MASTER_BASELINE
Q-PROV-BTP-LANDSCAPE-EXPERIENCE,PROV_SERVICE_EXPERIENCE,BTP,BTP-REAL,BTP-LANDSCAPE,PROVIDER_QUALIFICATION,Qualification par service,30,"Présentez votre expérience, vos références, votre équipe et votre capacité pour le service « Aménagement paysager, piscine et extérieurs ».",Joignez des preuves et indiquez le volume maximal que vous pouvez réaliser en m² et zones.,TABLE,True,False,[],{},{},provider.btp_landscape.experience_capacity,1,10,,,,,BUSINESS,True,ARCHIVE_IF_REFERENCED,False,ACTIVE,1,MATRICIA_GOLD_MASTER_BASELINE
Q-PROV-QHSE-BASE-LEGAL,PROV_COMMON_LEGAL,QHSE,,,PROVIDER_QUALIFICATION,Qualification générale,1,Votre entreprise est-elle administrativement active et autorisée à fournir les prestations de cette bibliothèque ?,"Cette information est utilisée pour qualifier le sous-traitant dans la bibliothèque « Qualité, HSE et certifications ».",YES_NO,True,False,[],{},{},provider.qhse.base_legal,1,10,,,,,BUSINESS,True,ARCHIVE_IF_REFERENCED,True,ACTIVE,1,MATRICIA_GOLD_MASTER_BASELINE
Q-PROV-QHSE-BASE-INSURANCE,PROV_COMMON_INSURANCE,QHSE,,,PROVIDER_QUALIFICATION,Qualification générale,2,Disposez-vous d’une assurance responsabilité professionnelle adaptée aux services proposés ?,"Cette information est utilisée pour qualifier le sous-traitant dans la bibliothèque « Qualité, HSE et certifications ».",YES_NO,True,False,[],{},{},provider.qhse.base_insurance,1,10,,,,,BUSINESS,True,ARCHIVE_IF_REFERENCED,True,ACTIVE,1,MATRICIA_GOLD_MASTER_BASELINE
Q-PROV-QHSE-BASE-TEAM,PROV_COMMON_TEAM,QHSE,,,PROVIDER_QUALIFICATION,Qualification générale,3,"Décrivez la taille, les rôles et l’expérience de l’équipe affectable à cette bibliothèque.","Cette information est utilisée pour qualifier le sous-traitant dans la bibliothèque « Qualité, HSE et certifications ».",TABLE,True,False,[],{},{},provider.qhse.base_team,1,10,,,,,BUSINESS,True,ARCHIVE_IF_REFERENCED,False,ACTIVE,1,MATRICIA_GOLD_MASTER_BASELINE
Q-PROV-QHSE-BASE-REFERENCES,PROV_COMMON_REFERENCES,QHSE,,,PROVIDER_QUALIFICATION,Qualification générale,4,Fournissez au moins trois références comparables réalisées récemment.,"Cette information est utilisée pour qualifier le sous-traitant dans la bibliothèque « Qualité, HSE et certifications ».",TABLE,True,False,[],{},{},provider.qhse.base_references,1,10,,,,,BUSINESS,True,ARCHIVE_IF_REFERENCED,False,ACTIVE,1,MATRICIA_GOLD_MASTER_BASELINE
Q-PROV-QHSE-BASE-CAPACITY,PROV_COMMON_CAPACITY,QHSE,,,PROVIDER_QUALIFICATION,Qualification générale,5,Quelle capacité mensuelle pouvez-vous garantir sans dégrader la qualité ?,"Cette information est utilisée pour qualifier le sous-traitant dans la bibliothèque « Qualité, HSE et certifications ».",QUANTITY,True,False,[],{},{},provider.qhse.base_capacity,1,10,,,,,BUSINESS,True,ARCHIVE_IF_REFERENCED,False,ACTIVE,1,MATRICIA_GOLD_MASTER_BASELINE
Q-PROV-QHSE-BASE-REGIONS,PROV_COMMON_REGIONS,QHSE,,,PROVIDER_QUALIFICATION,Qualification générale,6,Dans quelles régions pouvez-vous intervenir sur site et à distance ?,"Cette information est utilisée pour qualifier le sous-traitant dans la bibliothèque « Qualité, HSE et certifications ».",MULTIPLE_CHOICE,True,False,[],{},{},provider.qhse.base_regions,1,10,,,,,BUSINESS,True,ARCHIVE_IF_REFERENCED,False,ACTIVE,1,MATRICIA_GOLD_MASTER_BASELINE
Q-PROV-QHSE-BASE-SLA,PROV_COMMON_SLA,QHSE,,,PROVIDER_QUALIFICATION,Qualification générale,7,"Quels délais de réponse, démarrage, correction et support pouvez-vous garantir ?","Cette information est utilisée pour qualifier le sous-traitant dans la bibliothèque « Qualité, HSE et certifications ».",TABLE,True,False,[],{},{},provider.qhse.base_sla,1,10,,,,,BUSINESS,True,ARCHIVE_IF_REFERENCED,False,ACTIVE,1,MATRICIA_GOLD_MASTER_BASELINE
Q-PROV-QHSE-BASE-QUALITY,PROV_COMMON_QUALITY,QHSE,,,PROVIDER_QUALIFICATION,Qualification générale,8,Quel processus de contrôle qualité appliquez-vous avant livraison ?,"Cette information est utilisée pour qualifier le sous-traitant dans la bibliothèque « Qualité, HSE et certifications ».",LONG_TEXT,True,False,[],{},{},provider.qhse.base_quality,1,10,,,,,BUSINESS,True,ARCHIVE_IF_REFERENCED,False,ACTIVE,1,MATRICIA_GOLD_MASTER_BASELINE
Q-PROV-QHSE-BASE-SUBCONTRACTING,PROV_COMMON_SUBCONTRACTING,QHSE,,,PROVIDER_QUALIFICATION,Qualification générale,9,"Recourez-vous à de la sous-traitance secondaire et, si oui, comment la contrôlez-vous ?","Cette information est utilisée pour qualifier le sous-traitant dans la bibliothèque « Qualité, HSE et certifications ».",LONG_TEXT,True,False,[],{},{},provider.qhse.base_subcontracting,1,10,,,,,BUSINESS,True,ARCHIVE_IF_REFERENCED,False,ACTIVE,1,MATRICIA_GOLD_MASTER_BASELINE
Q-PROV-QHSE-BASE-SECURITY,PROV_COMMON_SECURITY,QHSE,,,PROVIDER_QUALIFICATION,Qualification générale,10,"Comment protégez-vous les informations, documents et accès confiés par les clients ?","Cette information est utilisée pour qualifier le sous-traitant dans la bibliothèque « Qualité, HSE et certifications ».",LONG_TEXT,True,False,[],{},{},provider.qhse.base_security,1,10,,,,,BUSINESS,True,ARCHIVE_IF_REFERENCED,True,ACTIVE,1,MATRICIA_GOLD_MASTER_BASELINE
Q-PROV-QHSE-ISO9001-EXPERIENCE,PROV_SERVICE_EXPERIENCE,QHSE,QHSE-QMS,QHSE-ISO9001,PROVIDER_QUALIFICATION,Qualification par service,11,"Présentez votre expérience, vos références, votre équipe et votre capacité pour le service « Mise en place ISO 9001 ».",Joignez des preuves et indiquez le volume maximal que vous pouvez réaliser en processus et sites.,TABLE,True,False,[],{},{},provider.qhse_iso9001.experience_capacity,1,10,,,,,BUSINESS,True,ARCHIVE_IF_REFERENCED,False,ACTIVE,1,MATRICIA_GOLD_MASTER_BASELINE
Q-PROV-QHSE-PROCESS-EXPERIENCE,PROV_SERVICE_EXPERIENCE,QHSE,QHSE-QMS,QHSE-PROCESS,PROVIDER_QUALIFICATION,Qualification par service,12,"Présentez votre expérience, vos références, votre équipe et votre capacité pour le service « Cartographie et optimisation des processus ».",Joignez des preuves et indiquez le volume maximal que vous pouvez réaliser en processus et départements.,TABLE,True,False,[],{},{},provider.qhse_process.experience_capacity,1,10,,,,,BUSINESS,True,ARCHIVE_IF_REFERENCED,False,ACTIVE,1,MATRICIA_GOLD_MASTER_BASELINE
Q-PROV-QHSE-SUPPLIER-QUALITY-EXPERIENCE,PROV_SERVICE_EXPERIENCE,QHSE,QHSE-QMS,QHSE-SUPPLIER-QUALITY,PROVIDER_QUALIFICATION,Qualification par service,13,"Présentez votre expérience, vos références, votre équipe et votre capacité pour le service « Qualité fournisseurs ».",Joignez des preuves et indiquez le volume maximal que vous pouvez réaliser en fournisseurs et familles.,TABLE,True,False,[],{},{},provider.qhse_supplier_quality.experience_capacity,1,10,,,,,BUSINESS,True,ARCHIVE_IF_REFERENCED,False,ACTIVE,1,MATRICIA_GOLD_MASTER_BASELINE
Q-PROV-QHSE-ISO14001-EXPERIENCE,PROV_SERVICE_EXPERIENCE,QHSE,QHSE-ENV,QHSE-ISO14001,PROVIDER_QUALIFICATION,Qualification par service,14,"Présentez votre expérience, vos références, votre équipe et votre capacité pour le service « Mise en place ISO 14001 ».",Joignez des preuves et indiquez le volume maximal que vous pouvez réaliser en sites et aspects.,TABLE,True,False,[],{},{},provider.qhse_iso14001.experience_capacity,1,10,,,,,BUSINESS,True,ARCHIVE_IF_REFERENCED,False,ACTIVE,1,MATRICIA_GOLD_MASTER_BASELINE
Q-PROV-QHSE-ENV-AUDIT-EXPERIENCE,PROV_SERVICE_EXPERIENCE,QHSE,QHSE-ENV,QHSE-ENV-AUDIT,PROVIDER_QUALIFICATION,Qualification par service,15,"Présentez votre expérience, vos références, votre équipe et votre capacité pour le service « Audit environnemental ».",Joignez des preuves et indiquez le volume maximal que vous pouvez réaliser en sites et impacts.,TABLE,True,False,[],{},{},provider.qhse_env_audit.experience_capacity,1,10,,,,,BUSINESS,True,ARCHIVE_IF_REFERENCED,False,ACTIVE,1,MATRICIA_GOLD_MASTER_BASELINE
Q-PROV-QHSE-WASTE-EXPERIENCE,PROV_SERVICE_EXPERIENCE,QHSE,QHSE-ENV,QHSE-WASTE,PROVIDER_QUALIFICATION,Qualification par service,16,"Présentez votre expérience, vos références, votre équipe et votre capacité pour le service « Plan de gestion des déchets ».",Joignez des preuves et indiquez le volume maximal que vous pouvez réaliser en flux et tonnes.,TABLE,True,False,[],{},{},provider.qhse_waste.experience_capacity,1,10,,,,,BUSINESS,True,ARCHIVE_IF_REFERENCED,False,ACTIVE,1,MATRICIA_GOLD_MASTER_BASELINE
Q-PROV-QHSE-ISO45001-EXPERIENCE,PROV_SERVICE_EXPERIENCE,QHSE,QHSE-OHS,QHSE-ISO45001,PROVIDER_QUALIFICATION,Qualification par service,17,"Présentez votre expérience, vos références, votre équipe et votre capacité pour le service « Mise en place ISO 45001 ».",Joignez des preuves et indiquez le volume maximal que vous pouvez réaliser en sites et salariés.,TABLE,True,False,[],{},{},provider.qhse_iso45001.experience_capacity,1,10,,,,,BUSINESS,True,ARCHIVE_IF_REFERENCED,False,ACTIVE,1,MATRICIA_GOLD_MASTER_BASELINE
Q-PROV-QHSE-SAFETY-AUDIT-EXPERIENCE,PROV_SERVICE_EXPERIENCE,QHSE,QHSE-OHS,QHSE-SAFETY-AUDIT,PROVIDER_QUALIFICATION,Qualification par service,18,"Présentez votre expérience, vos références, votre équipe et votre capacité pour le service « Audit santé et sécurité au travail ».",Joignez des preuves et indiquez le volume maximal que vous pouvez réaliser en sites et postes.,TABLE,True,False,[],{},{},provider.qhse_safety_audit.experience_capacity,1,10,,,,,BUSINESS,True,ARCHIVE_IF_REFERENCED,False,ACTIVE,1,MATRICIA_GOLD_MASTER_BASELINE
Q-PROV-QHSE-RISK-ASSESS-EXPERIENCE,PROV_SERVICE_EXPERIENCE,QHSE,QHSE-OHS,QHSE-RISK-ASSESS,PROVIDER_QUALIFICATION,Qualification par service,19,"Présentez votre expérience, vos références, votre équipe et votre capacité pour le service « Évaluation des risques professionnels ».",Joignez des preuves et indiquez le volume maximal que vous pouvez réaliser en postes et unités.,TABLE,True,False,[],{},{},provider.qhse_risk_assess.experience_capacity,1,10,,,,,BUSINESS,True,ARCHIVE_IF_REFERENCED,False,ACTIVE,1,MATRICIA_GOLD_MASTER_BASELINE
Q-PROV-QHSE-HSE-PLAN-EXPERIENCE,PROV_SERVICE_EXPERIENCE,QHSE,QHSE-OHS,QHSE-HSE-PLAN,PROVIDER_QUALIFICATION,Qualification par service,20,"Présentez votre expérience, vos références, votre équipe et votre capacité pour le service « Plan HSE chantier ou site ».",Joignez des preuves et indiquez le volume maximal que vous pouvez réaliser en sites et intervenants.,TABLE,True,False,[],{},{},provider.qhse_hse_plan.experience_capacity,1,10,,,,,BUSINESS,True,ARCHIVE_IF_REFERENCED,False,ACTIVE,1,MATRICIA_GOLD_MASTER_BASELINE
Q-PROV-QHSE-HACCP-EXPERIENCE,PROV_SERVICE_EXPERIENCE,QHSE,QHSE-FOOD,QHSE-HACCP,PROVIDER_QUALIFICATION,Qualification par service,21,"Présentez votre expérience, vos références, votre équipe et votre capacité pour le service « Mise en place HACCP ».",Joignez des preuves et indiquez le volume maximal que vous pouvez réaliser en produits et lignes.,TABLE,True,False,[],{},{},provider.qhse_haccp.experience_capacity,1,10,,,,,BUSINESS,True,ARCHIVE_IF_REFERENCED,False,ACTIVE,1,MATRICIA_GOLD_MASTER_BASELINE
Q-PROV-QHSE-ISO22000-EXPERIENCE,PROV_SERVICE_EXPERIENCE,QHSE,QHSE-FOOD,QHSE-ISO22000,PROVIDER_QUALIFICATION,Qualification par service,22,"Présentez votre expérience, vos références, votre équipe et votre capacité pour le service « Mise en place ISO 22000 ».",Joignez des preuves et indiquez le volume maximal que vous pouvez réaliser en sites et produits.,TABLE,True,False,[],{},{},provider.qhse_iso22000.experience_capacity,1,10,,,,,BUSINESS,True,ARCHIVE_IF_REFERENCED,False,ACTIVE,1,MATRICIA_GOLD_MASTER_BASELINE
Q-PROV-QHSE-FOOD-AUDIT-EXPERIENCE,PROV_SERVICE_EXPERIENCE,QHSE,QHSE-FOOD,QHSE-FOOD-AUDIT,PROVIDER_QUALIFICATION,Qualification par service,23,"Présentez votre expérience, vos références, votre équipe et votre capacité pour le service « Audit hygiène et sécurité alimentaire ».",Joignez des preuves et indiquez le volume maximal que vous pouvez réaliser en sites et zones.,TABLE,True,False,[],{},{},provider.qhse_food_audit.experience_capacity,1,10,,,,,BUSINESS,True,ARCHIVE_IF_REFERENCED,False,ACTIVE,1,MATRICIA_GOLD_MASTER_BASELINE
Q-PROV-QHSE-ISO17025-EXPERIENCE,PROV_SERVICE_EXPERIENCE,QHSE,QHSE-LAB,QHSE-ISO17025,PROVIDER_QUALIFICATION,Qualification par service,24,"Présentez votre expérience, vos références, votre équipe et votre capacité pour le service « Préparation ISO/IEC 17025 laboratoire ».",Joignez des preuves et indiquez le volume maximal que vous pouvez réaliser en méthodes et équipements.,TABLE,True,False,[],{},{},provider.qhse_iso17025.experience_capacity,1,10,,,,,BUSINESS,True,ARCHIVE_IF_REFERENCED,False,ACTIVE,1,MATRICIA_GOLD_MASTER_BASELINE
Q-PROV-QHSE-METROLOGY-EXPERIENCE,PROV_SERVICE_EXPERIENCE,QHSE,QHSE-LAB,QHSE-METROLOGY,PROVIDER_QUALIFICATION,Qualification par service,25,"Présentez votre expérience, vos références, votre équipe et votre capacité pour le service « Gestion de métrologie et étalonnage ».",Joignez des preuves et indiquez le volume maximal que vous pouvez réaliser en équipements et fréquences.,TABLE,True,False,[],{},{},provider.qhse_metrology.experience_capacity,1,10,,,,,BUSINESS,True,ARCHIVE_IF_REFERENCED,False,ACTIVE,1,MATRICIA_GOLD_MASTER_BASELINE
Q-PROV-QHSE-INTERNAL-AUDIT-EXPERIENCE,PROV_SERVICE_EXPERIENCE,QHSE,QHSE-AUDIT,QHSE-INTERNAL-AUDIT,PROVIDER_QUALIFICATION,Qualification par service,26,"Présentez votre expérience, vos références, votre équipe et votre capacité pour le service « Audit interne de système de management ».",Joignez des preuves et indiquez le volume maximal que vous pouvez réaliser en processus et jours.,TABLE,True,False,[],{},{},provider.qhse_internal_audit.experience_capacity,1,10,,,,,BUSINESS,True,ARCHIVE_IF_REFERENCED,False,ACTIVE,1,MATRICIA_GOLD_MASTER_BASELINE
Q-PROV-QHSE-CAPA-EXPERIENCE,PROV_SERVICE_EXPERIENCE,QHSE,QHSE-AUDIT,QHSE-CAPA,PROVIDER_QUALIFICATION,Qualification par service,27,"Présentez votre expérience, vos références, votre équipe et votre capacité pour le service « Gestion des non-conformités et CAPA ».",Joignez des preuves et indiquez le volume maximal que vous pouvez réaliser en incidents et processus.,TABLE,True,False,[],{},{},provider.qhse_capa.experience_capacity,1,10,,,,,BUSINESS,True,ARCHIVE_IF_REFERENCED,False,ACTIVE,1,MATRICIA_GOLD_MASTER_BASELINE
Q-PROV-QHSE-DOC-MGMT-EXPERIENCE,PROV_SERVICE_EXPERIENCE,QHSE,QHSE-DOC,QHSE-DOC-MGMT,PROVIDER_QUALIFICATION,Qualification par service,28,"Présentez votre expérience, vos références, votre équipe et votre capacité pour le service « Système documentaire qualité/HSE ».",Joignez des preuves et indiquez le volume maximal que vous pouvez réaliser en documents et utilisateurs.,TABLE,True,False,[],{},{},provider.qhse_doc_mgmt.experience_capacity,1,10,,,,,BUSINESS,True,ARCHIVE_IF_REFERENCED,False,ACTIVE,1,MATRICIA_GOLD_MASTER_BASELINE
Q-PROV-QHSE-INTEGRATED-EXPERIENCE,PROV_SERVICE_EXPERIENCE,QHSE,QHSE-CERT,QHSE-INTEGRATED,PROVIDER_QUALIFICATION,Qualification par service,29,"Présentez votre expérience, vos références, votre équipe et votre capacité pour le service « Système intégré Qualité-Environnement-Sécurité ».",Joignez des preuves et indiquez le volume maximal que vous pouvez réaliser en référentiels et sites.,TABLE,True,False,[],{},{},provider.qhse_integrated.experience_capacity,1,10,,,,,BUSINESS,True,ARCHIVE_IF_REFERENCED,False,ACTIVE,1,MATRICIA_GOLD_MASTER_BASELINE
Q-PROV-QHSE-CERT-PREP-EXPERIENCE,PROV_SERVICE_EXPERIENCE,QHSE,QHSE-CERT,QHSE-CERT-PREP,PROVIDER_QUALIFICATION,Qualification par service,30,"Présentez votre expérience, vos références, votre équipe et votre capacité pour le service « Préparation et accompagnement à la certification ».",Joignez des preuves et indiquez le volume maximal que vous pouvez réaliser en sites et audits.,TABLE,True,False,[],{},{},provider.qhse_cert_prep.experience_capacity,1,10,,,,,BUSINESS,True,ARCHIVE_IF_REFERENCED,False,ACTIVE,1,MATRICIA_GOLD_MASTER_BASELINE
Q-PROV-SALES-BASE-LEGAL,PROV_COMMON_LEGAL,SALES,,,PROVIDER_QUALIFICATION,Qualification générale,1,Votre entreprise est-elle administrativement active et autorisée à fournir les prestations de cette bibliothèque ?,"Cette information est utilisée pour qualifier le sous-traitant dans la bibliothèque « Commercial, vente et expérience client ».",YES_NO,True,False,[],{},{},provider.sales.base_legal,1,10,,,,,BUSINESS,True,ARCHIVE_IF_REFERENCED,True,ACTIVE,1,MATRICIA_GOLD_MASTER_BASELINE
Q-PROV-SALES-BASE-INSURANCE,PROV_COMMON_INSURANCE,SALES,,,PROVIDER_QUALIFICATION,Qualification générale,2,Disposez-vous d’une assurance responsabilité professionnelle adaptée aux services proposés ?,"Cette information est utilisée pour qualifier le sous-traitant dans la bibliothèque « Commercial, vente et expérience client ».",YES_NO,True,False,[],{},{},provider.sales.base_insurance,1,10,,,,,BUSINESS,True,ARCHIVE_IF_REFERENCED,True,ACTIVE,1,MATRICIA_GOLD_MASTER_BASELINE
Q-PROV-SALES-BASE-TEAM,PROV_COMMON_TEAM,SALES,,,PROVIDER_QUALIFICATION,Qualification générale,3,"Décrivez la taille, les rôles et l’expérience de l’équipe affectable à cette bibliothèque.","Cette information est utilisée pour qualifier le sous-traitant dans la bibliothèque « Commercial, vente et expérience client ».",TABLE,True,False,[],{},{},provider.sales.base_team,1,10,,,,,BUSINESS,True,ARCHIVE_IF_REFERENCED,False,ACTIVE,1,MATRICIA_GOLD_MASTER_BASELINE
Q-PROV-SALES-BASE-REFERENCES,PROV_COMMON_REFERENCES,SALES,,,PROVIDER_QUALIFICATION,Qualification générale,4,Fournissez au moins trois références comparables réalisées récemment.,"Cette information est utilisée pour qualifier le sous-traitant dans la bibliothèque « Commercial, vente et expérience client ».",TABLE,True,False,[],{},{},provider.sales.base_references,1,10,,,,,BUSINESS,True,ARCHIVE_IF_REFERENCED,False,ACTIVE,1,MATRICIA_GOLD_MASTER_BASELINE
Q-PROV-SALES-BASE-CAPACITY,PROV_COMMON_CAPACITY,SALES,,,PROVIDER_QUALIFICATION,Qualification générale,5,Quelle capacité mensuelle pouvez-vous garantir sans dégrader la qualité ?,"Cette information est utilisée pour qualifier le sous-traitant dans la bibliothèque « Commercial, vente et expérience client ».",QUANTITY,True,False,[],{},{},provider.sales.base_capacity,1,10,,,,,BUSINESS,True,ARCHIVE_IF_REFERENCED,False,ACTIVE,1,MATRICIA_GOLD_MASTER_BASELINE
Q-PROV-SALES-BASE-REGIONS,PROV_COMMON_REGIONS,SALES,,,PROVIDER_QUALIFICATION,Qualification générale,6,Dans quelles régions pouvez-vous intervenir sur site et à distance ?,"Cette information est utilisée pour qualifier le sous-traitant dans la bibliothèque « Commercial, vente et expérience client ».",MULTIPLE_CHOICE,True,False,[],{},{},provider.sales.base_regions,1,10,,,,,BUSINESS,True,ARCHIVE_IF_REFERENCED,False,ACTIVE,1,MATRICIA_GOLD_MASTER_BASELINE
Q-PROV-SALES-BASE-SLA,PROV_COMMON_SLA,SALES,,,PROVIDER_QUALIFICATION,Qualification générale,7,"Quels délais de réponse, démarrage, correction et support pouvez-vous garantir ?","Cette information est utilisée pour qualifier le sous-traitant dans la bibliothèque « Commercial, vente et expérience client ».",TABLE,True,False,[],{},{},provider.sales.base_sla,1,10,,,,,BUSINESS,True,ARCHIVE_IF_REFERENCED,False,ACTIVE,1,MATRICIA_GOLD_MASTER_BASELINE
Q-PROV-SALES-BASE-QUALITY,PROV_COMMON_QUALITY,SALES,,,PROVIDER_QUALIFICATION,Qualification générale,8,Quel processus de contrôle qualité appliquez-vous avant livraison ?,"Cette information est utilisée pour qualifier le sous-traitant dans la bibliothèque « Commercial, vente et expérience client ».",LONG_TEXT,True,False,[],{},{},provider.sales.base_quality,1,10,,,,,BUSINESS,True,ARCHIVE_IF_REFERENCED,False,ACTIVE,1,MATRICIA_GOLD_MASTER_BASELINE
Q-PROV-SALES-BASE-SUBCONTRACTING,PROV_COMMON_SUBCONTRACTING,SALES,,,PROVIDER_QUALIFICATION,Qualification générale,9,"Recourez-vous à de la sous-traitance secondaire et, si oui, comment la contrôlez-vous ?","Cette information est utilisée pour qualifier le sous-traitant dans la bibliothèque « Commercial, vente et expérience client ».",LONG_TEXT,True,False,[],{},{},provider.sales.base_subcontracting,1,10,,,,,BUSINESS,True,ARCHIVE_IF_REFERENCED,False,ACTIVE,1,MATRICIA_GOLD_MASTER_BASELINE
Q-PROV-SALES-BASE-SECURITY,PROV_COMMON_SECURITY,SALES,,,PROVIDER_QUALIFICATION,Qualification générale,10,"Comment protégez-vous les informations, documents et accès confiés par les clients ?","Cette information est utilisée pour qualifier le sous-traitant dans la bibliothèque « Commercial, vente et expérience client ».",LONG_TEXT,True,False,[],{},{},provider.sales.base_security,1,10,,,,,BUSINESS,True,ARCHIVE_IF_REFERENCED,True,ACTIVE,1,MATRICIA_GOLD_MASTER_BASELINE
Q-PROV-SALES-AUDIT-EXPERIENCE,PROV_SERVICE_EXPERIENCE,SALES,SALES-STRAT,SALES-AUDIT,PROVIDER_QUALIFICATION,Qualification par service,11,"Présentez votre expérience, vos références, votre équipe et votre capacité pour le service « Audit commercial ».","Joignez des preuves et indiquez le volume maximal que vous pouvez réaliser en équipes, canaux et offres.",TABLE,True,False,[],{},{},provider.sales_audit.experience_capacity,1,10,,,,,BUSINESS,True,ARCHIVE_IF_REFERENCED,False,ACTIVE,1,MATRICIA_GOLD_MASTER_BASELINE
Q-PROV-SALES-GTM-EXPERIENCE,PROV_SERVICE_EXPERIENCE,SALES,SALES-STRAT,SALES-GTM,PROVIDER_QUALIFICATION,Qualification par service,12,"Présentez votre expérience, vos références, votre équipe et votre capacité pour le service « Stratégie go-to-market ».","Joignez des preuves et indiquez le volume maximal que vous pouvez réaliser en marchés, segments et offres.",TABLE,True,False,[],{},{},provider.sales_gtm.experience_capacity,1,10,,,,,BUSINESS,True,ARCHIVE_IF_REFERENCED,False,ACTIVE,1,MATRICIA_GOLD_MASTER_BASELINE
Q-PROV-SALES-MARKET-RESEARCH-EXPERIENCE,PROV_SERVICE_EXPERIENCE,SALES,SALES-STRAT,SALES-MARKET-RESEARCH,PROVIDER_QUALIFICATION,Qualification par service,13,"Présentez votre expérience, vos références, votre équipe et votre capacité pour le service « Étude de marché et segmentation clients ».",Joignez des preuves et indiquez le volume maximal que vous pouvez réaliser en segments et zones.,TABLE,True,False,[],{},{},provider.sales_market_research.experience_capacity,1,10,,,,,BUSINESS,True,ARCHIVE_IF_REFERENCED,False,ACTIVE,1,MATRICIA_GOLD_MASTER_BASELINE
Q-PROV-SALES-PRICING-EXPERIENCE,PROV_SERVICE_EXPERIENCE,SALES,SALES-STRAT,SALES-PRICING,PROVIDER_QUALIFICATION,Qualification par service,14,"Présentez votre expérience, vos références, votre équipe et votre capacité pour le service « Stratégie de prix et politique commerciale ».",Joignez des preuves et indiquez le volume maximal que vous pouvez réaliser en offres et segments.,TABLE,True,False,[],{},{},provider.sales_pricing.experience_capacity,1,10,,,,,BUSINESS,True,ARCHIVE_IF_REFERENCED,False,ACTIVE,1,MATRICIA_GOLD_MASTER_BASELINE
Q-PROV-SALES-PROCESS-EXPERIENCE,PROV_SERVICE_EXPERIENCE,SALES,SALES-PROC,SALES-PROCESS,PROVIDER_QUALIFICATION,Qualification par service,15,"Présentez votre expérience, vos références, votre équipe et votre capacité pour le service « Conception du processus de vente ».",Joignez des preuves et indiquez le volume maximal que vous pouvez réaliser en étapes et équipes.,TABLE,True,False,[],{},{},provider.sales_process.experience_capacity,1,10,,,,,BUSINESS,True,ARCHIVE_IF_REFERENCED,False,ACTIVE,1,MATRICIA_GOLD_MASTER_BASELINE
Q-PROV-SALES-PIPELINE-EXPERIENCE,PROV_SERVICE_EXPERIENCE,SALES,SALES-PROC,SALES-PIPELINE,PROVIDER_QUALIFICATION,Qualification par service,16,"Présentez votre expérience, vos références, votre équipe et votre capacité pour le service « Mise en place du pipeline et prévisions commerciales ».",Joignez des preuves et indiquez le volume maximal que vous pouvez réaliser en opportunités et équipes.,TABLE,True,False,[],{},{},provider.sales_pipeline.experience_capacity,1,10,,,,,BUSINESS,True,ARCHIVE_IF_REFERENCED,False,ACTIVE,1,MATRICIA_GOLD_MASTER_BASELINE
Q-PROV-SALES-TENDER-EXPERIENCE,PROV_SERVICE_EXPERIENCE,SALES,SALES-PROC,SALES-TENDER,PROVIDER_QUALIFICATION,Qualification par service,17,"Présentez votre expérience, vos références, votre équipe et votre capacité pour le service « Réponse aux appels d’offres commerciaux ».",Joignez des preuves et indiquez le volume maximal que vous pouvez réaliser en dossiers et lots.,TABLE,True,False,[],{},{},provider.sales_tender.experience_capacity,1,10,,,,,BUSINESS,True,ARCHIVE_IF_REFERENCED,False,ACTIVE,1,MATRICIA_GOLD_MASTER_BASELINE
Q-PROV-SALES-CRM-IMPL-EXPERIENCE,PROV_SERVICE_EXPERIENCE,SALES,SALES-CRM,SALES-CRM-IMPL,PROVIDER_QUALIFICATION,Qualification par service,18,"Présentez votre expérience, vos références, votre équipe et votre capacité pour le service « Choix et déploiement CRM ».",Joignez des preuves et indiquez le volume maximal que vous pouvez réaliser en utilisateurs et pipelines.,TABLE,True,False,[],{},{},provider.sales_crm_impl.experience_capacity,1,10,,,,,BUSINESS,True,ARCHIVE_IF_REFERENCED,False,ACTIVE,1,MATRICIA_GOLD_MASTER_BASELINE
Q-PROV-SALES-SALES-AUTO-EXPERIENCE,PROV_SERVICE_EXPERIENCE,SALES,SALES-CRM,SALES-SALES-AUTO,PROVIDER_QUALIFICATION,Qualification par service,19,"Présentez votre expérience, vos références, votre équipe et votre capacité pour le service « Automatisation commerciale et séquences ».",Joignez des preuves et indiquez le volume maximal que vous pouvez réaliser en contacts et scénarios.,TABLE,True,False,[],{},{},provider.sales_sales_auto.experience_capacity,1,10,,,,,BUSINESS,True,ARCHIVE_IF_REFERENCED,False,ACTIVE,1,MATRICIA_GOLD_MASTER_BASELINE
Q-PROV-SALES-LEADGEN-EXPERIENCE,PROV_SERVICE_EXPERIENCE,SALES,SALES-LEAD,SALES-LEADGEN,PROVIDER_QUALIFICATION,Qualification par service,20,"Présentez votre expérience, vos références, votre équipe et votre capacité pour le service « Génération de leads B2B/B2C ».",Joignez des preuves et indiquez le volume maximal que vous pouvez réaliser en leads et marchés.,TABLE,True,False,[],{},{},provider.sales_leadgen.experience_capacity,1,10,,,,,BUSINESS,True,ARCHIVE_IF_REFERENCED,False,ACTIVE,1,MATRICIA_GOLD_MASTER_BASELINE
Q-PROV-SALES-TELEMARKETING-EXPERIENCE,PROV_SERVICE_EXPERIENCE,SALES,SALES-LEAD,SALES-TELEMARKETING,PROVIDER_QUALIFICATION,Qualification par service,21,"Présentez votre expérience, vos références, votre équipe et votre capacité pour le service « Téléprospection et prise de rendez-vous ».",Joignez des preuves et indiquez le volume maximal que vous pouvez réaliser en contacts et rendez-vous.,TABLE,True,False,[],{},{},provider.sales_telemarketing.experience_capacity,1,10,,,,,BUSINESS,True,ARCHIVE_IF_REFERENCED,False,ACTIVE,1,MATRICIA_GOLD_MASTER_BASELINE
Q-PROV-SALES-SCRIPTS-EXPERIENCE,PROV_SERVICE_EXPERIENCE,SALES,SALES-LEAD,SALES-SCRIPTS,PROVIDER_QUALIFICATION,Qualification par service,22,"Présentez votre expérience, vos références, votre équipe et votre capacité pour le service « Scripts, argumentaires et outils d’aide à la vente ».",Joignez des preuves et indiquez le volume maximal que vous pouvez réaliser en offres et équipes.,TABLE,True,False,[],{},{},provider.sales_scripts.experience_capacity,1,10,,,,,BUSINESS,True,ARCHIVE_IF_REFERENCED,False,ACTIVE,1,MATRICIA_GOLD_MASTER_BASELINE
Q-PROV-SALES-ORG-EXPERIENCE,PROV_SERVICE_EXPERIENCE,SALES,SALES-TEAM,SALES-ORG,PROVIDER_QUALIFICATION,Qualification par service,23,"Présentez votre expérience, vos références, votre équipe et votre capacité pour le service « Organisation et dimensionnement de la force de vente ».",Joignez des preuves et indiquez le volume maximal que vous pouvez réaliser en commerciaux et territoires.,TABLE,True,False,[],{},{},provider.sales_org.experience_capacity,1,10,,,,,BUSINESS,True,ARCHIVE_IF_REFERENCED,False,ACTIVE,1,MATRICIA_GOLD_MASTER_BASELINE
Q-PROV-SALES-TRAIN-EXPERIENCE,PROV_SERVICE_EXPERIENCE,SALES,SALES-TEAM,SALES-TRAIN,PROVIDER_QUALIFICATION,Qualification par service,24,"Présentez votre expérience, vos références, votre équipe et votre capacité pour le service « Formation et coaching commercial ».",Joignez des preuves et indiquez le volume maximal que vous pouvez réaliser en participants et sessions.,TABLE,True,False,[],{},{},provider.sales_train.experience_capacity,1,10,,,,,BUSINESS,True,ARCHIVE_IF_REFERENCED,False,ACTIVE,1,MATRICIA_GOLD_MASTER_BASELINE
Q-PROV-SALES-KAM-EXPERIENCE,PROV_SERVICE_EXPERIENCE,SALES,SALES-TEAM,SALES-KAM,PROVIDER_QUALIFICATION,Qualification par service,25,"Présentez votre expérience, vos références, votre équipe et votre capacité pour le service « Programme grands comptes et key account management ».",Joignez des preuves et indiquez le volume maximal que vous pouvez réaliser en comptes et responsables.,TABLE,True,False,[],{},{},provider.sales_kam.experience_capacity,1,10,,,,,BUSINESS,True,ARCHIVE_IF_REFERENCED,False,ACTIVE,1,MATRICIA_GOLD_MASTER_BASELINE
Q-PROV-SALES-CHANNEL-EXPERIENCE,PROV_SERVICE_EXPERIENCE,SALES,SALES-CHANNEL,SALES-CHANNEL,PROVIDER_QUALIFICATION,Qualification par service,26,"Présentez votre expérience, vos références, votre équipe et votre capacité pour le service « Réseau de distributeurs et partenaires ».",Joignez des preuves et indiquez le volume maximal que vous pouvez réaliser en partenaires et territoires.,TABLE,True,False,[],{},{},provider.sales_channel.experience_capacity,1,10,,,,,BUSINESS,True,ARCHIVE_IF_REFERENCED,False,ACTIVE,1,MATRICIA_GOLD_MASTER_BASELINE
Q-PROV-SALES-EXPORT-EXPERIENCE,PROV_SERVICE_EXPERIENCE,SALES,SALES-CHANNEL,SALES-EXPORT,PROVIDER_QUALIFICATION,Qualification par service,27,"Présentez votre expérience, vos références, votre équipe et votre capacité pour le service « Développement commercial à l’export ».",Joignez des preuves et indiquez le volume maximal que vous pouvez réaliser en pays et marchés.,TABLE,True,False,[],{},{},provider.sales_export.experience_capacity,1,10,,,,,BUSINESS,True,ARCHIVE_IF_REFERENCED,False,ACTIVE,1,MATRICIA_GOLD_MASTER_BASELINE
Q-PROV-SALES-CX-MAP-EXPERIENCE,PROV_SERVICE_EXPERIENCE,SALES,SALES-CX,SALES-CX-MAP,PROVIDER_QUALIFICATION,Qualification par service,28,"Présentez votre expérience, vos références, votre équipe et votre capacité pour le service « Cartographie du parcours et expérience client ».",Joignez des preuves et indiquez le volume maximal que vous pouvez réaliser en parcours et segments.,TABLE,True,False,[],{},{},provider.sales_cx_map.experience_capacity,1,10,,,,,BUSINESS,True,ARCHIVE_IF_REFERENCED,False,ACTIVE,1,MATRICIA_GOLD_MASTER_BASELINE
Q-PROV-SALES-LOYALTY-EXPERIENCE,PROV_SERVICE_EXPERIENCE,SALES,SALES-CX,SALES-LOYALTY,PROVIDER_QUALIFICATION,Qualification par service,29,"Présentez votre expérience, vos références, votre équipe et votre capacité pour le service « Programme de fidélité et rétention ».",Joignez des preuves et indiquez le volume maximal que vous pouvez réaliser en clients et avantages.,TABLE,True,False,[],{},{},provider.sales_loyalty.experience_capacity,1,10,,,,,BUSINESS,True,ARCHIVE_IF_REFERENCED,False,ACTIVE,1,MATRICIA_GOLD_MASTER_BASELINE
Q-PROV-SALES-CUSTOMER-SERVICE-EXPERIENCE,PROV_SERVICE_EXPERIENCE,SALES,SALES-SERVICE,SALES-CUSTOMER-SERVICE,PROVIDER_QUALIFICATION,Qualification par service,30,"Présentez votre expérience, vos références, votre équipe et votre capacité pour le service « Mise en place ou optimisation du service client ».",Joignez des preuves et indiquez le volume maximal que vous pouvez réaliser en agents et canaux.,TABLE,True,False,[],{},{},provider.sales_customer_service.experience_capacity,1,10,,,,,BUSINESS,True,ARCHIVE_IF_REFERENCED,False,ACTIVE,1,MATRICIA_GOLD_MASTER_BASELINE
