question_id,template_key,library_code,category_code,service_code,phase,section,order,label_fr,help_fr,answer_type,required,required_for_quote,options_json,validation_json,condition_json,data_key,weight,max_score,anomaly_code,risk_code,recommendation_code,opportunity_service_code,sensitivity,modifiable_by_franchisee,deletion_policy,requires_central_approval,status,version,origin
Q-DIAG-IT-BASE-01,DIAG_COMMON_MATURITY,IT,,,DIAGNOSTIC,Diagnostic général,1,"Quel est le niveau de formalisation actuel de vos pratiques dans la bibliothèque « Informatique, cybersécurité et data » ?",Répondez selon la situation réelle de votre entreprise.,SINGLE_CHOICE,True,False,"[""INEXISTANT"", ""INFORMEL"", ""PARTIEL"", ""FORMALISE"", ""MESURE_ET_AMELIORE""]",{},{},diagnostic.it.base_maturity,2,10,ANOM-IT-BASE-MATURITY,RISK-IT-BASE-MATURITY,REC-IT-BASE-MATURITY,,BUSINESS,True,ARCHIVE_IF_REFERENCED,False,ACTIVE,1,MATRICIA_GOLD_MASTER_BASELINE
Q-DIAG-IT-BASE-02,DIAG_COMMON_OWNER,IT,,,DIAGNOSTIC,Diagnostic général,2,Un responsable clairement identifié pilote-t-il ce domaine ?,Répondez selon la situation réelle de votre entreprise.,YES_NO,True,False,"[""YES"", ""NO"", ""UNKNOWN""]",{},{},diagnostic.it.base_owner,1,10,ANOM-IT-BASE-OWNER,RISK-IT-BASE-OWNER,REC-IT-BASE-OWNER,,BUSINESS,True,ARCHIVE_IF_REFERENCED,False,ACTIVE,1,MATRICIA_GOLD_MASTER_BASELINE
Q-DIAG-IT-BASE-03,DIAG_COMMON_BUDGET,IT,,,DIAGNOSTIC,Diagnostic général,3,Un budget annuel est-il défini et suivi pour ce domaine ?,Répondez selon la situation réelle de votre entreprise.,YES_NO,True,False,"[""YES"", ""NO"", ""PARTIAL""]",{},{},diagnostic.it.base_budget,1,10,ANOM-IT-BASE-BUDGET,RISK-IT-BASE-BUDGET,REC-IT-BASE-BUDGET,,BUSINESS,True,ARCHIVE_IF_REFERENCED,False,ACTIVE,1,MATRICIA_GOLD_MASTER_BASELINE
Q-DIAG-IT-BASE-04,DIAG_COMMON_KPI,IT,,,DIAGNOSTIC,Diagnostic général,4,Disposez-vous d’indicateurs réguliers pour mesurer la performance de ce domaine ?,Répondez selon la situation réelle de votre entreprise.,YES_NO,True,False,"[""YES"", ""NO"", ""PARTIAL""]",{},{},diagnostic.it.base_kpi,1,10,ANOM-IT-BASE-KPI,RISK-IT-BASE-KPI,REC-IT-BASE-KPI,,BUSINESS,True,ARCHIVE_IF_REFERENCED,False,ACTIVE,1,MATRICIA_GOLD_MASTER_BASELINE
Q-DIAG-IT-BASE-05,DIAG_COMMON_RISKS,IT,,,DIAGNOSTIC,Diagnostic général,5,"Les risques majeurs de ce domaine sont-ils identifiés, évalués et suivis ?",Répondez selon la situation réelle de votre entreprise.,YES_NO,True,False,"[""YES"", ""NO"", ""PARTIAL""]",{},{},diagnostic.it.base_risks,2,10,ANOM-IT-BASE-RISKS,RISK-IT-BASE-RISKS,REC-IT-BASE-RISKS,,BUSINESS,True,ARCHIVE_IF_REFERENCED,True,ACTIVE,1,MATRICIA_GOLD_MASTER_BASELINE
Q-DIAG-IT-BASE-06,DIAG_COMMON_DOCUMENTATION,IT,,,DIAGNOSTIC,Diagnostic général,6,"Les politiques, procédures et responsabilités sont-elles documentées et à jour ?",Répondez selon la situation réelle de votre entreprise.,YES_NO,True,False,"[""YES"", ""NO"", ""PARTIAL""]",{},{},diagnostic.it.base_documentation,1,10,ANOM-IT-BASE-DOCUMENTATION,RISK-IT-BASE-DOCUMENTATION,REC-IT-BASE-DOCUMENTATION,,BUSINESS,True,ARCHIVE_IF_REFERENCED,False,ACTIVE,1,MATRICIA_GOLD_MASTER_BASELINE
Q-DIAG-IT-BASE-07,DIAG_COMMON_TOOLS,IT,,,DIAGNOSTIC,Diagnostic général,7,Les outils utilisés répondent-ils aux besoins et communiquent-ils correctement entre eux ?,Répondez selon la situation réelle de votre entreprise.,SINGLE_CHOICE,True,False,"[""YES"", ""PARTIAL"", ""NO"", ""UNKNOWN""]",{},{},diagnostic.it.base_tools,1,10,ANOM-IT-BASE-TOOLS,RISK-IT-BASE-TOOLS,REC-IT-BASE-TOOLS,,BUSINESS,True,ARCHIVE_IF_REFERENCED,False,ACTIVE,1,MATRICIA_GOLD_MASTER_BASELINE
Q-DIAG-IT-BASE-08,DIAG_COMMON_SKILLS,IT,,,DIAGNOSTIC,Diagnostic général,8,Les équipes disposent-elles des compétences et ressources nécessaires ?,Répondez selon la situation réelle de votre entreprise.,SINGLE_CHOICE,True,False,"[""YES"", ""PARTIAL"", ""NO"", ""UNKNOWN""]",{},{},diagnostic.it.base_skills,1,10,ANOM-IT-BASE-SKILLS,RISK-IT-BASE-SKILLS,REC-IT-BASE-SKILLS,,BUSINESS,True,ARCHIVE_IF_REFERENCED,False,ACTIVE,1,MATRICIA_GOLD_MASTER_BASELINE
Q-DIAG-IT-BASE-09,DIAG_COMMON_INCIDENTS,IT,,,DIAGNOSTIC,Diagnostic général,9,"Avez-vous connu des incidents, retards, pertes ou réclamations significatifs dans ce domaine au cours des 12 derniers mois ?",Répondez selon la situation réelle de votre entreprise.,YES_NO,True,False,"[""YES"", ""NO""]",{},{},diagnostic.it.base_incidents,2,10,ANOM-IT-BASE-INCIDENTS,RISK-IT-BASE-INCIDENTS,REC-IT-BASE-INCIDENTS,,BUSINESS,True,ARCHIVE_IF_REFERENCED,False,ACTIVE,1,MATRICIA_GOLD_MASTER_BASELINE
Q-DIAG-IT-BASE-10,DIAG_COMMON_PRIORITY,IT,,,DIAGNOSTIC,Diagnostic général,10,Souhaitez-vous faire de ce domaine une priorité d’amélioration dans les 12 prochains mois ?,Répondez selon la situation réelle de votre entreprise.,SINGLE_CHOICE,True,False,"[""HIGH"", ""MEDIUM"", ""LOW"", ""NO""]",{},{},diagnostic.it.base_priority,1,10,ANOM-IT-BASE-PRIORITY,RISK-IT-BASE-PRIORITY,REC-IT-BASE-PRIORITY,,BUSINESS,True,ARCHIVE_IF_REFERENCED,False,ACTIVE,1,MATRICIA_GOLD_MASTER_BASELINE
Q-DIAG-IT-AUDIT-SI-EXISTS,DIAG_SERVICE_EXISTS,IT,IT-GOV,IT-AUDIT-SI,DIAGNOSTIC,Diagnostic par service,11,Disposez-vous actuellement d’un dispositif ou processus formalisé pour « Audit du système d’information et feuille de route » ?,La réponse peut générer une recommandation liée au service « Audit du système d’information et feuille de route ».,SINGLE_CHOICE,True,False,"[""YES"", ""PARTIAL"", ""NO"", ""UNKNOWN""]",{},{},diagnostic.it_audit_si.exists,2,10,ANOM-IT-AUDIT-SI-EXISTS,RISK-IT-AUDIT-SI-EXISTS,REC-IT-AUDIT-SI-EXISTS,IT-AUDIT-SI,BUSINESS,True,ARCHIVE_IF_REFERENCED,False,ACTIVE,1,MATRICIA_GOLD_MASTER_BASELINE
Q-DIAG-IT-AUDIT-SI-PERFORMANCE,DIAG_SERVICE_PERFORMANCE,IT,IT-GOV,IT-AUDIT-SI,DIAGNOSTIC,Diagnostic par service,12,Comment évaluez-vous la performance actuelle de « Audit du système d’information et feuille de route » ?,La réponse peut générer une recommandation liée au service « Audit du système d’information et feuille de route ».,RATING_5,True,False,[],{},{},diagnostic.it_audit_si.performance,2,10,ANOM-IT-AUDIT-SI-PERFORMANCE,RISK-IT-AUDIT-SI-PERFORMANCE,REC-IT-AUDIT-SI-PERFORMANCE,IT-AUDIT-SI,BUSINESS,True,ARCHIVE_IF_REFERENCED,False,ACTIVE,1,MATRICIA_GOLD_MASTER_BASELINE
Q-DIAG-IT-AUDIT-SI-ISSUES,DIAG_SERVICE_ISSUES,IT,IT-GOV,IT-AUDIT-SI,DIAGNOSTIC,Diagnostic par service,13,"Quels problèmes, retards, incidents ou insatisfactions rencontrez-vous concernant « Audit du système d’information et feuille de route » ?",La réponse peut générer une recommandation liée au service « Audit du système d’information et feuille de route ».,LONG_TEXT,False,False,[],{},{},diagnostic.it_audit_si.issues,1,10,ANOM-IT-AUDIT-SI-ISSUES,RISK-IT-AUDIT-SI-ISSUES,REC-IT-AUDIT-SI-ISSUES,IT-AUDIT-SI,BUSINESS,True,ARCHIVE_IF_REFERENCED,False,ACTIVE,1,MATRICIA_GOLD_MASTER_BASELINE
Q-DIAG-IT-ARCHI-EXISTS,DIAG_SERVICE_EXISTS,IT,IT-GOV,IT-ARCHI,DIAGNOSTIC,Diagnostic par service,14,Disposez-vous actuellement d’un dispositif ou processus formalisé pour « Architecture et urbanisation du système d’information » ?,La réponse peut générer une recommandation liée au service « Architecture et urbanisation du système d’information ».,SINGLE_CHOICE,True,False,"[""YES"", ""PARTIAL"", ""NO"", ""UNKNOWN""]",{},{},diagnostic.it_archi.exists,2,10,ANOM-IT-ARCHI-EXISTS,RISK-IT-ARCHI-EXISTS,REC-IT-ARCHI-EXISTS,IT-ARCHI,BUSINESS,True,ARCHIVE_IF_REFERENCED,False,ACTIVE,1,MATRICIA_GOLD_MASTER_BASELINE
Q-DIAG-IT-ARCHI-PERFORMANCE,DIAG_SERVICE_PERFORMANCE,IT,IT-GOV,IT-ARCHI,DIAGNOSTIC,Diagnostic par service,15,Comment évaluez-vous la performance actuelle de « Architecture et urbanisation du système d’information » ?,La réponse peut générer une recommandation liée au service « Architecture et urbanisation du système d’information ».,RATING_5,True,False,[],{},{},diagnostic.it_archi.performance,2,10,ANOM-IT-ARCHI-PERFORMANCE,RISK-IT-ARCHI-PERFORMANCE,REC-IT-ARCHI-PERFORMANCE,IT-ARCHI,BUSINESS,True,ARCHIVE_IF_REFERENCED,False,ACTIVE,1,MATRICIA_GOLD_MASTER_BASELINE
Q-DIAG-IT-ARCHI-ISSUES,DIAG_SERVICE_ISSUES,IT,IT-GOV,IT-ARCHI,DIAGNOSTIC,Diagnostic par service,16,"Quels problèmes, retards, incidents ou insatisfactions rencontrez-vous concernant « Architecture et urbanisation du système d’information » ?",La réponse peut générer une recommandation liée au service « Architecture et urbanisation du système d’information ».,LONG_TEXT,False,False,[],{},{},diagnostic.it_archi.issues,1,10,ANOM-IT-ARCHI-ISSUES,RISK-IT-ARCHI-ISSUES,REC-IT-ARCHI-ISSUES,IT-ARCHI,BUSINESS,True,ARCHIVE_IF_REFERENCED,False,ACTIVE,1,MATRICIA_GOLD_MASTER_BASELINE
Q-DIAG-IT-NETWORK-EXISTS,DIAG_SERVICE_EXISTS,IT,IT-INFRA,IT-NETWORK,DIAGNOSTIC,Diagnostic par service,17,Disposez-vous actuellement d’un dispositif ou processus formalisé pour « Conception et installation réseau LAN/Wi-Fi » ?,La réponse peut générer une recommandation liée au service « Conception et installation réseau LAN/Wi-Fi ».,SINGLE_CHOICE,True,False,"[""YES"", ""PARTIAL"", ""NO"", ""UNKNOWN""]",{},{},diagnostic.it_network.exists,2,10,ANOM-IT-NETWORK-EXISTS,RISK-IT-NETWORK-EXISTS,REC-IT-NETWORK-EXISTS,IT-NETWORK,BUSINESS,True,ARCHIVE_IF_REFERENCED,False,ACTIVE,1,MATRICIA_GOLD_MASTER_BASELINE
Q-DIAG-IT-NETWORK-PERFORMANCE,DIAG_SERVICE_PERFORMANCE,IT,IT-INFRA,IT-NETWORK,DIAGNOSTIC,Diagnostic par service,18,Comment évaluez-vous la performance actuelle de « Conception et installation réseau LAN/Wi-Fi » ?,La réponse peut générer une recommandation liée au service « Conception et installation réseau LAN/Wi-Fi ».,RATING_5,True,False,[],{},{},diagnostic.it_network.performance,2,10,ANOM-IT-NETWORK-PERFORMANCE,RISK-IT-NETWORK-PERFORMANCE,REC-IT-NETWORK-PERFORMANCE,IT-NETWORK,BUSINESS,True,ARCHIVE_IF_REFERENCED,False,ACTIVE,1,MATRICIA_GOLD_MASTER_BASELINE
Q-DIAG-IT-NETWORK-ISSUES,DIAG_SERVICE_ISSUES,IT,IT-INFRA,IT-NETWORK,DIAGNOSTIC,Diagnostic par service,19,"Quels problèmes, retards, incidents ou insatisfactions rencontrez-vous concernant « Conception et installation réseau LAN/Wi-Fi » ?",La réponse peut générer une recommandation liée au service « Conception et installation réseau LAN/Wi-Fi ».,LONG_TEXT,False,False,[],{},{},diagnostic.it_network.issues,1,10,ANOM-IT-NETWORK-ISSUES,RISK-IT-NETWORK-ISSUES,REC-IT-NETWORK-ISSUES,IT-NETWORK,BUSINESS,True,ARCHIVE_IF_REFERENCED,False,ACTIVE,1,MATRICIA_GOLD_MASTER_BASELINE
Q-DIAG-IT-FIREWALL-EXISTS,DIAG_SERVICE_EXISTS,IT,IT-INFRA,IT-FIREWALL,DIAGNOSTIC,Diagnostic par service,20,Disposez-vous actuellement d’un dispositif ou processus formalisé pour « Déploiement de pare-feu et sécurisation réseau » ?,La réponse peut générer une recommandation liée au service « Déploiement de pare-feu et sécurisation réseau ».,SINGLE_CHOICE,True,False,"[""YES"", ""PARTIAL"", ""NO"", ""UNKNOWN""]",{},{},diagnostic.it_firewall.exists,2,10,ANOM-IT-FIREWALL-EXISTS,RISK-IT-FIREWALL-EXISTS,REC-IT-FIREWALL-EXISTS,IT-FIREWALL,BUSINESS,True,ARCHIVE_IF_REFERENCED,False,ACTIVE,1,MATRICIA_GOLD_MASTER_BASELINE
Q-DIAG-IT-FIREWALL-PERFORMANCE,DIAG_SERVICE_PERFORMANCE,IT,IT-INFRA,IT-FIREWALL,DIAGNOSTIC,Diagnostic par service,21,Comment évaluez-vous la performance actuelle de « Déploiement de pare-feu et sécurisation réseau » ?,La réponse peut générer une recommandation liée au service « Déploiement de pare-feu et sécurisation réseau ».,RATING_5,True,False,[],{},{},diagnostic.it_firewall.performance,2,10,ANOM-IT-FIREWALL-PERFORMANCE,RISK-IT-FIREWALL-PERFORMANCE,REC-IT-FIREWALL-PERFORMANCE,IT-FIREWALL,BUSINESS,True,ARCHIVE_IF_REFERENCED,False,ACTIVE,1,MATRICIA_GOLD_MASTER_BASELINE
Q-DIAG-IT-FIREWALL-ISSUES,DIAG_SERVICE_ISSUES,IT,IT-INFRA,IT-FIREWALL,DIAGNOSTIC,Diagnostic par service,22,"Quels problèmes, retards, incidents ou insatisfactions rencontrez-vous concernant « Déploiement de pare-feu et sécurisation réseau » ?",La réponse peut générer une recommandation liée au service « Déploiement de pare-feu et sécurisation réseau ».,LONG_TEXT,False,False,[],{},{},diagnostic.it_firewall.issues,1,10,ANOM-IT-FIREWALL-ISSUES,RISK-IT-FIREWALL-ISSUES,REC-IT-FIREWALL-ISSUES,IT-FIREWALL,BUSINESS,True,ARCHIVE_IF_REFERENCED,False,ACTIVE,1,MATRICIA_GOLD_MASTER_BASELINE
Q-DIAG-IT-VOIP-EXISTS,DIAG_SERVICE_EXISTS,IT,IT-INFRA,IT-VOIP,DIAGNOSTIC,Diagnostic par service,23,"Disposez-vous actuellement d’un dispositif ou processus formalisé pour « Téléphonie IP, centre d’appels et communications unifiées » ?","La réponse peut générer une recommandation liée au service « Téléphonie IP, centre d’appels et communications unifiées ».",SINGLE_CHOICE,True,False,"[""YES"", ""PARTIAL"", ""NO"", ""UNKNOWN""]",{},{},diagnostic.it_voip.exists,2,10,ANOM-IT-VOIP-EXISTS,RISK-IT-VOIP-EXISTS,REC-IT-VOIP-EXISTS,IT-VOIP,BUSINESS,True,ARCHIVE_IF_REFERENCED,False,ACTIVE,1,MATRICIA_GOLD_MASTER_BASELINE
Q-DIAG-IT-VOIP-PERFORMANCE,DIAG_SERVICE_PERFORMANCE,IT,IT-INFRA,IT-VOIP,DIAGNOSTIC,Diagnostic par service,24,"Comment évaluez-vous la performance actuelle de « Téléphonie IP, centre d’appels et communications unifiées » ?","La réponse peut générer une recommandation liée au service « Téléphonie IP, centre d’appels et communications unifiées ».",RATING_5,True,False,[],{},{},diagnostic.it_voip.performance,2,10,ANOM-IT-VOIP-PERFORMANCE,RISK-IT-VOIP-PERFORMANCE,REC-IT-VOIP-PERFORMANCE,IT-VOIP,BUSINESS,True,ARCHIVE_IF_REFERENCED,False,ACTIVE,1,MATRICIA_GOLD_MASTER_BASELINE
Q-DIAG-IT-VOIP-ISSUES,DIAG_SERVICE_ISSUES,IT,IT-INFRA,IT-VOIP,DIAGNOSTIC,Diagnostic par service,25,"Quels problèmes, retards, incidents ou insatisfactions rencontrez-vous concernant « Téléphonie IP, centre d’appels et communications unifiées » ?","La réponse peut générer une recommandation liée au service « Téléphonie IP, centre d’appels et communications unifiées ».",LONG_TEXT,False,False,[],{},{},diagnostic.it_voip.issues,1,10,ANOM-IT-VOIP-ISSUES,RISK-IT-VOIP-ISSUES,REC-IT-VOIP-ISSUES,IT-VOIP,BUSINESS,True,ARCHIVE_IF_REFERENCED,False,ACTIVE,1,MATRICIA_GOLD_MASTER_BASELINE
Q-DIAG-IT-CYBER-AUDIT-EXISTS,DIAG_SERVICE_EXISTS,IT,IT-CYBER,IT-CYBER-AUDIT,DIAGNOSTIC,Diagnostic par service,26,Disposez-vous actuellement d’un dispositif ou processus formalisé pour « Audit de cybersécurité » ?,La réponse peut générer une recommandation liée au service « Audit de cybersécurité ».,SINGLE_CHOICE,True,False,"[""YES"", ""PARTIAL"", ""NO"", ""UNKNOWN""]",{},{},diagnostic.it_cyber_audit.exists,2,10,ANOM-IT-CYBER-AUDIT-EXISTS,RISK-IT-CYBER-AUDIT-EXISTS,REC-IT-CYBER-AUDIT-EXISTS,IT-CYBER-AUDIT,BUSINESS,True,ARCHIVE_IF_REFERENCED,False,ACTIVE,1,MATRICIA_GOLD_MASTER_BASELINE
Q-DIAG-IT-CYBER-AUDIT-PERFORMANCE,DIAG_SERVICE_PERFORMANCE,IT,IT-CYBER,IT-CYBER-AUDIT,DIAGNOSTIC,Diagnostic par service,27,Comment évaluez-vous la performance actuelle de « Audit de cybersécurité » ?,La réponse peut générer une recommandation liée au service « Audit de cybersécurité ».,RATING_5,True,False,[],{},{},diagnostic.it_cyber_audit.performance,2,10,ANOM-IT-CYBER-AUDIT-PERFORMANCE,RISK-IT-CYBER-AUDIT-PERFORMANCE,REC-IT-CYBER-AUDIT-PERFORMANCE,IT-CYBER-AUDIT,BUSINESS,True,ARCHIVE_IF_REFERENCED,False,ACTIVE,1,MATRICIA_GOLD_MASTER_BASELINE
Q-DIAG-IT-CYBER-AUDIT-ISSUES,DIAG_SERVICE_ISSUES,IT,IT-CYBER,IT-CYBER-AUDIT,DIAGNOSTIC,Diagnostic par service,28,"Quels problèmes, retards, incidents ou insatisfactions rencontrez-vous concernant « Audit de cybersécurité » ?",La réponse peut générer une recommandation liée au service « Audit de cybersécurité ».,LONG_TEXT,False,False,[],{},{},diagnostic.it_cyber_audit.issues,1,10,ANOM-IT-CYBER-AUDIT-ISSUES,RISK-IT-CYBER-AUDIT-ISSUES,REC-IT-CYBER-AUDIT-ISSUES,IT-CYBER-AUDIT,BUSINESS,True,ARCHIVE_IF_REFERENCED,False,ACTIVE,1,MATRICIA_GOLD_MASTER_BASELINE
Q-DIAG-IT-PENTEST-EXISTS,DIAG_SERVICE_EXISTS,IT,IT-CYBER,IT-PENTEST,DIAGNOSTIC,Diagnostic par service,29,"Disposez-vous actuellement d’un dispositif ou processus formalisé pour « Test d’intrusion Web, mobile ou infrastructure » ?","La réponse peut générer une recommandation liée au service « Test d’intrusion Web, mobile ou infrastructure ».",SINGLE_CHOICE,True,False,"[""YES"", ""PARTIAL"", ""NO"", ""UNKNOWN""]",{},{},diagnostic.it_pentest.exists,2,10,ANOM-IT-PENTEST-EXISTS,RISK-IT-PENTEST-EXISTS,REC-IT-PENTEST-EXISTS,IT-PENTEST,BUSINESS,True,ARCHIVE_IF_REFERENCED,False,ACTIVE,1,MATRICIA_GOLD_MASTER_BASELINE
Q-DIAG-IT-PENTEST-PERFORMANCE,DIAG_SERVICE_PERFORMANCE,IT,IT-CYBER,IT-PENTEST,DIAGNOSTIC,Diagnostic par service,30,"Comment évaluez-vous la performance actuelle de « Test d’intrusion Web, mobile ou infrastructure » ?","La réponse peut générer une recommandation liée au service « Test d’intrusion Web, mobile ou infrastructure ».",RATING_5,True,False,[],{},{},diagnostic.it_pentest.performance,2,10,ANOM-IT-PENTEST-PERFORMANCE,RISK-IT-PENTEST-PERFORMANCE,REC-IT-PENTEST-PERFORMANCE,IT-PENTEST,BUSINESS,True,ARCHIVE_IF_REFERENCED,False,ACTIVE,1,MATRICIA_GOLD_MASTER_BASELINE
Q-DIAG-IT-PENTEST-ISSUES,DIAG_SERVICE_ISSUES,IT,IT-CYBER,IT-PENTEST,DIAGNOSTIC,Diagnostic par service,31,"Quels problèmes, retards, incidents ou insatisfactions rencontrez-vous concernant « Test d’intrusion Web, mobile ou infrastructure » ?","La réponse peut générer une recommandation liée au service « Test d’intrusion Web, mobile ou infrastructure ».",LONG_TEXT,False,False,[],{},{},diagnostic.it_pentest.issues,1,10,ANOM-IT-PENTEST-ISSUES,RISK-IT-PENTEST-ISSUES,REC-IT-PENTEST-ISSUES,IT-PENTEST,BUSINESS,True,ARCHIVE_IF_REFERENCED,False,ACTIVE,1,MATRICIA_GOLD_MASTER_BASELINE
Q-DIAG-IT-SOC-MDR-EXISTS,DIAG_SERVICE_EXISTS,IT,IT-CYBER,IT-SOC-MDR,DIAGNOSTIC,Diagnostic par service,32,Disposez-vous actuellement d’un dispositif ou processus formalisé pour « Supervision SOC/MDR et réponse aux incidents » ?,La réponse peut générer une recommandation liée au service « Supervision SOC/MDR et réponse aux incidents ».,SINGLE_CHOICE,True,False,"[""YES"", ""PARTIAL"", ""NO"", ""UNKNOWN""]",{},{},diagnostic.it_soc_mdr.exists,2,10,ANOM-IT-SOC-MDR-EXISTS,RISK-IT-SOC-MDR-EXISTS,REC-IT-SOC-MDR-EXISTS,IT-SOC-MDR,BUSINESS,True,ARCHIVE_IF_REFERENCED,False,ACTIVE,1,MATRICIA_GOLD_MASTER_BASELINE
Q-DIAG-IT-SOC-MDR-PERFORMANCE,DIAG_SERVICE_PERFORMANCE,IT,IT-CYBER,IT-SOC-MDR,DIAGNOSTIC,Diagnostic par service,33,Comment évaluez-vous la performance actuelle de « Supervision SOC/MDR et réponse aux incidents » ?,La réponse peut générer une recommandation liée au service « Supervision SOC/MDR et réponse aux incidents ».,RATING_5,True,False,[],{},{},diagnostic.it_soc_mdr.performance,2,10,ANOM-IT-SOC-MDR-PERFORMANCE,RISK-IT-SOC-MDR-PERFORMANCE,REC-IT-SOC-MDR-PERFORMANCE,IT-SOC-MDR,BUSINESS,True,ARCHIVE_IF_REFERENCED,False,ACTIVE,1,MATRICIA_GOLD_MASTER_BASELINE
Q-DIAG-IT-SOC-MDR-ISSUES,DIAG_SERVICE_ISSUES,IT,IT-CYBER,IT-SOC-MDR,DIAGNOSTIC,Diagnostic par service,34,"Quels problèmes, retards, incidents ou insatisfactions rencontrez-vous concernant « Supervision SOC/MDR et réponse aux incidents » ?",La réponse peut générer une recommandation liée au service « Supervision SOC/MDR et réponse aux incidents ».,LONG_TEXT,False,False,[],{},{},diagnostic.it_soc_mdr.issues,1,10,ANOM-IT-SOC-MDR-ISSUES,RISK-IT-SOC-MDR-ISSUES,REC-IT-SOC-MDR-ISSUES,IT-SOC-MDR,BUSINESS,True,ARCHIVE_IF_REFERENCED,False,ACTIVE,1,MATRICIA_GOLD_MASTER_BASELINE
Q-DIAG-IT-BACKUP-EXISTS,DIAG_SERVICE_EXISTS,IT,IT-CYBER,IT-BACKUP,DIAGNOSTIC,Diagnostic par service,35,"Disposez-vous actuellement d’un dispositif ou processus formalisé pour « Sauvegarde, restauration et archivage » ?","La réponse peut générer une recommandation liée au service « Sauvegarde, restauration et archivage ».",SINGLE_CHOICE,True,False,"[""YES"", ""PARTIAL"", ""NO"", ""UNKNOWN""]",{},{},diagnostic.it_backup.exists,2,10,ANOM-IT-BACKUP-EXISTS,RISK-IT-BACKUP-EXISTS,REC-IT-BACKUP-EXISTS,IT-BACKUP,BUSINESS,True,ARCHIVE_IF_REFERENCED,False,ACTIVE,1,MATRICIA_GOLD_MASTER_BASELINE
Q-DIAG-IT-BACKUP-PERFORMANCE,DIAG_SERVICE_PERFORMANCE,IT,IT-CYBER,IT-BACKUP,DIAGNOSTIC,Diagnostic par service,36,"Comment évaluez-vous la performance actuelle de « Sauvegarde, restauration et archivage » ?","La réponse peut générer une recommandation liée au service « Sauvegarde, restauration et archivage ».",RATING_5,True,False,[],{},{},diagnostic.it_backup.performance,2,10,ANOM-IT-BACKUP-PERFORMANCE,RISK-IT-BACKUP-PERFORMANCE,REC-IT-BACKUP-PERFORMANCE,IT-BACKUP,BUSINESS,True,ARCHIVE_IF_REFERENCED,False,ACTIVE,1,MATRICIA_GOLD_MASTER_BASELINE
Q-DIAG-IT-BACKUP-ISSUES,DIAG_SERVICE_ISSUES,IT,IT-CYBER,IT-BACKUP,DIAGNOSTIC,Diagnostic par service,37,"Quels problèmes, retards, incidents ou insatisfactions rencontrez-vous concernant « Sauvegarde, restauration et archivage » ?","La réponse peut générer une recommandation liée au service « Sauvegarde, restauration et archivage ».",LONG_TEXT,False,False,[],{},{},diagnostic.it_backup.issues,1,10,ANOM-IT-BACKUP-ISSUES,RISK-IT-BACKUP-ISSUES,REC-IT-BACKUP-ISSUES,IT-BACKUP,BUSINESS,True,ARCHIVE_IF_REFERENCED,False,ACTIVE,1,MATRICIA_GOLD_MASTER_BASELINE
Q-DIAG-IT-BCP-DRP-EXISTS,DIAG_SERVICE_EXISTS,IT,IT-CYBER,IT-BCP-DRP,DIAGNOSTIC,Diagnostic par service,38,Disposez-vous actuellement d’un dispositif ou processus formalisé pour « Plan de continuité et plan de reprise informatique » ?,La réponse peut générer une recommandation liée au service « Plan de continuité et plan de reprise informatique ».,SINGLE_CHOICE,True,False,"[""YES"", ""PARTIAL"", ""NO"", ""UNKNOWN""]",{},{},diagnostic.it_bcp_drp.exists,2,10,ANOM-IT-BCP-DRP-EXISTS,RISK-IT-BCP-DRP-EXISTS,REC-IT-BCP-DRP-EXISTS,IT-BCP-DRP,BUSINESS,True,ARCHIVE_IF_REFERENCED,False,ACTIVE,1,MATRICIA_GOLD_MASTER_BASELINE
Q-DIAG-IT-BCP-DRP-PERFORMANCE,DIAG_SERVICE_PERFORMANCE,IT,IT-CYBER,IT-BCP-DRP,DIAGNOSTIC,Diagnostic par service,39,Comment évaluez-vous la performance actuelle de « Plan de continuité et plan de reprise informatique » ?,La réponse peut générer une recommandation liée au service « Plan de continuité et plan de reprise informatique ».,RATING_5,True,False,[],{},{},diagnostic.it_bcp_drp.performance,2,10,ANOM-IT-BCP-DRP-PERFORMANCE,RISK-IT-BCP-DRP-PERFORMANCE,REC-IT-BCP-DRP-PERFORMANCE,IT-BCP-DRP,BUSINESS,True,ARCHIVE_IF_REFERENCED,False,ACTIVE,1,MATRICIA_GOLD_MASTER_BASELINE
Q-DIAG-IT-BCP-DRP-ISSUES,DIAG_SERVICE_ISSUES,IT,IT-CYBER,IT-BCP-DRP,DIAGNOSTIC,Diagnostic par service,40,"Quels problèmes, retards, incidents ou insatisfactions rencontrez-vous concernant « Plan de continuité et plan de reprise informatique » ?",La réponse peut générer une recommandation liée au service « Plan de continuité et plan de reprise informatique ».,LONG_TEXT,False,False,[],{},{},diagnostic.it_bcp_drp.issues,1,10,ANOM-IT-BCP-DRP-ISSUES,RISK-IT-BCP-DRP-ISSUES,REC-IT-BCP-DRP-ISSUES,IT-BCP-DRP,BUSINESS,True,ARCHIVE_IF_REFERENCED,False,ACTIVE,1,MATRICIA_GOLD_MASTER_BASELINE
Q-DIAG-IT-CLOUD-MIG-EXISTS,DIAG_SERVICE_EXISTS,IT,IT-CLOUD,IT-CLOUD-MIG,DIAGNOSTIC,Diagnostic par service,41,Disposez-vous actuellement d’un dispositif ou processus formalisé pour « Migration vers le cloud » ?,La réponse peut générer une recommandation liée au service « Migration vers le cloud ».,SINGLE_CHOICE,True,False,"[""YES"", ""PARTIAL"", ""NO"", ""UNKNOWN""]",{},{},diagnostic.it_cloud_mig.exists,2,10,ANOM-IT-CLOUD-MIG-EXISTS,RISK-IT-CLOUD-MIG-EXISTS,REC-IT-CLOUD-MIG-EXISTS,IT-CLOUD-MIG,BUSINESS,True,ARCHIVE_IF_REFERENCED,False,ACTIVE,1,MATRICIA_GOLD_MASTER_BASELINE
Q-DIAG-IT-CLOUD-MIG-PERFORMANCE,DIAG_SERVICE_PERFORMANCE,IT,IT-CLOUD,IT-CLOUD-MIG,DIAGNOSTIC,Diagnostic par service,42,Comment évaluez-vous la performance actuelle de « Migration vers le cloud » ?,La réponse peut générer une recommandation liée au service « Migration vers le cloud ».,RATING_5,True,False,[],{},{},diagnostic.it_cloud_mig.performance,2,10,ANOM-IT-CLOUD-MIG-PERFORMANCE,RISK-IT-CLOUD-MIG-PERFORMANCE,REC-IT-CLOUD-MIG-PERFORMANCE,IT-CLOUD-MIG,BUSINESS,True,ARCHIVE_IF_REFERENCED,False,ACTIVE,1,MATRICIA_GOLD_MASTER_BASELINE
Q-DIAG-IT-CLOUD-MIG-ISSUES,DIAG_SERVICE_ISSUES,IT,IT-CLOUD,IT-CLOUD-MIG,DIAGNOSTIC,Diagnostic par service,43,"Quels problèmes, retards, incidents ou insatisfactions rencontrez-vous concernant « Migration vers le cloud » ?",La réponse peut générer une recommandation liée au service « Migration vers le cloud ».,LONG_TEXT,False,False,[],{},{},diagnostic.it_cloud_mig.issues,1,10,ANOM-IT-CLOUD-MIG-ISSUES,RISK-IT-CLOUD-MIG-ISSUES,REC-IT-CLOUD-MIG-ISSUES,IT-CLOUD-MIG,BUSINESS,True,ARCHIVE_IF_REFERENCED,False,ACTIVE,1,MATRICIA_GOLD_MASTER_BASELINE
Q-DIAG-IT-M365-EXISTS,DIAG_SERVICE_EXISTS,IT,IT-CLOUD,IT-M365,DIAGNOSTIC,Diagnostic par service,44,Disposez-vous actuellement d’un dispositif ou processus formalisé pour « Déploiement Microsoft 365 ou Google Workspace » ?,La réponse peut générer une recommandation liée au service « Déploiement Microsoft 365 ou Google Workspace ».,SINGLE_CHOICE,True,False,"[""YES"", ""PARTIAL"", ""NO"", ""UNKNOWN""]",{},{},diagnostic.it_m365.exists,2,10,ANOM-IT-M365-EXISTS,RISK-IT-M365-EXISTS,REC-IT-M365-EXISTS,IT-M365,BUSINESS,True,ARCHIVE_IF_REFERENCED,False,ACTIVE,1,MATRICIA_GOLD_MASTER_BASELINE
Q-DIAG-IT-M365-PERFORMANCE,DIAG_SERVICE_PERFORMANCE,IT,IT-CLOUD,IT-M365,DIAGNOSTIC,Diagnostic par service,45,Comment évaluez-vous la performance actuelle de « Déploiement Microsoft 365 ou Google Workspace » ?,La réponse peut générer une recommandation liée au service « Déploiement Microsoft 365 ou Google Workspace ».,RATING_5,True,False,[],{},{},diagnostic.it_m365.performance,2,10,ANOM-IT-M365-PERFORMANCE,RISK-IT-M365-PERFORMANCE,REC-IT-M365-PERFORMANCE,IT-M365,BUSINESS,True,ARCHIVE_IF_REFERENCED,False,ACTIVE,1,MATRICIA_GOLD_MASTER_BASELINE
Q-DIAG-IT-M365-ISSUES,DIAG_SERVICE_ISSUES,IT,IT-CLOUD,IT-M365,DIAGNOSTIC,Diagnostic par service,46,"Quels problèmes, retards, incidents ou insatisfactions rencontrez-vous concernant « Déploiement Microsoft 365 ou Google Workspace » ?",La réponse peut générer une recommandation liée au service « Déploiement Microsoft 365 ou Google Workspace ».,LONG_TEXT,False,False,[],{},{},diagnostic.it_m365.issues,1,10,ANOM-IT-M365-ISSUES,RISK-IT-M365-ISSUES,REC-IT-M365-ISSUES,IT-M365,BUSINESS,True,ARCHIVE_IF_REFERENCED,False,ACTIVE,1,MATRICIA_GOLD_MASTER_BASELINE
Q-DIAG-IT-WEB-SHOWCASE-EXISTS,DIAG_SERVICE_EXISTS,IT,IT-DEV,IT-WEB-SHOWCASE,DIAGNOSTIC,Diagnostic par service,47,Disposez-vous actuellement d’un dispositif ou processus formalisé pour « Création de site Web vitrine » ?,La réponse peut générer une recommandation liée au service « Création de site Web vitrine ».,SINGLE_CHOICE,True,False,"[""YES"", ""PARTIAL"", ""NO"", ""UNKNOWN""]",{},{},diagnostic.it_web_showcase.exists,2,10,ANOM-IT-WEB-SHOWCASE-EXISTS,RISK-IT-WEB-SHOWCASE-EXISTS,REC-IT-WEB-SHOWCASE-EXISTS,IT-WEB-SHOWCASE,BUSINESS,True,ARCHIVE_IF_REFERENCED,False,ACTIVE,1,MATRICIA_GOLD_MASTER_BASELINE
Q-DIAG-IT-WEB-SHOWCASE-PERFORMANCE,DIAG_SERVICE_PERFORMANCE,IT,IT-DEV,IT-WEB-SHOWCASE,DIAGNOSTIC,Diagnostic par service,48,Comment évaluez-vous la performance actuelle de « Création de site Web vitrine » ?,La réponse peut générer une recommandation liée au service « Création de site Web vitrine ».,RATING_5,True,False,[],{},{},diagnostic.it_web_showcase.performance,2,10,ANOM-IT-WEB-SHOWCASE-PERFORMANCE,RISK-IT-WEB-SHOWCASE-PERFORMANCE,REC-IT-WEB-SHOWCASE-PERFORMANCE,IT-WEB-SHOWCASE,BUSINESS,True,ARCHIVE_IF_REFERENCED,False,ACTIVE,1,MATRICIA_GOLD_MASTER_BASELINE
Q-DIAG-IT-WEB-SHOWCASE-ISSUES,DIAG_SERVICE_ISSUES,IT,IT-DEV,IT-WEB-SHOWCASE,DIAGNOSTIC,Diagnostic par service,49,"Quels problèmes, retards, incidents ou insatisfactions rencontrez-vous concernant « Création de site Web vitrine » ?",La réponse peut générer une recommandation liée au service « Création de site Web vitrine ».,LONG_TEXT,False,False,[],{},{},diagnostic.it_web_showcase.issues,1,10,ANOM-IT-WEB-SHOWCASE-ISSUES,RISK-IT-WEB-SHOWCASE-ISSUES,REC-IT-WEB-SHOWCASE-ISSUES,IT-WEB-SHOWCASE,BUSINESS,True,ARCHIVE_IF_REFERENCED,False,ACTIVE,1,MATRICIA_GOLD_MASTER_BASELINE
Q-DIAG-IT-ECOMMERCE-EXISTS,DIAG_SERVICE_EXISTS,IT,IT-DEV,IT-ECOMMERCE,DIAGNOSTIC,Diagnostic par service,50,Disposez-vous actuellement d’un dispositif ou processus formalisé pour « Création de boutique e-commerce » ?,La réponse peut générer une recommandation liée au service « Création de boutique e-commerce ».,SINGLE_CHOICE,True,False,"[""YES"", ""PARTIAL"", ""NO"", ""UNKNOWN""]",{},{},diagnostic.it_ecommerce.exists,2,10,ANOM-IT-ECOMMERCE-EXISTS,RISK-IT-ECOMMERCE-EXISTS,REC-IT-ECOMMERCE-EXISTS,IT-ECOMMERCE,BUSINESS,True,ARCHIVE_IF_REFERENCED,False,ACTIVE,1,MATRICIA_GOLD_MASTER_BASELINE
Q-DIAG-IT-ECOMMERCE-PERFORMANCE,DIAG_SERVICE_PERFORMANCE,IT,IT-DEV,IT-ECOMMERCE,DIAGNOSTIC,Diagnostic par service,51,Comment évaluez-vous la performance actuelle de « Création de boutique e-commerce » ?,La réponse peut générer une recommandation liée au service « Création de boutique e-commerce ».,RATING_5,True,False,[],{},{},diagnostic.it_ecommerce.performance,2,10,ANOM-IT-ECOMMERCE-PERFORMANCE,RISK-IT-ECOMMERCE-PERFORMANCE,REC-IT-ECOMMERCE-PERFORMANCE,IT-ECOMMERCE,BUSINESS,True,ARCHIVE_IF_REFERENCED,False,ACTIVE,1,MATRICIA_GOLD_MASTER_BASELINE
Q-DIAG-IT-ECOMMERCE-ISSUES,DIAG_SERVICE_ISSUES,IT,IT-DEV,IT-ECOMMERCE,DIAGNOSTIC,Diagnostic par service,52,"Quels problèmes, retards, incidents ou insatisfactions rencontrez-vous concernant « Création de boutique e-commerce » ?",La réponse peut générer une recommandation liée au service « Création de boutique e-commerce ».,LONG_TEXT,False,False,[],{},{},diagnostic.it_ecommerce.issues,1,10,ANOM-IT-ECOMMERCE-ISSUES,RISK-IT-ECOMMERCE-ISSUES,REC-IT-ECOMMERCE-ISSUES,IT-ECOMMERCE,BUSINESS,True,ARCHIVE_IF_REFERENCED,False,ACTIVE,1,MATRICIA_GOLD_MASTER_BASELINE
Q-DIAG-IT-WEB-APP-EXISTS,DIAG_SERVICE_EXISTS,IT,IT-DEV,IT-WEB-APP,DIAGNOSTIC,Diagnostic par service,53,Disposez-vous actuellement d’un dispositif ou processus formalisé pour « Développement d’application Web métier » ?,La réponse peut générer une recommandation liée au service « Développement d’application Web métier ».,SINGLE_CHOICE,True,False,"[""YES"", ""PARTIAL"", ""NO"", ""UNKNOWN""]",{},{},diagnostic.it_web_app.exists,2,10,ANOM-IT-WEB-APP-EXISTS,RISK-IT-WEB-APP-EXISTS,REC-IT-WEB-APP-EXISTS,IT-WEB-APP,BUSINESS,True,ARCHIVE_IF_REFERENCED,False,ACTIVE,1,MATRICIA_GOLD_MASTER_BASELINE
Q-DIAG-IT-WEB-APP-PERFORMANCE,DIAG_SERVICE_PERFORMANCE,IT,IT-DEV,IT-WEB-APP,DIAGNOSTIC,Diagnostic par service,54,Comment évaluez-vous la performance actuelle de « Développement d’application Web métier » ?,La réponse peut générer une recommandation liée au service « Développement d’application Web métier ».,RATING_5,True,False,[],{},{},diagnostic.it_web_app.performance,2,10,ANOM-IT-WEB-APP-PERFORMANCE,RISK-IT-WEB-APP-PERFORMANCE,REC-IT-WEB-APP-PERFORMANCE,IT-WEB-APP,BUSINESS,True,ARCHIVE_IF_REFERENCED,False,ACTIVE,1,MATRICIA_GOLD_MASTER_BASELINE
Q-DIAG-IT-WEB-APP-ISSUES,DIAG_SERVICE_ISSUES,IT,IT-DEV,IT-WEB-APP,DIAGNOSTIC,Diagnostic par service,55,"Quels problèmes, retards, incidents ou insatisfactions rencontrez-vous concernant « Développement d’application Web métier » ?",La réponse peut générer une recommandation liée au service « Développement d’application Web métier ».,LONG_TEXT,False,False,[],{},{},diagnostic.it_web_app.issues,1,10,ANOM-IT-WEB-APP-ISSUES,RISK-IT-WEB-APP-ISSUES,REC-IT-WEB-APP-ISSUES,IT-WEB-APP,BUSINESS,True,ARCHIVE_IF_REFERENCED,False,ACTIVE,1,MATRICIA_GOLD_MASTER_BASELINE
Q-DIAG-IT-MOBILE-APP-EXISTS,DIAG_SERVICE_EXISTS,IT,IT-DEV,IT-MOBILE-APP,DIAGNOSTIC,Diagnostic par service,56,Disposez-vous actuellement d’un dispositif ou processus formalisé pour « Développement d’application mobile » ?,La réponse peut générer une recommandation liée au service « Développement d’application mobile ».,SINGLE_CHOICE,True,False,"[""YES"", ""PARTIAL"", ""NO"", ""UNKNOWN""]",{},{},diagnostic.it_mobile_app.exists,2,10,ANOM-IT-MOBILE-APP-EXISTS,RISK-IT-MOBILE-APP-EXISTS,REC-IT-MOBILE-APP-EXISTS,IT-MOBILE-APP,BUSINESS,True,ARCHIVE_IF_REFERENCED,False,ACTIVE,1,MATRICIA_GOLD_MASTER_BASELINE
Q-DIAG-IT-MOBILE-APP-PERFORMANCE,DIAG_SERVICE_PERFORMANCE,IT,IT-DEV,IT-MOBILE-APP,DIAGNOSTIC,Diagnostic par service,57,Comment évaluez-vous la performance actuelle de « Développement d’application mobile » ?,La réponse peut générer une recommandation liée au service « Développement d’application mobile ».,RATING_5,True,False,[],{},{},diagnostic.it_mobile_app.performance,2,10,ANOM-IT-MOBILE-APP-PERFORMANCE,RISK-IT-MOBILE-APP-PERFORMANCE,REC-IT-MOBILE-APP-PERFORMANCE,IT-MOBILE-APP,BUSINESS,True,ARCHIVE_IF_REFERENCED,False,ACTIVE,1,MATRICIA_GOLD_MASTER_BASELINE
Q-DIAG-IT-MOBILE-APP-ISSUES,DIAG_SERVICE_ISSUES,IT,IT-DEV,IT-MOBILE-APP,DIAGNOSTIC,Diagnostic par service,58,"Quels problèmes, retards, incidents ou insatisfactions rencontrez-vous concernant « Développement d’application mobile » ?",La réponse peut générer une recommandation liée au service « Développement d’application mobile ».,LONG_TEXT,False,False,[],{},{},diagnostic.it_mobile_app.issues,1,10,ANOM-IT-MOBILE-APP-ISSUES,RISK-IT-MOBILE-APP-ISSUES,REC-IT-MOBILE-APP-ISSUES,IT-MOBILE-APP,BUSINESS,True,ARCHIVE_IF_REFERENCED,False,ACTIVE,1,MATRICIA_GOLD_MASTER_BASELINE
Q-DIAG-IT-ERP-CRM-EXISTS,DIAG_SERVICE_EXISTS,IT,IT-DEV,IT-ERP-CRM,DIAGNOSTIC,Diagnostic par service,59,Disposez-vous actuellement d’un dispositif ou processus formalisé pour « Implémentation ou intégration ERP/CRM » ?,La réponse peut générer une recommandation liée au service « Implémentation ou intégration ERP/CRM ».,SINGLE_CHOICE,True,False,"[""YES"", ""PARTIAL"", ""NO"", ""UNKNOWN""]",{},{},diagnostic.it_erp_crm.exists,2,10,ANOM-IT-ERP-CRM-EXISTS,RISK-IT-ERP-CRM-EXISTS,REC-IT-ERP-CRM-EXISTS,IT-ERP-CRM,BUSINESS,True,ARCHIVE_IF_REFERENCED,False,ACTIVE,1,MATRICIA_GOLD_MASTER_BASELINE
Q-DIAG-IT-ERP-CRM-PERFORMANCE,DIAG_SERVICE_PERFORMANCE,IT,IT-DEV,IT-ERP-CRM,DIAGNOSTIC,Diagnostic par service,60,Comment évaluez-vous la performance actuelle de « Implémentation ou intégration ERP/CRM » ?,La réponse peut générer une recommandation liée au service « Implémentation ou intégration ERP/CRM ».,RATING_5,True,False,[],{},{},diagnostic.it_erp_crm.performance,2,10,ANOM-IT-ERP-CRM-PERFORMANCE,RISK-IT-ERP-CRM-PERFORMANCE,REC-IT-ERP-CRM-PERFORMANCE,IT-ERP-CRM,BUSINESS,True,ARCHIVE_IF_REFERENCED,False,ACTIVE,1,MATRICIA_GOLD_MASTER_BASELINE
Q-DIAG-IT-ERP-CRM-ISSUES,DIAG_SERVICE_ISSUES,IT,IT-DEV,IT-ERP-CRM,DIAGNOSTIC,Diagnostic par service,61,"Quels problèmes, retards, incidents ou insatisfactions rencontrez-vous concernant « Implémentation ou intégration ERP/CRM » ?",La réponse peut générer une recommandation liée au service « Implémentation ou intégration ERP/CRM ».,LONG_TEXT,False,False,[],{},{},diagnostic.it_erp_crm.issues,1,10,ANOM-IT-ERP-CRM-ISSUES,RISK-IT-ERP-CRM-ISSUES,REC-IT-ERP-CRM-ISSUES,IT-ERP-CRM,BUSINESS,True,ARCHIVE_IF_REFERENCED,False,ACTIVE,1,MATRICIA_GOLD_MASTER_BASELINE
Q-DIAG-IT-BI-EXISTS,DIAG_SERVICE_EXISTS,IT,IT-DATA,IT-BI,DIAGNOSTIC,Diagnostic par service,62,Disposez-vous actuellement d’un dispositif ou processus formalisé pour « Data warehouse et tableaux de bord BI » ?,La réponse peut générer une recommandation liée au service « Data warehouse et tableaux de bord BI ».,SINGLE_CHOICE,True,False,"[""YES"", ""PARTIAL"", ""NO"", ""UNKNOWN""]",{},{},diagnostic.it_bi.exists,2,10,ANOM-IT-BI-EXISTS,RISK-IT-BI-EXISTS,REC-IT-BI-EXISTS,IT-BI,BUSINESS,True,ARCHIVE_IF_REFERENCED,False,ACTIVE,1,MATRICIA_GOLD_MASTER_BASELINE
Q-DIAG-IT-BI-PERFORMANCE,DIAG_SERVICE_PERFORMANCE,IT,IT-DATA,IT-BI,DIAGNOSTIC,Diagnostic par service,63,Comment évaluez-vous la performance actuelle de « Data warehouse et tableaux de bord BI » ?,La réponse peut générer une recommandation liée au service « Data warehouse et tableaux de bord BI ».,RATING_5,True,False,[],{},{},diagnostic.it_bi.performance,2,10,ANOM-IT-BI-PERFORMANCE,RISK-IT-BI-PERFORMANCE,REC-IT-BI-PERFORMANCE,IT-BI,BUSINESS,True,ARCHIVE_IF_REFERENCED,False,ACTIVE,1,MATRICIA_GOLD_MASTER_BASELINE
Q-DIAG-IT-BI-ISSUES,DIAG_SERVICE_ISSUES,IT,IT-DATA,IT-BI,DIAGNOSTIC,Diagnostic par service,64,"Quels problèmes, retards, incidents ou insatisfactions rencontrez-vous concernant « Data warehouse et tableaux de bord BI » ?",La réponse peut générer une recommandation liée au service « Data warehouse et tableaux de bord BI ».,LONG_TEXT,False,False,[],{},{},diagnostic.it_bi.issues,1,10,ANOM-IT-BI-ISSUES,RISK-IT-BI-ISSUES,REC-IT-BI-ISSUES,IT-BI,BUSINESS,True,ARCHIVE_IF_REFERENCED,False,ACTIVE,1,MATRICIA_GOLD_MASTER_BASELINE
Q-DIAG-IT-AI-AUTO-EXISTS,DIAG_SERVICE_EXISTS,IT,IT-DATA,IT-AI-AUTO,DIAGNOSTIC,Diagnostic par service,65,"Disposez-vous actuellement d’un dispositif ou processus formalisé pour « Automatisation IA, assistants et chatbots » ?","La réponse peut générer une recommandation liée au service « Automatisation IA, assistants et chatbots ».",SINGLE_CHOICE,True,False,"[""YES"", ""PARTIAL"", ""NO"", ""UNKNOWN""]",{},{},diagnostic.it_ai_auto.exists,2,10,ANOM-IT-AI-AUTO-EXISTS,RISK-IT-AI-AUTO-EXISTS,REC-IT-AI-AUTO-EXISTS,IT-AI-AUTO,BUSINESS,True,ARCHIVE_IF_REFERENCED,False,ACTIVE,1,MATRICIA_GOLD_MASTER_BASELINE
Q-DIAG-IT-AI-AUTO-PERFORMANCE,DIAG_SERVICE_PERFORMANCE,IT,IT-DATA,IT-AI-AUTO,DIAGNOSTIC,Diagnostic par service,66,"Comment évaluez-vous la performance actuelle de « Automatisation IA, assistants et chatbots » ?","La réponse peut générer une recommandation liée au service « Automatisation IA, assistants et chatbots ».",RATING_5,True,False,[],{},{},diagnostic.it_ai_auto.performance,2,10,ANOM-IT-AI-AUTO-PERFORMANCE,RISK-IT-AI-AUTO-PERFORMANCE,REC-IT-AI-AUTO-PERFORMANCE,IT-AI-AUTO,BUSINESS,True,ARCHIVE_IF_REFERENCED,False,ACTIVE,1,MATRICIA_GOLD_MASTER_BASELINE
Q-DIAG-IT-AI-AUTO-ISSUES,DIAG_SERVICE_ISSUES,IT,IT-DATA,IT-AI-AUTO,DIAGNOSTIC,Diagnostic par service,67,"Quels problèmes, retards, incidents ou insatisfactions rencontrez-vous concernant « Automatisation IA, assistants et chatbots » ?","La réponse peut générer une recommandation liée au service « Automatisation IA, assistants et chatbots ».",LONG_TEXT,False,False,[],{},{},diagnostic.it_ai_auto.issues,1,10,ANOM-IT-AI-AUTO-ISSUES,RISK-IT-AI-AUTO-ISSUES,REC-IT-AI-AUTO-ISSUES,IT-AI-AUTO,BUSINESS,True,ARCHIVE_IF_REFERENCED,False,ACTIVE,1,MATRICIA_GOLD_MASTER_BASELINE
Q-DIAG-IT-CCTV-IOT-EXISTS,DIAG_SERVICE_EXISTS,IT,IT-IOT,IT-CCTV-IOT,DIAGNOSTIC,Diagnostic par service,68,"Disposez-vous actuellement d’un dispositif ou processus formalisé pour « Vidéosurveillance, contrôle d’accès et IoT » ?","La réponse peut générer une recommandation liée au service « Vidéosurveillance, contrôle d’accès et IoT ».",SINGLE_CHOICE,True,False,"[""YES"", ""PARTIAL"", ""NO"", ""UNKNOWN""]",{},{},diagnostic.it_cctv_iot.exists,2,10,ANOM-IT-CCTV-IOT-EXISTS,RISK-IT-CCTV-IOT-EXISTS,REC-IT-CCTV-IOT-EXISTS,IT-CCTV-IOT,BUSINESS,True,ARCHIVE_IF_REFERENCED,False,ACTIVE,1,MATRICIA_GOLD_MASTER_BASELINE
Q-DIAG-IT-CCTV-IOT-PERFORMANCE,DIAG_SERVICE_PERFORMANCE,IT,IT-IOT,IT-CCTV-IOT,DIAGNOSTIC,Diagnostic par service,69,"Comment évaluez-vous la performance actuelle de « Vidéosurveillance, contrôle d’accès et IoT » ?","La réponse peut générer une recommandation liée au service « Vidéosurveillance, contrôle d’accès et IoT ».",RATING_5,True,False,[],{},{},diagnostic.it_cctv_iot.performance,2,10,ANOM-IT-CCTV-IOT-PERFORMANCE,RISK-IT-CCTV-IOT-PERFORMANCE,REC-IT-CCTV-IOT-PERFORMANCE,IT-CCTV-IOT,BUSINESS,True,ARCHIVE_IF_REFERENCED,False,ACTIVE,1,MATRICIA_GOLD_MASTER_BASELINE
Q-DIAG-IT-CCTV-IOT-ISSUES,DIAG_SERVICE_ISSUES,IT,IT-IOT,IT-CCTV-IOT,DIAGNOSTIC,Diagnostic par service,70,"Quels problèmes, retards, incidents ou insatisfactions rencontrez-vous concernant « Vidéosurveillance, contrôle d’accès et IoT » ?","La réponse peut générer une recommandation liée au service « Vidéosurveillance, contrôle d’accès et IoT ».",LONG_TEXT,False,False,[],{},{},diagnostic.it_cctv_iot.issues,1,10,ANOM-IT-CCTV-IOT-ISSUES,RISK-IT-CCTV-IOT-ISSUES,REC-IT-CCTV-IOT-ISSUES,IT-CCTV-IOT,BUSINESS,True,ARCHIVE_IF_REFERENCED,False,ACTIVE,1,MATRICIA_GOLD_MASTER_BASELINE
Q-DIAG-COM-BASE-01,DIAG_COMMON_MATURITY,COM,,,DIAGNOSTIC,Diagnostic général,1,"Quel est le niveau de formalisation actuel de vos pratiques dans la bibliothèque « Communication, marketing et création » ?",Répondez selon la situation réelle de votre entreprise.,SINGLE_CHOICE,True,False,"[""INEXISTANT"", ""INFORMEL"", ""PARTIEL"", ""FORMALISE"", ""MESURE_ET_AMELIORE""]",{},{},diagnostic.com.base_maturity,2,10,ANOM-COM-BASE-MATURITY,RISK-COM-BASE-MATURITY,REC-COM-BASE-MATURITY,,BUSINESS,True,ARCHIVE_IF_REFERENCED,False,ACTIVE,1,MATRICIA_GOLD_MASTER_BASELINE
Q-DIAG-COM-BASE-02,DIAG_COMMON_OWNER,COM,,,DIAGNOSTIC,Diagnostic général,2,Un responsable clairement identifié pilote-t-il ce domaine ?,Répondez selon la situation réelle de votre entreprise.,YES_NO,True,False,"[""YES"", ""NO"", ""UNKNOWN""]",{},{},diagnostic.com.base_owner,1,10,ANOM-COM-BASE-OWNER,RISK-COM-BASE-OWNER,REC-COM-BASE-OWNER,,BUSINESS,True,ARCHIVE_IF_REFERENCED,False,ACTIVE,1,MATRICIA_GOLD_MASTER_BASELINE
Q-DIAG-COM-BASE-03,DIAG_COMMON_BUDGET,COM,,,DIAGNOSTIC,Diagnostic général,3,Un budget annuel est-il défini et suivi pour ce domaine ?,Répondez selon la situation réelle de votre entreprise.,YES_NO,True,False,"[""YES"", ""NO"", ""PARTIAL""]",{},{},diagnostic.com.base_budget,1,10,ANOM-COM-BASE-BUDGET,RISK-COM-BASE-BUDGET,REC-COM-BASE-BUDGET,,BUSINESS,True,ARCHIVE_IF_REFERENCED,False,ACTIVE,1,MATRICIA_GOLD_MASTER_BASELINE
Q-DIAG-COM-BASE-04,DIAG_COMMON_KPI,COM,,,DIAGNOSTIC,Diagnostic général,4,Disposez-vous d’indicateurs réguliers pour mesurer la performance de ce domaine ?,Répondez selon la situation réelle de votre entreprise.,YES_NO,True,False,"[""YES"", ""NO"", ""PARTIAL""]",{},{},diagnostic.com.base_kpi,1,10,ANOM-COM-BASE-KPI,RISK-COM-BASE-KPI,REC-COM-BASE-KPI,,BUSINESS,True,ARCHIVE_IF_REFERENCED,False,ACTIVE,1,MATRICIA_GOLD_MASTER_BASELINE
Q-DIAG-COM-BASE-05,DIAG_COMMON_RISKS,COM,,,DIAGNOSTIC,Diagnostic général,5,"Les risques majeurs de ce domaine sont-ils identifiés, évalués et suivis ?",Répondez selon la situation réelle de votre entreprise.,YES_NO,True,False,"[""YES"", ""NO"", ""PARTIAL""]",{},{},diagnostic.com.base_risks,2,10,ANOM-COM-BASE-RISKS,RISK-COM-BASE-RISKS,REC-COM-BASE-RISKS,,BUSINESS,True,ARCHIVE_IF_REFERENCED,True,ACTIVE,1,MATRICIA_GOLD_MASTER_BASELINE
Q-DIAG-COM-BASE-06,DIAG_COMMON_DOCUMENTATION,COM,,,DIAGNOSTIC,Diagnostic général,6,"Les politiques, procédures et responsabilités sont-elles documentées et à jour ?",Répondez selon la situation réelle de votre entreprise.,YES_NO,True,False,"[""YES"", ""NO"", ""PARTIAL""]",{},{},diagnostic.com.base_documentation,1,10,ANOM-COM-BASE-DOCUMENTATION,RISK-COM-BASE-DOCUMENTATION,REC-COM-BASE-DOCUMENTATION,,BUSINESS,True,ARCHIVE_IF_REFERENCED,False,ACTIVE,1,MATRICIA_GOLD_MASTER_BASELINE
Q-DIAG-COM-BASE-07,DIAG_COMMON_TOOLS,COM,,,DIAGNOSTIC,Diagnostic général,7,Les outils utilisés répondent-ils aux besoins et communiquent-ils correctement entre eux ?,Répondez selon la situation réelle de votre entreprise.,SINGLE_CHOICE,True,False,"[""YES"", ""PARTIAL"", ""NO"", ""UNKNOWN""]",{},{},diagnostic.com.base_tools,1,10,ANOM-COM-BASE-TOOLS,RISK-COM-BASE-TOOLS,REC-COM-BASE-TOOLS,,BUSINESS,True,ARCHIVE_IF_REFERENCED,False,ACTIVE,1,MATRICIA_GOLD_MASTER_BASELINE
Q-DIAG-COM-BASE-08,DIAG_COMMON_SKILLS,COM,,,DIAGNOSTIC,Diagnostic général,8,Les équipes disposent-elles des compétences et ressources nécessaires ?,Répondez selon la situation réelle de votre entreprise.,SINGLE_CHOICE,True,False,"[""YES"", ""PARTIAL"", ""NO"", ""UNKNOWN""]",{},{},diagnostic.com.base_skills,1,10,ANOM-COM-BASE-SKILLS,RISK-COM-BASE-SKILLS,REC-COM-BASE-SKILLS,,BUSINESS,True,ARCHIVE_IF_REFERENCED,False,ACTIVE,1,MATRICIA_GOLD_MASTER_BASELINE
Q-DIAG-COM-BASE-09,DIAG_COMMON_INCIDENTS,COM,,,DIAGNOSTIC,Diagnostic général,9,"Avez-vous connu des incidents, retards, pertes ou réclamations significatifs dans ce domaine au cours des 12 derniers mois ?",Répondez selon la situation réelle de votre entreprise.,YES_NO,True,False,"[""YES"", ""NO""]",{},{},diagnostic.com.base_incidents,2,10,ANOM-COM-BASE-INCIDENTS,RISK-COM-BASE-INCIDENTS,REC-COM-BASE-INCIDENTS,,BUSINESS,True,ARCHIVE_IF_REFERENCED,False,ACTIVE,1,MATRICIA_GOLD_MASTER_BASELINE
Q-DIAG-COM-BASE-10,DIAG_COMMON_PRIORITY,COM,,,DIAGNOSTIC,Diagnostic général,10,Souhaitez-vous faire de ce domaine une priorité d’amélioration dans les 12 prochains mois ?,Répondez selon la situation réelle de votre entreprise.,SINGLE_CHOICE,True,False,"[""HIGH"", ""MEDIUM"", ""LOW"", ""NO""]",{},{},diagnostic.com.base_priority,1,10,ANOM-COM-BASE-PRIORITY,RISK-COM-BASE-PRIORITY,REC-COM-BASE-PRIORITY,,BUSINESS,True,ARCHIVE_IF_REFERENCED,False,ACTIVE,1,MATRICIA_GOLD_MASTER_BASELINE
Q-DIAG-COM-MKT-STRAT-EXISTS,DIAG_SERVICE_EXISTS,COM,COM-STRAT,COM-MKT-STRAT,DIAGNOSTIC,Diagnostic par service,11,Disposez-vous actuellement d’un dispositif ou processus formalisé pour « Stratégie marketing globale » ?,La réponse peut générer une recommandation liée au service « Stratégie marketing globale ».,SINGLE_CHOICE,True,False,"[""YES"", ""PARTIAL"", ""NO"", ""UNKNOWN""]",{},{},diagnostic.com_mkt_strat.exists,2,10,ANOM-COM-MKT-STRAT-EXISTS,RISK-COM-MKT-STRAT-EXISTS,REC-COM-MKT-STRAT-EXISTS,COM-MKT-STRAT,BUSINESS,True,ARCHIVE_IF_REFERENCED,False,ACTIVE,1,MATRICIA_GOLD_MASTER_BASELINE
Q-DIAG-COM-MKT-STRAT-PERFORMANCE,DIAG_SERVICE_PERFORMANCE,COM,COM-STRAT,COM-MKT-STRAT,DIAGNOSTIC,Diagnostic par service,12,Comment évaluez-vous la performance actuelle de « Stratégie marketing globale » ?,La réponse peut générer une recommandation liée au service « Stratégie marketing globale ».,RATING_5,True,False,[],{},{},diagnostic.com_mkt_strat.performance,2,10,ANOM-COM-MKT-STRAT-PERFORMANCE,RISK-COM-MKT-STRAT-PERFORMANCE,REC-COM-MKT-STRAT-PERFORMANCE,COM-MKT-STRAT,BUSINESS,True,ARCHIVE_IF_REFERENCED,False,ACTIVE,1,MATRICIA_GOLD_MASTER_BASELINE
Q-DIAG-COM-MKT-STRAT-ISSUES,DIAG_SERVICE_ISSUES,COM,COM-STRAT,COM-MKT-STRAT,DIAGNOSTIC,Diagnostic par service,13,"Quels problèmes, retards, incidents ou insatisfactions rencontrez-vous concernant « Stratégie marketing globale » ?",La réponse peut générer une recommandation liée au service « Stratégie marketing globale ».,LONG_TEXT,False,False,[],{},{},diagnostic.com_mkt_strat.issues,1,10,ANOM-COM-MKT-STRAT-ISSUES,RISK-COM-MKT-STRAT-ISSUES,REC-COM-MKT-STRAT-ISSUES,COM-MKT-STRAT,BUSINESS,True,ARCHIVE_IF_REFERENCED,False,ACTIVE,1,MATRICIA_GOLD_MASTER_BASELINE
Q-DIAG-COM-BRAND-EXISTS,DIAG_SERVICE_EXISTS,COM,COM-STRAT,COM-BRAND,DIAGNOSTIC,Diagnostic par service,14,Disposez-vous actuellement d’un dispositif ou processus formalisé pour « Plateforme de marque et stratégie de branding » ?,La réponse peut générer une recommandation liée au service « Plateforme de marque et stratégie de branding ».,SINGLE_CHOICE,True,False,"[""YES"", ""PARTIAL"", ""NO"", ""UNKNOWN""]",{},{},diagnostic.com_brand.exists,2,10,ANOM-COM-BRAND-EXISTS,RISK-COM-BRAND-EXISTS,REC-COM-BRAND-EXISTS,COM-BRAND,BUSINESS,True,ARCHIVE_IF_REFERENCED,False,ACTIVE,1,MATRICIA_GOLD_MASTER_BASELINE
Q-DIAG-COM-BRAND-PERFORMANCE,DIAG_SERVICE_PERFORMANCE,COM,COM-STRAT,COM-BRAND,DIAGNOSTIC,Diagnostic par service,15,Comment évaluez-vous la performance actuelle de « Plateforme de marque et stratégie de branding » ?,La réponse peut générer une recommandation liée au service « Plateforme de marque et stratégie de branding ».,RATING_5,True,False,[],{},{},diagnostic.com_brand.performance,2,10,ANOM-COM-BRAND-PERFORMANCE,RISK-COM-BRAND-PERFORMANCE,REC-COM-BRAND-PERFORMANCE,COM-BRAND,BUSINESS,True,ARCHIVE_IF_REFERENCED,False,ACTIVE,1,MATRICIA_GOLD_MASTER_BASELINE
Q-DIAG-COM-BRAND-ISSUES,DIAG_SERVICE_ISSUES,COM,COM-STRAT,COM-BRAND,DIAGNOSTIC,Diagnostic par service,16,"Quels problèmes, retards, incidents ou insatisfactions rencontrez-vous concernant « Plateforme de marque et stratégie de branding » ?",La réponse peut générer une recommandation liée au service « Plateforme de marque et stratégie de branding ».,LONG_TEXT,False,False,[],{},{},diagnostic.com_brand.issues,1,10,ANOM-COM-BRAND-ISSUES,RISK-COM-BRAND-ISSUES,REC-COM-BRAND-ISSUES,COM-BRAND,BUSINESS,True,ARCHIVE_IF_REFERENCED,False,ACTIVE,1,MATRICIA_GOLD_MASTER_BASELINE
Q-DIAG-COM-NAMING-EXISTS,DIAG_SERVICE_EXISTS,COM,COM-STRAT,COM-NAMING,DIAGNOSTIC,Diagnostic par service,17,"Disposez-vous actuellement d’un dispositif ou processus formalisé pour « Naming de marque, produit ou service » ?","La réponse peut générer une recommandation liée au service « Naming de marque, produit ou service ».",SINGLE_CHOICE,True,False,"[""YES"", ""PARTIAL"", ""NO"", ""UNKNOWN""]",{},{},diagnostic.com_naming.exists,2,10,ANOM-COM-NAMING-EXISTS,RISK-COM-NAMING-EXISTS,REC-COM-NAMING-EXISTS,COM-NAMING,BUSINESS,True,ARCHIVE_IF_REFERENCED,False,ACTIVE,1,MATRICIA_GOLD_MASTER_BASELINE
Q-DIAG-COM-NAMING-PERFORMANCE,DIAG_SERVICE_PERFORMANCE,COM,COM-STRAT,COM-NAMING,DIAGNOSTIC,Diagnostic par service,18,"Comment évaluez-vous la performance actuelle de « Naming de marque, produit ou service » ?","La réponse peut générer une recommandation liée au service « Naming de marque, produit ou service ».",RATING_5,True,False,[],{},{},diagnostic.com_naming.performance,2,10,ANOM-COM-NAMING-PERFORMANCE,RISK-COM-NAMING-PERFORMANCE,REC-COM-NAMING-PERFORMANCE,COM-NAMING,BUSINESS,True,ARCHIVE_IF_REFERENCED,False,ACTIVE,1,MATRICIA_GOLD_MASTER_BASELINE
Q-DIAG-COM-NAMING-ISSUES,DIAG_SERVICE_ISSUES,COM,COM-STRAT,COM-NAMING,DIAGNOSTIC,Diagnostic par service,19,"Quels problèmes, retards, incidents ou insatisfactions rencontrez-vous concernant « Naming de marque, produit ou service » ?","La réponse peut générer une recommandation liée au service « Naming de marque, produit ou service ».",LONG_TEXT,False,False,[],{},{},diagnostic.com_naming.issues,1,10,ANOM-COM-NAMING-ISSUES,RISK-COM-NAMING-ISSUES,REC-COM-NAMING-ISSUES,COM-NAMING,BUSINESS,True,ARCHIVE_IF_REFERENCED,False,ACTIVE,1,MATRICIA_GOLD_MASTER_BASELINE
Q-DIAG-COM-VISUAL-ID-EXISTS,DIAG_SERVICE_EXISTS,COM,COM-DESIGN,COM-VISUAL-ID,DIAGNOSTIC,Diagnostic par service,20,Disposez-vous actuellement d’un dispositif ou processus formalisé pour « Identité visuelle et charte graphique » ?,La réponse peut générer une recommandation liée au service « Identité visuelle et charte graphique ».,SINGLE_CHOICE,True,False,"[""YES"", ""PARTIAL"", ""NO"", ""UNKNOWN""]",{},{},diagnostic.com_visual_id.exists,2,10,ANOM-COM-VISUAL-ID-EXISTS,RISK-COM-VISUAL-ID-EXISTS,REC-COM-VISUAL-ID-EXISTS,COM-VISUAL-ID,BUSINESS,True,ARCHIVE_IF_REFERENCED,False,ACTIVE,1,MATRICIA_GOLD_MASTER_BASELINE
Q-DIAG-COM-VISUAL-ID-PERFORMANCE,DIAG_SERVICE_PERFORMANCE,COM,COM-DESIGN,COM-VISUAL-ID,DIAGNOSTIC,Diagnostic par service,21,Comment évaluez-vous la performance actuelle de « Identité visuelle et charte graphique » ?,La réponse peut générer une recommandation liée au service « Identité visuelle et charte graphique ».,RATING_5,True,False,[],{},{},diagnostic.com_visual_id.performance,2,10,ANOM-COM-VISUAL-ID-PERFORMANCE,RISK-COM-VISUAL-ID-PERFORMANCE,REC-COM-VISUAL-ID-PERFORMANCE,COM-VISUAL-ID,BUSINESS,True,ARCHIVE_IF_REFERENCED,False,ACTIVE,1,MATRICIA_GOLD_MASTER_BASELINE
Q-DIAG-COM-VISUAL-ID-ISSUES,DIAG_SERVICE_ISSUES,COM,COM-DESIGN,COM-VISUAL-ID,DIAGNOSTIC,Diagnostic par service,22,"Quels problèmes, retards, incidents ou insatisfactions rencontrez-vous concernant « Identité visuelle et charte graphique » ?",La réponse peut générer une recommandation liée au service « Identité visuelle et charte graphique ».,LONG_TEXT,False,False,[],{},{},diagnostic.com_visual_id.issues,1,10,ANOM-COM-VISUAL-ID-ISSUES,RISK-COM-VISUAL-ID-ISSUES,REC-COM-VISUAL-ID-ISSUES,COM-VISUAL-ID,BUSINESS,True,ARCHIVE_IF_REFERENCED,False,ACTIVE,1,MATRICIA_GOLD_MASTER_BASELINE
Q-DIAG-COM-GRAPHIC-EXISTS,DIAG_SERVICE_EXISTS,COM,COM-DESIGN,COM-GRAPHIC,DIAGNOSTIC,Diagnostic par service,23,Disposez-vous actuellement d’un dispositif ou processus formalisé pour « Création graphique et supports commerciaux » ?,La réponse peut générer une recommandation liée au service « Création graphique et supports commerciaux ».,SINGLE_CHOICE,True,False,"[""YES"", ""PARTIAL"", ""NO"", ""UNKNOWN""]",{},{},diagnostic.com_graphic.exists,2,10,ANOM-COM-GRAPHIC-EXISTS,RISK-COM-GRAPHIC-EXISTS,REC-COM-GRAPHIC-EXISTS,COM-GRAPHIC,BUSINESS,True,ARCHIVE_IF_REFERENCED,False,ACTIVE,1,MATRICIA_GOLD_MASTER_BASELINE
Q-DIAG-COM-GRAPHIC-PERFORMANCE,DIAG_SERVICE_PERFORMANCE,COM,COM-DESIGN,COM-GRAPHIC,DIAGNOSTIC,Diagnostic par service,24,Comment évaluez-vous la performance actuelle de « Création graphique et supports commerciaux » ?,La réponse peut générer une recommandation liée au service « Création graphique et supports commerciaux ».,RATING_5,True,False,[],{},{},diagnostic.com_graphic.performance,2,10,ANOM-COM-GRAPHIC-PERFORMANCE,RISK-COM-GRAPHIC-PERFORMANCE,REC-COM-GRAPHIC-PERFORMANCE,COM-GRAPHIC,BUSINESS,True,ARCHIVE_IF_REFERENCED,False,ACTIVE,1,MATRICIA_GOLD_MASTER_BASELINE
Q-DIAG-COM-GRAPHIC-ISSUES,DIAG_SERVICE_ISSUES,COM,COM-DESIGN,COM-GRAPHIC,DIAGNOSTIC,Diagnostic par service,25,"Quels problèmes, retards, incidents ou insatisfactions rencontrez-vous concernant « Création graphique et supports commerciaux » ?",La réponse peut générer une recommandation liée au service « Création graphique et supports commerciaux ».,LONG_TEXT,False,False,[],{},{},diagnostic.com_graphic.issues,1,10,ANOM-COM-GRAPHIC-ISSUES,RISK-COM-GRAPHIC-ISSUES,REC-COM-GRAPHIC-ISSUES,COM-GRAPHIC,BUSINESS,True,ARCHIVE_IF_REFERENCED,False,ACTIVE,1,MATRICIA_GOLD_MASTER_BASELINE
Q-DIAG-COM-COPY-EXISTS,DIAG_SERVICE_EXISTS,COM,COM-CONTENT,COM-COPY,DIAGNOSTIC,Diagnostic par service,26,"Disposez-vous actuellement d’un dispositif ou processus formalisé pour « Rédaction Web, commerciale et institutionnelle » ?","La réponse peut générer une recommandation liée au service « Rédaction Web, commerciale et institutionnelle ».",SINGLE_CHOICE,True,False,"[""YES"", ""PARTIAL"", ""NO"", ""UNKNOWN""]",{},{},diagnostic.com_copy.exists,2,10,ANOM-COM-COPY-EXISTS,RISK-COM-COPY-EXISTS,REC-COM-COPY-EXISTS,COM-COPY,BUSINESS,True,ARCHIVE_IF_REFERENCED,False,ACTIVE,1,MATRICIA_GOLD_MASTER_BASELINE
Q-DIAG-COM-COPY-PERFORMANCE,DIAG_SERVICE_PERFORMANCE,COM,COM-CONTENT,COM-COPY,DIAGNOSTIC,Diagnostic par service,27,"Comment évaluez-vous la performance actuelle de « Rédaction Web, commerciale et institutionnelle » ?","La réponse peut générer une recommandation liée au service « Rédaction Web, commerciale et institutionnelle ».",RATING_5,True,False,[],{},{},diagnostic.com_copy.performance,2,10,ANOM-COM-COPY-PERFORMANCE,RISK-COM-COPY-PERFORMANCE,REC-COM-COPY-PERFORMANCE,COM-COPY,BUSINESS,True,ARCHIVE_IF_REFERENCED,False,ACTIVE,1,MATRICIA_GOLD_MASTER_BASELINE
Q-DIAG-COM-COPY-ISSUES,DIAG_SERVICE_ISSUES,COM,COM-CONTENT,COM-COPY,DIAGNOSTIC,Diagnostic par service,28,"Quels problèmes, retards, incidents ou insatisfactions rencontrez-vous concernant « Rédaction Web, commerciale et institutionnelle » ?","La réponse peut générer une recommandation liée au service « Rédaction Web, commerciale et institutionnelle ».",LONG_TEXT,False,False,[],{},{},diagnostic.com_copy.issues,1,10,ANOM-COM-COPY-ISSUES,RISK-COM-COPY-ISSUES,REC-COM-COPY-ISSUES,COM-COPY,BUSINESS,True,ARCHIVE_IF_REFERENCED,False,ACTIVE,1,MATRICIA_GOLD_MASTER_BASELINE
Q-DIAG-COM-CONTENT-PLAN-EXISTS,DIAG_SERVICE_EXISTS,COM,COM-CONTENT,COM-CONTENT-PLAN,DIAGNOSTIC,Diagnostic par service,29,Disposez-vous actuellement d’un dispositif ou processus formalisé pour « Stratégie éditoriale et calendrier de contenu » ?,La réponse peut générer une recommandation liée au service « Stratégie éditoriale et calendrier de contenu ».,SINGLE_CHOICE,True,False,"[""YES"", ""PARTIAL"", ""NO"", ""UNKNOWN""]",{},{},diagnostic.com_content_plan.exists,2,10,ANOM-COM-CONTENT-PLAN-EXISTS,RISK-COM-CONTENT-PLAN-EXISTS,REC-COM-CONTENT-PLAN-EXISTS,COM-CONTENT-PLAN,BUSINESS,True,ARCHIVE_IF_REFERENCED,False,ACTIVE,1,MATRICIA_GOLD_MASTER_BASELINE
Q-DIAG-COM-CONTENT-PLAN-PERFORMANCE,DIAG_SERVICE_PERFORMANCE,COM,COM-CONTENT,COM-CONTENT-PLAN,DIAGNOSTIC,Diagnostic par service,30,Comment évaluez-vous la performance actuelle de « Stratégie éditoriale et calendrier de contenu » ?,La réponse peut générer une recommandation liée au service « Stratégie éditoriale et calendrier de contenu ».,RATING_5,True,False,[],{},{},diagnostic.com_content_plan.performance,2,10,ANOM-COM-CONTENT-PLAN-PERFORMANCE,RISK-COM-CONTENT-PLAN-PERFORMANCE,REC-COM-CONTENT-PLAN-PERFORMANCE,COM-CONTENT-PLAN,BUSINESS,True,ARCHIVE_IF_REFERENCED,False,ACTIVE,1,MATRICIA_GOLD_MASTER_BASELINE
Q-DIAG-COM-CONTENT-PLAN-ISSUES,DIAG_SERVICE_ISSUES,COM,COM-CONTENT,COM-CONTENT-PLAN,DIAGNOSTIC,Diagnostic par service,31,"Quels problèmes, retards, incidents ou insatisfactions rencontrez-vous concernant « Stratégie éditoriale et calendrier de contenu » ?",La réponse peut générer une recommandation liée au service « Stratégie éditoriale et calendrier de contenu ».,LONG_TEXT,False,False,[],{},{},diagnostic.com_content_plan.issues,1,10,ANOM-COM-CONTENT-PLAN-ISSUES,RISK-COM-CONTENT-PLAN-ISSUES,REC-COM-CONTENT-PLAN-ISSUES,COM-CONTENT-PLAN,BUSINESS,True,ARCHIVE_IF_REFERENCED,False,ACTIVE,1,MATRICIA_GOLD_MASTER_BASELINE
Q-DIAG-COM-SOCIAL-STRAT-EXISTS,DIAG_SERVICE_EXISTS,COM,COM-DIGITAL,COM-SOCIAL-STRAT,DIAGNOSTIC,Diagnostic par service,32,Disposez-vous actuellement d’un dispositif ou processus formalisé pour « Stratégie réseaux sociaux » ?,La réponse peut générer une recommandation liée au service « Stratégie réseaux sociaux ».,SINGLE_CHOICE,True,False,"[""YES"", ""PARTIAL"", ""NO"", ""UNKNOWN""]",{},{},diagnostic.com_social_strat.exists,2,10,ANOM-COM-SOCIAL-STRAT-EXISTS,RISK-COM-SOCIAL-STRAT-EXISTS,REC-COM-SOCIAL-STRAT-EXISTS,COM-SOCIAL-STRAT,BUSINESS,True,ARCHIVE_IF_REFERENCED,False,ACTIVE,1,MATRICIA_GOLD_MASTER_BASELINE
Q-DIAG-COM-SOCIAL-STRAT-PERFORMANCE,DIAG_SERVICE_PERFORMANCE,COM,COM-DIGITAL,COM-SOCIAL-STRAT,DIAGNOSTIC,Diagnostic par service,33,Comment évaluez-vous la performance actuelle de « Stratégie réseaux sociaux » ?,La réponse peut générer une recommandation liée au service « Stratégie réseaux sociaux ».,RATING_5,True,False,[],{},{},diagnostic.com_social_strat.performance,2,10,ANOM-COM-SOCIAL-STRAT-PERFORMANCE,RISK-COM-SOCIAL-STRAT-PERFORMANCE,REC-COM-SOCIAL-STRAT-PERFORMANCE,COM-SOCIAL-STRAT,BUSINESS,True,ARCHIVE_IF_REFERENCED,False,ACTIVE,1,MATRICIA_GOLD_MASTER_BASELINE
Q-DIAG-COM-SOCIAL-STRAT-ISSUES,DIAG_SERVICE_ISSUES,COM,COM-DIGITAL,COM-SOCIAL-STRAT,DIAGNOSTIC,Diagnostic par service,34,"Quels problèmes, retards, incidents ou insatisfactions rencontrez-vous concernant « Stratégie réseaux sociaux » ?",La réponse peut générer une recommandation liée au service « Stratégie réseaux sociaux ».,LONG_TEXT,False,False,[],{},{},diagnostic.com_social_strat.issues,1,10,ANOM-COM-SOCIAL-STRAT-ISSUES,RISK-COM-SOCIAL-STRAT-ISSUES,REC-COM-SOCIAL-STRAT-ISSUES,COM-SOCIAL-STRAT,BUSINESS,True,ARCHIVE_IF_REFERENCED,False,ACTIVE,1,MATRICIA_GOLD_MASTER_BASELINE
Q-DIAG-COM-COMMUNITY-EXISTS,DIAG_SERVICE_EXISTS,COM,COM-DIGITAL,COM-COMMUNITY,DIAGNOSTIC,Diagnostic par service,35,Disposez-vous actuellement d’un dispositif ou processus formalisé pour « Community management » ?,La réponse peut générer une recommandation liée au service « Community management ».,SINGLE_CHOICE,True,False,"[""YES"", ""PARTIAL"", ""NO"", ""UNKNOWN""]",{},{},diagnostic.com_community.exists,2,10,ANOM-COM-COMMUNITY-EXISTS,RISK-COM-COMMUNITY-EXISTS,REC-COM-COMMUNITY-EXISTS,COM-COMMUNITY,BUSINESS,True,ARCHIVE_IF_REFERENCED,False,ACTIVE,1,MATRICIA_GOLD_MASTER_BASELINE
Q-DIAG-COM-COMMUNITY-PERFORMANCE,DIAG_SERVICE_PERFORMANCE,COM,COM-DIGITAL,COM-COMMUNITY,DIAGNOSTIC,Diagnostic par service,36,Comment évaluez-vous la performance actuelle de « Community management » ?,La réponse peut générer une recommandation liée au service « Community management ».,RATING_5,True,False,[],{},{},diagnostic.com_community.performance,2,10,ANOM-COM-COMMUNITY-PERFORMANCE,RISK-COM-COMMUNITY-PERFORMANCE,REC-COM-COMMUNITY-PERFORMANCE,COM-COMMUNITY,BUSINESS,True,ARCHIVE_IF_REFERENCED,False,ACTIVE,1,MATRICIA_GOLD_MASTER_BASELINE
Q-DIAG-COM-COMMUNITY-ISSUES,DIAG_SERVICE_ISSUES,COM,COM-DIGITAL,COM-COMMUNITY,DIAGNOSTIC,Diagnostic par service,37,"Quels problèmes, retards, incidents ou insatisfactions rencontrez-vous concernant « Community management » ?",La réponse peut générer une recommandation liée au service « Community management ».,LONG_TEXT,False,False,[],{},{},diagnostic.com_community.issues,1,10,ANOM-COM-COMMUNITY-ISSUES,RISK-COM-COMMUNITY-ISSUES,REC-COM-COMMUNITY-ISSUES,COM-COMMUNITY,BUSINESS,True,ARCHIVE_IF_REFERENCED,False,ACTIVE,1,MATRICIA_GOLD_MASTER_BASELINE
Q-DIAG-COM-SEO-EXISTS,DIAG_SERVICE_EXISTS,COM,COM-DIGITAL,COM-SEO,DIAGNOSTIC,Diagnostic par service,38,Disposez-vous actuellement d’un dispositif ou processus formalisé pour « Référencement naturel SEO » ?,La réponse peut générer une recommandation liée au service « Référencement naturel SEO ».,SINGLE_CHOICE,True,False,"[""YES"", ""PARTIAL"", ""NO"", ""UNKNOWN""]",{},{},diagnostic.com_seo.exists,2,10,ANOM-COM-SEO-EXISTS,RISK-COM-SEO-EXISTS,REC-COM-SEO-EXISTS,COM-SEO,BUSINESS,True,ARCHIVE_IF_REFERENCED,False,ACTIVE,1,MATRICIA_GOLD_MASTER_BASELINE
Q-DIAG-COM-SEO-PERFORMANCE,DIAG_SERVICE_PERFORMANCE,COM,COM-DIGITAL,COM-SEO,DIAGNOSTIC,Diagnostic par service,39,Comment évaluez-vous la performance actuelle de « Référencement naturel SEO » ?,La réponse peut générer une recommandation liée au service « Référencement naturel SEO ».,RATING_5,True,False,[],{},{},diagnostic.com_seo.performance,2,10,ANOM-COM-SEO-PERFORMANCE,RISK-COM-SEO-PERFORMANCE,REC-COM-SEO-PERFORMANCE,COM-SEO,BUSINESS,True,ARCHIVE_IF_REFERENCED,False,ACTIVE,1,MATRICIA_GOLD_MASTER_BASELINE
Q-DIAG-COM-SEO-ISSUES,DIAG_SERVICE_ISSUES,COM,COM-DIGITAL,COM-SEO,DIAGNOSTIC,Diagnostic par service,40,"Quels problèmes, retards, incidents ou insatisfactions rencontrez-vous concernant « Référencement naturel SEO » ?",La réponse peut générer une recommandation liée au service « Référencement naturel SEO ».,LONG_TEXT,False,False,[],{},{},diagnostic.com_seo.issues,1,10,ANOM-COM-SEO-ISSUES,RISK-COM-SEO-ISSUES,REC-COM-SEO-ISSUES,COM-SEO,BUSINESS,True,ARCHIVE_IF_REFERENCED,False,ACTIVE,1,MATRICIA_GOLD_MASTER_BASELINE
Q-DIAG-COM-EMAIL-EXISTS,DIAG_SERVICE_EXISTS,COM,COM-DIGITAL,COM-EMAIL,DIAGNOSTIC,Diagnostic par service,41,Disposez-vous actuellement d’un dispositif ou processus formalisé pour « E-mail marketing et automatisation » ?,La réponse peut générer une recommandation liée au service « E-mail marketing et automatisation ».,SINGLE_CHOICE,True,False,"[""YES"", ""PARTIAL"", ""NO"", ""UNKNOWN""]",{},{},diagnostic.com_email.exists,2,10,ANOM-COM-EMAIL-EXISTS,RISK-COM-EMAIL-EXISTS,REC-COM-EMAIL-EXISTS,COM-EMAIL,BUSINESS,True,ARCHIVE_IF_REFERENCED,False,ACTIVE,1,MATRICIA_GOLD_MASTER_BASELINE
Q-DIAG-COM-EMAIL-PERFORMANCE,DIAG_SERVICE_PERFORMANCE,COM,COM-DIGITAL,COM-EMAIL,DIAGNOSTIC,Diagnostic par service,42,Comment évaluez-vous la performance actuelle de « E-mail marketing et automatisation » ?,La réponse peut générer une recommandation liée au service « E-mail marketing et automatisation ».,RATING_5,True,False,[],{},{},diagnostic.com_email.performance,2,10,ANOM-COM-EMAIL-PERFORMANCE,RISK-COM-EMAIL-PERFORMANCE,REC-COM-EMAIL-PERFORMANCE,COM-EMAIL,BUSINESS,True,ARCHIVE_IF_REFERENCED,False,ACTIVE,1,MATRICIA_GOLD_MASTER_BASELINE
Q-DIAG-COM-EMAIL-ISSUES,DIAG_SERVICE_ISSUES,COM,COM-DIGITAL,COM-EMAIL,DIAGNOSTIC,Diagnostic par service,43,"Quels problèmes, retards, incidents ou insatisfactions rencontrez-vous concernant « E-mail marketing et automatisation » ?",La réponse peut générer une recommandation liée au service « E-mail marketing et automatisation ».,LONG_TEXT,False,False,[],{},{},diagnostic.com_email.issues,1,10,ANOM-COM-EMAIL-ISSUES,RISK-COM-EMAIL-ISSUES,REC-COM-EMAIL-ISSUES,COM-EMAIL,BUSINESS,True,ARCHIVE_IF_REFERENCED,False,ACTIVE,1,MATRICIA_GOLD_MASTER_BASELINE
Q-DIAG-COM-DIGITAL-ADS-EXISTS,DIAG_SERVICE_EXISTS,COM,COM-ADS,COM-DIGITAL-ADS,DIAGNOSTIC,Diagnostic par service,44,Disposez-vous actuellement d’un dispositif ou processus formalisé pour « Campagnes publicitaires digitales » ?,La réponse peut générer une recommandation liée au service « Campagnes publicitaires digitales ».,SINGLE_CHOICE,True,False,"[""YES"", ""PARTIAL"", ""NO"", ""UNKNOWN""]",{},{},diagnostic.com_digital_ads.exists,2,10,ANOM-COM-DIGITAL-ADS-EXISTS,RISK-COM-DIGITAL-ADS-EXISTS,REC-COM-DIGITAL-ADS-EXISTS,COM-DIGITAL-ADS,BUSINESS,True,ARCHIVE_IF_REFERENCED,False,ACTIVE,1,MATRICIA_GOLD_MASTER_BASELINE
Q-DIAG-COM-DIGITAL-ADS-PERFORMANCE,DIAG_SERVICE_PERFORMANCE,COM,COM-ADS,COM-DIGITAL-ADS,DIAGNOSTIC,Diagnostic par service,45,Comment évaluez-vous la performance actuelle de « Campagnes publicitaires digitales » ?,La réponse peut générer une recommandation liée au service « Campagnes publicitaires digitales ».,RATING_5,True,False,[],{},{},diagnostic.com_digital_ads.performance,2,10,ANOM-COM-DIGITAL-ADS-PERFORMANCE,RISK-COM-DIGITAL-ADS-PERFORMANCE,REC-COM-DIGITAL-ADS-PERFORMANCE,COM-DIGITAL-ADS,BUSINESS,True,ARCHIVE_IF_REFERENCED,False,ACTIVE,1,MATRICIA_GOLD_MASTER_BASELINE
Q-DIAG-COM-DIGITAL-ADS-ISSUES,DIAG_SERVICE_ISSUES,COM,COM-ADS,COM-DIGITAL-ADS,DIAGNOSTIC,Diagnostic par service,46,"Quels problèmes, retards, incidents ou insatisfactions rencontrez-vous concernant « Campagnes publicitaires digitales » ?",La réponse peut générer une recommandation liée au service « Campagnes publicitaires digitales ».,LONG_TEXT,False,False,[],{},{},diagnostic.com_digital_ads.issues,1,10,ANOM-COM-DIGITAL-ADS-ISSUES,RISK-COM-DIGITAL-ADS-ISSUES,REC-COM-DIGITAL-ADS-ISSUES,COM-DIGITAL-ADS,BUSINESS,True,ARCHIVE_IF_REFERENCED,False,ACTIVE,1,MATRICIA_GOLD_MASTER_BASELINE
Q-DIAG-COM-MEDIA-EXISTS,DIAG_SERVICE_EXISTS,COM,COM-ADS,COM-MEDIA,DIAGNOSTIC,Diagnostic par service,47,Disposez-vous actuellement d’un dispositif ou processus formalisé pour « Plan média et achat d’espace » ?,La réponse peut générer une recommandation liée au service « Plan média et achat d’espace ».,SINGLE_CHOICE,True,False,"[""YES"", ""PARTIAL"", ""NO"", ""UNKNOWN""]",{},{},diagnostic.com_media.exists,2,10,ANOM-COM-MEDIA-EXISTS,RISK-COM-MEDIA-EXISTS,REC-COM-MEDIA-EXISTS,COM-MEDIA,BUSINESS,True,ARCHIVE_IF_REFERENCED,False,ACTIVE,1,MATRICIA_GOLD_MASTER_BASELINE
Q-DIAG-COM-MEDIA-PERFORMANCE,DIAG_SERVICE_PERFORMANCE,COM,COM-ADS,COM-MEDIA,DIAGNOSTIC,Diagnostic par service,48,Comment évaluez-vous la performance actuelle de « Plan média et achat d’espace » ?,La réponse peut générer une recommandation liée au service « Plan média et achat d’espace ».,RATING_5,True,False,[],{},{},diagnostic.com_media.performance,2,10,ANOM-COM-MEDIA-PERFORMANCE,RISK-COM-MEDIA-PERFORMANCE,REC-COM-MEDIA-PERFORMANCE,COM-MEDIA,BUSINESS,True,ARCHIVE_IF_REFERENCED,False,ACTIVE,1,MATRICIA_GOLD_MASTER_BASELINE
Q-DIAG-COM-MEDIA-ISSUES,DIAG_SERVICE_ISSUES,COM,COM-ADS,COM-MEDIA,DIAGNOSTIC,Diagnostic par service,49,"Quels problèmes, retards, incidents ou insatisfactions rencontrez-vous concernant « Plan média et achat d’espace » ?",La réponse peut générer une recommandation liée au service « Plan média et achat d’espace ».,LONG_TEXT,False,False,[],{},{},diagnostic.com_media.issues,1,10,ANOM-COM-MEDIA-ISSUES,RISK-COM-MEDIA-ISSUES,REC-COM-MEDIA-ISSUES,COM-MEDIA,BUSINESS,True,ARCHIVE_IF_REFERENCED,False,ACTIVE,1,MATRICIA_GOLD_MASTER_BASELINE
Q-DIAG-COM-PHOTO-EXISTS,DIAG_SERVICE_EXISTS,COM,COM-AV,COM-PHOTO,DIAGNOSTIC,Diagnostic par service,50,"Disposez-vous actuellement d’un dispositif ou processus formalisé pour « Photographie corporate, produit ou immobilière » ?","La réponse peut générer une recommandation liée au service « Photographie corporate, produit ou immobilière ».",SINGLE_CHOICE,True,False,"[""YES"", ""PARTIAL"", ""NO"", ""UNKNOWN""]",{},{},diagnostic.com_photo.exists,2,10,ANOM-COM-PHOTO-EXISTS,RISK-COM-PHOTO-EXISTS,REC-COM-PHOTO-EXISTS,COM-PHOTO,BUSINESS,True,ARCHIVE_IF_REFERENCED,False,ACTIVE,1,MATRICIA_GOLD_MASTER_BASELINE
Q-DIAG-COM-PHOTO-PERFORMANCE,DIAG_SERVICE_PERFORMANCE,COM,COM-AV,COM-PHOTO,DIAGNOSTIC,Diagnostic par service,51,"Comment évaluez-vous la performance actuelle de « Photographie corporate, produit ou immobilière » ?","La réponse peut générer une recommandation liée au service « Photographie corporate, produit ou immobilière ».",RATING_5,True,False,[],{},{},diagnostic.com_photo.performance,2,10,ANOM-COM-PHOTO-PERFORMANCE,RISK-COM-PHOTO-PERFORMANCE,REC-COM-PHOTO-PERFORMANCE,COM-PHOTO,BUSINESS,True,ARCHIVE_IF_REFERENCED,False,ACTIVE,1,MATRICIA_GOLD_MASTER_BASELINE
Q-DIAG-COM-PHOTO-ISSUES,DIAG_SERVICE_ISSUES,COM,COM-AV,COM-PHOTO,DIAGNOSTIC,Diagnostic par service,52,"Quels problèmes, retards, incidents ou insatisfactions rencontrez-vous concernant « Photographie corporate, produit ou immobilière » ?","La réponse peut générer une recommandation liée au service « Photographie corporate, produit ou immobilière ».",LONG_TEXT,False,False,[],{},{},diagnostic.com_photo.issues,1,10,ANOM-COM-PHOTO-ISSUES,RISK-COM-PHOTO-ISSUES,REC-COM-PHOTO-ISSUES,COM-PHOTO,BUSINESS,True,ARCHIVE_IF_REFERENCED,False,ACTIVE,1,MATRICIA_GOLD_MASTER_BASELINE
Q-DIAG-COM-VIDEO-EXISTS,DIAG_SERVICE_EXISTS,COM,COM-AV,COM-VIDEO,DIAGNOSTIC,Diagnostic par service,53,Disposez-vous actuellement d’un dispositif ou processus formalisé pour « Production vidéo corporate ou publicitaire » ?,La réponse peut générer une recommandation liée au service « Production vidéo corporate ou publicitaire ».,SINGLE_CHOICE,True,False,"[""YES"", ""PARTIAL"", ""NO"", ""UNKNOWN""]",{},{},diagnostic.com_video.exists,2,10,ANOM-COM-VIDEO-EXISTS,RISK-COM-VIDEO-EXISTS,REC-COM-VIDEO-EXISTS,COM-VIDEO,BUSINESS,True,ARCHIVE_IF_REFERENCED,False,ACTIVE,1,MATRICIA_GOLD_MASTER_BASELINE
Q-DIAG-COM-VIDEO-PERFORMANCE,DIAG_SERVICE_PERFORMANCE,COM,COM-AV,COM-VIDEO,DIAGNOSTIC,Diagnostic par service,54,Comment évaluez-vous la performance actuelle de « Production vidéo corporate ou publicitaire » ?,La réponse peut générer une recommandation liée au service « Production vidéo corporate ou publicitaire ».,RATING_5,True,False,[],{},{},diagnostic.com_video.performance,2,10,ANOM-COM-VIDEO-PERFORMANCE,RISK-COM-VIDEO-PERFORMANCE,REC-COM-VIDEO-PERFORMANCE,COM-VIDEO,BUSINESS,True,ARCHIVE_IF_REFERENCED,False,ACTIVE,1,MATRICIA_GOLD_MASTER_BASELINE
Q-DIAG-COM-VIDEO-ISSUES,DIAG_SERVICE_ISSUES,COM,COM-AV,COM-VIDEO,DIAGNOSTIC,Diagnostic par service,55,"Quels problèmes, retards, incidents ou insatisfactions rencontrez-vous concernant « Production vidéo corporate ou publicitaire » ?",La réponse peut générer une recommandation liée au service « Production vidéo corporate ou publicitaire ».,LONG_TEXT,False,False,[],{},{},diagnostic.com_video.issues,1,10,ANOM-COM-VIDEO-ISSUES,RISK-COM-VIDEO-ISSUES,REC-COM-VIDEO-ISSUES,COM-VIDEO,BUSINESS,True,ARCHIVE_IF_REFERENCED,False,ACTIVE,1,MATRICIA_GOLD_MASTER_BASELINE
Q-DIAG-COM-MOTION-EXISTS,DIAG_SERVICE_EXISTS,COM,COM-AV,COM-MOTION,DIAGNOSTIC,Diagnostic par service,56,Disposez-vous actuellement d’un dispositif ou processus formalisé pour « Motion design et animation » ?,La réponse peut générer une recommandation liée au service « Motion design et animation ».,SINGLE_CHOICE,True,False,"[""YES"", ""PARTIAL"", ""NO"", ""UNKNOWN""]",{},{},diagnostic.com_motion.exists,2,10,ANOM-COM-MOTION-EXISTS,RISK-COM-MOTION-EXISTS,REC-COM-MOTION-EXISTS,COM-MOTION,BUSINESS,True,ARCHIVE_IF_REFERENCED,False,ACTIVE,1,MATRICIA_GOLD_MASTER_BASELINE
Q-DIAG-COM-MOTION-PERFORMANCE,DIAG_SERVICE_PERFORMANCE,COM,COM-AV,COM-MOTION,DIAGNOSTIC,Diagnostic par service,57,Comment évaluez-vous la performance actuelle de « Motion design et animation » ?,La réponse peut générer une recommandation liée au service « Motion design et animation ».,RATING_5,True,False,[],{},{},diagnostic.com_motion.performance,2,10,ANOM-COM-MOTION-PERFORMANCE,RISK-COM-MOTION-PERFORMANCE,REC-COM-MOTION-PERFORMANCE,COM-MOTION,BUSINESS,True,ARCHIVE_IF_REFERENCED,False,ACTIVE,1,MATRICIA_GOLD_MASTER_BASELINE
Q-DIAG-COM-MOTION-ISSUES,DIAG_SERVICE_ISSUES,COM,COM-AV,COM-MOTION,DIAGNOSTIC,Diagnostic par service,58,"Quels problèmes, retards, incidents ou insatisfactions rencontrez-vous concernant « Motion design et animation » ?",La réponse peut générer une recommandation liée au service « Motion design et animation ».,LONG_TEXT,False,False,[],{},{},diagnostic.com_motion.issues,1,10,ANOM-COM-MOTION-ISSUES,RISK-COM-MOTION-ISSUES,REC-COM-MOTION-ISSUES,COM-MOTION,BUSINESS,True,ARCHIVE_IF_REFERENCED,False,ACTIVE,1,MATRICIA_GOLD_MASTER_BASELINE
Q-DIAG-COM-PR-EXISTS,DIAG_SERVICE_EXISTS,COM,COM-PR,COM-PR,DIAGNOSTIC,Diagnostic par service,59,Disposez-vous actuellement d’un dispositif ou processus formalisé pour « Relations presse et relations publiques » ?,La réponse peut générer une recommandation liée au service « Relations presse et relations publiques ».,SINGLE_CHOICE,True,False,"[""YES"", ""PARTIAL"", ""NO"", ""UNKNOWN""]",{},{},diagnostic.com_pr.exists,2,10,ANOM-COM-PR-EXISTS,RISK-COM-PR-EXISTS,REC-COM-PR-EXISTS,COM-PR,BUSINESS,True,ARCHIVE_IF_REFERENCED,False,ACTIVE,1,MATRICIA_GOLD_MASTER_BASELINE
Q-DIAG-COM-PR-PERFORMANCE,DIAG_SERVICE_PERFORMANCE,COM,COM-PR,COM-PR,DIAGNOSTIC,Diagnostic par service,60,Comment évaluez-vous la performance actuelle de « Relations presse et relations publiques » ?,La réponse peut générer une recommandation liée au service « Relations presse et relations publiques ».,RATING_5,True,False,[],{},{},diagnostic.com_pr.performance,2,10,ANOM-COM-PR-PERFORMANCE,RISK-COM-PR-PERFORMANCE,REC-COM-PR-PERFORMANCE,COM-PR,BUSINESS,True,ARCHIVE_IF_REFERENCED,False,ACTIVE,1,MATRICIA_GOLD_MASTER_BASELINE
Q-DIAG-COM-PR-ISSUES,DIAG_SERVICE_ISSUES,COM,COM-PR,COM-PR,DIAGNOSTIC,Diagnostic par service,61,"Quels problèmes, retards, incidents ou insatisfactions rencontrez-vous concernant « Relations presse et relations publiques » ?",La réponse peut générer une recommandation liée au service « Relations presse et relations publiques ».,LONG_TEXT,False,False,[],{},{},diagnostic.com_pr.issues,1,10,ANOM-COM-PR-ISSUES,RISK-COM-PR-ISSUES,REC-COM-PR-ISSUES,COM-PR,BUSINESS,True,ARCHIVE_IF_REFERENCED,False,ACTIVE,1,MATRICIA_GOLD_MASTER_BASELINE
Q-DIAG-COM-INFLUENCE-EXISTS,DIAG_SERVICE_EXISTS,COM,COM-PR,COM-INFLUENCE,DIAGNOSTIC,Diagnostic par service,62,Disposez-vous actuellement d’un dispositif ou processus formalisé pour « Marketing d’influence » ?,La réponse peut générer une recommandation liée au service « Marketing d’influence ».,SINGLE_CHOICE,True,False,"[""YES"", ""PARTIAL"", ""NO"", ""UNKNOWN""]",{},{},diagnostic.com_influence.exists,2,10,ANOM-COM-INFLUENCE-EXISTS,RISK-COM-INFLUENCE-EXISTS,REC-COM-INFLUENCE-EXISTS,COM-INFLUENCE,BUSINESS,True,ARCHIVE_IF_REFERENCED,False,ACTIVE,1,MATRICIA_GOLD_MASTER_BASELINE
Q-DIAG-COM-INFLUENCE-PERFORMANCE,DIAG_SERVICE_PERFORMANCE,COM,COM-PR,COM-INFLUENCE,DIAGNOSTIC,Diagnostic par service,63,Comment évaluez-vous la performance actuelle de « Marketing d’influence » ?,La réponse peut générer une recommandation liée au service « Marketing d’influence ».,RATING_5,True,False,[],{},{},diagnostic.com_influence.performance,2,10,ANOM-COM-INFLUENCE-PERFORMANCE,RISK-COM-INFLUENCE-PERFORMANCE,REC-COM-INFLUENCE-PERFORMANCE,COM-INFLUENCE,BUSINESS,True,ARCHIVE_IF_REFERENCED,False,ACTIVE,1,MATRICIA_GOLD_MASTER_BASELINE
Q-DIAG-COM-INFLUENCE-ISSUES,DIAG_SERVICE_ISSUES,COM,COM-PR,COM-INFLUENCE,DIAGNOSTIC,Diagnostic par service,64,"Quels problèmes, retards, incidents ou insatisfactions rencontrez-vous concernant « Marketing d’influence » ?",La réponse peut générer une recommandation liée au service « Marketing d’influence ».,LONG_TEXT,False,False,[],{},{},diagnostic.com_influence.issues,1,10,ANOM-COM-INFLUENCE-ISSUES,RISK-COM-INFLUENCE-ISSUES,REC-COM-INFLUENCE-ISSUES,COM-INFLUENCE,BUSINESS,True,ARCHIVE_IF_REFERENCED,False,ACTIVE,1,MATRICIA_GOLD_MASTER_BASELINE
Q-DIAG-COM-EVENT-EXISTS,DIAG_SERVICE_EXISTS,COM,COM-EVENT,COM-EVENT,DIAGNOSTIC,Diagnostic par service,65,Disposez-vous actuellement d’un dispositif ou processus formalisé pour « Conception et communication événementielle » ?,La réponse peut générer une recommandation liée au service « Conception et communication événementielle ».,SINGLE_CHOICE,True,False,"[""YES"", ""PARTIAL"", ""NO"", ""UNKNOWN""]",{},{},diagnostic.com_event.exists,2,10,ANOM-COM-EVENT-EXISTS,RISK-COM-EVENT-EXISTS,REC-COM-EVENT-EXISTS,COM-EVENT,BUSINESS,True,ARCHIVE_IF_REFERENCED,False,ACTIVE,1,MATRICIA_GOLD_MASTER_BASELINE
Q-DIAG-COM-EVENT-PERFORMANCE,DIAG_SERVICE_PERFORMANCE,COM,COM-EVENT,COM-EVENT,DIAGNOSTIC,Diagnostic par service,66,Comment évaluez-vous la performance actuelle de « Conception et communication événementielle » ?,La réponse peut générer une recommandation liée au service « Conception et communication événementielle ».,RATING_5,True,False,[],{},{},diagnostic.com_event.performance,2,10,ANOM-COM-EVENT-PERFORMANCE,RISK-COM-EVENT-PERFORMANCE,REC-COM-EVENT-PERFORMANCE,COM-EVENT,BUSINESS,True,ARCHIVE_IF_REFERENCED,False,ACTIVE,1,MATRICIA_GOLD_MASTER_BASELINE
Q-DIAG-COM-EVENT-ISSUES,DIAG_SERVICE_ISSUES,COM,COM-EVENT,COM-EVENT,DIAGNOSTIC,Diagnostic par service,67,"Quels problèmes, retards, incidents ou insatisfactions rencontrez-vous concernant « Conception et communication événementielle » ?",La réponse peut générer une recommandation liée au service « Conception et communication événementielle ».,LONG_TEXT,False,False,[],{},{},diagnostic.com_event.issues,1,10,ANOM-COM-EVENT-ISSUES,RISK-COM-EVENT-ISSUES,REC-COM-EVENT-ISSUES,COM-EVENT,BUSINESS,True,ARCHIVE_IF_REFERENCED,False,ACTIVE,1,MATRICIA_GOLD_MASTER_BASELINE
Q-DIAG-COM-PRINT-SIGN-EXISTS,DIAG_SERVICE_EXISTS,COM,COM-EVENT,COM-PRINT-SIGN,DIAGNOSTIC,Diagnostic par service,68,"Disposez-vous actuellement d’un dispositif ou processus formalisé pour « Impression, PLV et signalétique » ?","La réponse peut générer une recommandation liée au service « Impression, PLV et signalétique ».",SINGLE_CHOICE,True,False,"[""YES"", ""PARTIAL"", ""NO"", ""UNKNOWN""]",{},{},diagnostic.com_print_sign.exists,2,10,ANOM-COM-PRINT-SIGN-EXISTS,RISK-COM-PRINT-SIGN-EXISTS,REC-COM-PRINT-SIGN-EXISTS,COM-PRINT-SIGN,BUSINESS,True,ARCHIVE_IF_REFERENCED,False,ACTIVE,1,MATRICIA_GOLD_MASTER_BASELINE
Q-DIAG-COM-PRINT-SIGN-PERFORMANCE,DIAG_SERVICE_PERFORMANCE,COM,COM-EVENT,COM-PRINT-SIGN,DIAGNOSTIC,Diagnostic par service,69,"Comment évaluez-vous la performance actuelle de « Impression, PLV et signalétique » ?","La réponse peut générer une recommandation liée au service « Impression, PLV et signalétique ».",RATING_5,True,False,[],{},{},diagnostic.com_print_sign.performance,2,10,ANOM-COM-PRINT-SIGN-PERFORMANCE,RISK-COM-PRINT-SIGN-PERFORMANCE,REC-COM-PRINT-SIGN-PERFORMANCE,COM-PRINT-SIGN,BUSINESS,True,ARCHIVE_IF_REFERENCED,False,ACTIVE,1,MATRICIA_GOLD_MASTER_BASELINE
Q-DIAG-COM-PRINT-SIGN-ISSUES,DIAG_SERVICE_ISSUES,COM,COM-EVENT,COM-PRINT-SIGN,DIAGNOSTIC,Diagnostic par service,70,"Quels problèmes, retards, incidents ou insatisfactions rencontrez-vous concernant « Impression, PLV et signalétique » ?","La réponse peut générer une recommandation liée au service « Impression, PLV et signalétique ».",LONG_TEXT,False,False,[],{},{},diagnostic.com_print_sign.issues,1,10,ANOM-COM-PRINT-SIGN-ISSUES,RISK-COM-PRINT-SIGN-ISSUES,REC-COM-PRINT-SIGN-ISSUES,COM-PRINT-SIGN,BUSINESS,True,ARCHIVE_IF_REFERENCED,False,ACTIVE,1,MATRICIA_GOLD_MASTER_BASELINE
Q-DIAG-ACC-BASE-01,DIAG_COMMON_MATURITY,ACC,,,DIAGNOSTIC,Diagnostic général,1,"Quel est le niveau de formalisation actuel de vos pratiques dans la bibliothèque « Comptabilité, fiscalité et finance » ?",Répondez selon la situation réelle de votre entreprise.,SINGLE_CHOICE,True,False,"[""INEXISTANT"", ""INFORMEL"", ""PARTIEL"", ""FORMALISE"", ""MESURE_ET_AMELIORE""]",{},{},diagnostic.acc.base_maturity,2,10,ANOM-ACC-BASE-MATURITY,RISK-ACC-BASE-MATURITY,REC-ACC-BASE-MATURITY,,BUSINESS,True,ARCHIVE_IF_REFERENCED,False,ACTIVE,1,MATRICIA_GOLD_MASTER_BASELINE
Q-DIAG-ACC-BASE-02,DIAG_COMMON_OWNER,ACC,,,DIAGNOSTIC,Diagnostic général,2,Un responsable clairement identifié pilote-t-il ce domaine ?,Répondez selon la situation réelle de votre entreprise.,YES_NO,True,False,"[""YES"", ""NO"", ""UNKNOWN""]",{},{},diagnostic.acc.base_owner,1,10,ANOM-ACC-BASE-OWNER,RISK-ACC-BASE-OWNER,REC-ACC-BASE-OWNER,,BUSINESS,True,ARCHIVE_IF_REFERENCED,False,ACTIVE,1,MATRICIA_GOLD_MASTER_BASELINE
Q-DIAG-ACC-BASE-03,DIAG_COMMON_BUDGET,ACC,,,DIAGNOSTIC,Diagnostic général,3,Un budget annuel est-il défini et suivi pour ce domaine ?,Répondez selon la situation réelle de votre entreprise.,YES_NO,True,False,"[""YES"", ""NO"", ""PARTIAL""]",{},{},diagnostic.acc.base_budget,1,10,ANOM-ACC-BASE-BUDGET,RISK-ACC-BASE-BUDGET,REC-ACC-BASE-BUDGET,,BUSINESS,True,ARCHIVE_IF_REFERENCED,False,ACTIVE,1,MATRICIA_GOLD_MASTER_BASELINE
Q-DIAG-ACC-BASE-04,DIAG_COMMON_KPI,ACC,,,DIAGNOSTIC,Diagnostic général,4,Disposez-vous d’indicateurs réguliers pour mesurer la performance de ce domaine ?,Répondez selon la situation réelle de votre entreprise.,YES_NO,True,False,"[""YES"", ""NO"", ""PARTIAL""]",{},{},diagnostic.acc.base_kpi,1,10,ANOM-ACC-BASE-KPI,RISK-ACC-BASE-KPI,REC-ACC-BASE-KPI,,BUSINESS,True,ARCHIVE_IF_REFERENCED,False,ACTIVE,1,MATRICIA_GOLD_MASTER_BASELINE
Q-DIAG-ACC-BASE-05,DIAG_COMMON_RISKS,ACC,,,DIAGNOSTIC,Diagnostic général,5,"Les risques majeurs de ce domaine sont-ils identifiés, évalués et suivis ?",Répondez selon la situation réelle de votre entreprise.,YES_NO,True,False,"[""YES"", ""NO"", ""PARTIAL""]",{},{},diagnostic.acc.base_risks,2,10,ANOM-ACC-BASE-RISKS,RISK-ACC-BASE-RISKS,REC-ACC-BASE-RISKS,,BUSINESS,True,ARCHIVE_IF_REFERENCED,True,ACTIVE,1,MATRICIA_GOLD_MASTER_BASELINE
Q-DIAG-ACC-BASE-06,DIAG_COMMON_DOCUMENTATION,ACC,,,DIAGNOSTIC,Diagnostic général,6,"Les politiques, procédures et responsabilités sont-elles documentées et à jour ?",Répondez selon la situation réelle de votre entreprise.,YES_NO,True,False,"[""YES"", ""NO"", ""PARTIAL""]",{},{},diagnostic.acc.base_documentation,1,10,ANOM-ACC-BASE-DOCUMENTATION,RISK-ACC-BASE-DOCUMENTATION,REC-ACC-BASE-DOCUMENTATION,,BUSINESS,True,ARCHIVE_IF_REFERENCED,False,ACTIVE,1,MATRICIA_GOLD_MASTER_BASELINE
Q-DIAG-ACC-BASE-07,DIAG_COMMON_TOOLS,ACC,,,DIAGNOSTIC,Diagnostic général,7,Les outils utilisés répondent-ils aux besoins et communiquent-ils correctement entre eux ?,Répondez selon la situation réelle de votre entreprise.,SINGLE_CHOICE,True,False,"[""YES"", ""PARTIAL"", ""NO"", ""UNKNOWN""]",{},{},diagnostic.acc.base_tools,1,10,ANOM-ACC-BASE-TOOLS,RISK-ACC-BASE-TOOLS,REC-ACC-BASE-TOOLS,,BUSINESS,True,ARCHIVE_IF_REFERENCED,False,ACTIVE,1,MATRICIA_GOLD_MASTER_BASELINE
Q-DIAG-ACC-BASE-08,DIAG_COMMON_SKILLS,ACC,,,DIAGNOSTIC,Diagnostic général,8,Les équipes disposent-elles des compétences et ressources nécessaires ?,Répondez selon la situation réelle de votre entreprise.,SINGLE_CHOICE,True,False,"[""YES"", ""PARTIAL"", ""NO"", ""UNKNOWN""]",{},{},diagnostic.acc.base_skills,1,10,ANOM-ACC-BASE-SKILLS,RISK-ACC-BASE-SKILLS,REC-ACC-BASE-SKILLS,,BUSINESS,True,ARCHIVE_IF_REFERENCED,False,ACTIVE,1,MATRICIA_GOLD_MASTER_BASELINE
Q-DIAG-ACC-BASE-09,DIAG_COMMON_INCIDENTS,ACC,,,DIAGNOSTIC,Diagnostic général,9,"Avez-vous connu des incidents, retards, pertes ou réclamations significatifs dans ce domaine au cours des 12 derniers mois ?",Répondez selon la situation réelle de votre entreprise.,YES_NO,True,False,"[""YES"", ""NO""]",{},{},diagnostic.acc.base_incidents,2,10,ANOM-ACC-BASE-INCIDENTS,RISK-ACC-BASE-INCIDENTS,REC-ACC-BASE-INCIDENTS,,BUSINESS,True,ARCHIVE_IF_REFERENCED,False,ACTIVE,1,MATRICIA_GOLD_MASTER_BASELINE
Q-DIAG-ACC-BASE-10,DIAG_COMMON_PRIORITY,ACC,,,DIAGNOSTIC,Diagnostic général,10,Souhaitez-vous faire de ce domaine une priorité d’amélioration dans les 12 prochains mois ?,Répondez selon la situation réelle de votre entreprise.,SINGLE_CHOICE,True,False,"[""HIGH"", ""MEDIUM"", ""LOW"", ""NO""]",{},{},diagnostic.acc.base_priority,1,10,ANOM-ACC-BASE-PRIORITY,RISK-ACC-BASE-PRIORITY,REC-ACC-BASE-PRIORITY,,BUSINESS,True,ARCHIVE_IF_REFERENCED,False,ACTIVE,1,MATRICIA_GOLD_MASTER_BASELINE
Q-DIAG-ACC-BOOKKEEPING-EXISTS,DIAG_SERVICE_EXISTS,ACC,ACC-BOOK,ACC-BOOKKEEPING,DIAGNOSTIC,Diagnostic par service,11,Disposez-vous actuellement d’un dispositif ou processus formalisé pour « Tenue comptable externalisée » ?,La réponse peut générer une recommandation liée au service « Tenue comptable externalisée ».,SINGLE_CHOICE,True,False,"[""YES"", ""PARTIAL"", ""NO"", ""UNKNOWN""]",{},{},diagnostic.acc_bookkeeping.exists,2,10,ANOM-ACC-BOOKKEEPING-EXISTS,RISK-ACC-BOOKKEEPING-EXISTS,REC-ACC-BOOKKEEPING-EXISTS,ACC-BOOKKEEPING,BUSINESS,True,ARCHIVE_IF_REFERENCED,False,ACTIVE,1,MATRICIA_GOLD_MASTER_BASELINE
Q-DIAG-ACC-BOOKKEEPING-PERFORMANCE,DIAG_SERVICE_PERFORMANCE,ACC,ACC-BOOK,ACC-BOOKKEEPING,DIAGNOSTIC,Diagnostic par service,12,Comment évaluez-vous la performance actuelle de « Tenue comptable externalisée » ?,La réponse peut générer une recommandation liée au service « Tenue comptable externalisée ».,RATING_5,True,False,[],{},{},diagnostic.acc_bookkeeping.performance,2,10,ANOM-ACC-BOOKKEEPING-PERFORMANCE,RISK-ACC-BOOKKEEPING-PERFORMANCE,REC-ACC-BOOKKEEPING-PERFORMANCE,ACC-BOOKKEEPING,BUSINESS,True,ARCHIVE_IF_REFERENCED,False,ACTIVE,1,MATRICIA_GOLD_MASTER_BASELINE
Q-DIAG-ACC-BOOKKEEPING-ISSUES,DIAG_SERVICE_ISSUES,ACC,ACC-BOOK,ACC-BOOKKEEPING,DIAGNOSTIC,Diagnostic par service,13,"Quels problèmes, retards, incidents ou insatisfactions rencontrez-vous concernant « Tenue comptable externalisée » ?",La réponse peut générer une recommandation liée au service « Tenue comptable externalisée ».,LONG_TEXT,False,False,[],{},{},diagnostic.acc_bookkeeping.issues,1,10,ANOM-ACC-BOOKKEEPING-ISSUES,RISK-ACC-BOOKKEEPING-ISSUES,REC-ACC-BOOKKEEPING-ISSUES,ACC-BOOKKEEPING,BUSINESS,True,ARCHIVE_IF_REFERENCED,False,ACTIVE,1,MATRICIA_GOLD_MASTER_BASELINE
Q-DIAG-ACC-CLEANUP-EXISTS,DIAG_SERVICE_EXISTS,ACC,ACC-BOOK,ACC-CLEANUP,DIAGNOSTIC,Diagnostic par service,14,Disposez-vous actuellement d’un dispositif ou processus formalisé pour « Rattrapage et régularisation comptable » ?,La réponse peut générer une recommandation liée au service « Rattrapage et régularisation comptable ».,SINGLE_CHOICE,True,False,"[""YES"", ""PARTIAL"", ""NO"", ""UNKNOWN""]",{},{},diagnostic.acc_cleanup.exists,2,10,ANOM-ACC-CLEANUP-EXISTS,RISK-ACC-CLEANUP-EXISTS,REC-ACC-CLEANUP-EXISTS,ACC-CLEANUP,BUSINESS,True,ARCHIVE_IF_REFERENCED,False,ACTIVE,1,MATRICIA_GOLD_MASTER_BASELINE
Q-DIAG-ACC-CLEANUP-PERFORMANCE,DIAG_SERVICE_PERFORMANCE,ACC,ACC-BOOK,ACC-CLEANUP,DIAGNOSTIC,Diagnostic par service,15,Comment évaluez-vous la performance actuelle de « Rattrapage et régularisation comptable » ?,La réponse peut générer une recommandation liée au service « Rattrapage et régularisation comptable ».,RATING_5,True,False,[],{},{},diagnostic.acc_cleanup.performance,2,10,ANOM-ACC-CLEANUP-PERFORMANCE,RISK-ACC-CLEANUP-PERFORMANCE,REC-ACC-CLEANUP-PERFORMANCE,ACC-CLEANUP,BUSINESS,True,ARCHIVE_IF_REFERENCED,False,ACTIVE,1,MATRICIA_GOLD_MASTER_BASELINE
Q-DIAG-ACC-CLEANUP-ISSUES,DIAG_SERVICE_ISSUES,ACC,ACC-BOOK,ACC-CLEANUP,DIAGNOSTIC,Diagnostic par service,16,"Quels problèmes, retards, incidents ou insatisfactions rencontrez-vous concernant « Rattrapage et régularisation comptable » ?",La réponse peut générer une recommandation liée au service « Rattrapage et régularisation comptable ».,LONG_TEXT,False,False,[],{},{},diagnostic.acc_cleanup.issues,1,10,ANOM-ACC-CLEANUP-ISSUES,RISK-ACC-CLEANUP-ISSUES,REC-ACC-CLEANUP-ISSUES,ACC-CLEANUP,BUSINESS,True,ARCHIVE_IF_REFERENCED,False,ACTIVE,1,MATRICIA_GOLD_MASTER_BASELINE
Q-DIAG-ACC-CLOSE-EXISTS,DIAG_SERVICE_EXISTS,ACC,ACC-BOOK,ACC-CLOSE,DIAGNOSTIC,Diagnostic par service,17,Disposez-vous actuellement d’un dispositif ou processus formalisé pour « Clôture mensuelle et annuelle » ?,La réponse peut générer une recommandation liée au service « Clôture mensuelle et annuelle ».,SINGLE_CHOICE,True,False,"[""YES"", ""PARTIAL"", ""NO"", ""UNKNOWN""]",{},{},diagnostic.acc_close.exists,2,10,ANOM-ACC-CLOSE-EXISTS,RISK-ACC-CLOSE-EXISTS,REC-ACC-CLOSE-EXISTS,ACC-CLOSE,BUSINESS,True,ARCHIVE_IF_REFERENCED,False,ACTIVE,1,MATRICIA_GOLD_MASTER_BASELINE
Q-DIAG-ACC-CLOSE-PERFORMANCE,DIAG_SERVICE_PERFORMANCE,ACC,ACC-BOOK,ACC-CLOSE,DIAGNOSTIC,Diagnostic par service,18,Comment évaluez-vous la performance actuelle de « Clôture mensuelle et annuelle » ?,La réponse peut générer une recommandation liée au service « Clôture mensuelle et annuelle ».,RATING_5,True,False,[],{},{},diagnostic.acc_close.performance,2,10,ANOM-ACC-CLOSE-PERFORMANCE,RISK-ACC-CLOSE-PERFORMANCE,REC-ACC-CLOSE-PERFORMANCE,ACC-CLOSE,BUSINESS,True,ARCHIVE_IF_REFERENCED,False,ACTIVE,1,MATRICIA_GOLD_MASTER_BASELINE
Q-DIAG-ACC-CLOSE-ISSUES,DIAG_SERVICE_ISSUES,ACC,ACC-BOOK,ACC-CLOSE,DIAGNOSTIC,Diagnostic par service,19,"Quels problèmes, retards, incidents ou insatisfactions rencontrez-vous concernant « Clôture mensuelle et annuelle » ?",La réponse peut générer une recommandation liée au service « Clôture mensuelle et annuelle ».,LONG_TEXT,False,False,[],{},{},diagnostic.acc_close.issues,1,10,ANOM-ACC-CLOSE-ISSUES,RISK-ACC-CLOSE-ISSUES,REC-ACC-CLOSE-ISSUES,ACC-CLOSE,BUSINESS,True,ARCHIVE_IF_REFERENCED,False,ACTIVE,1,MATRICIA_GOLD_MASTER_BASELINE
Q-DIAG-ACC-FS-EXISTS,DIAG_SERVICE_EXISTS,ACC,ACC-BOOK,ACC-FS,DIAGNOSTIC,Diagnostic par service,20,Disposez-vous actuellement d’un dispositif ou processus formalisé pour « Préparation des états financiers » ?,La réponse peut générer une recommandation liée au service « Préparation des états financiers ».,SINGLE_CHOICE,True,False,"[""YES"", ""PARTIAL"", ""NO"", ""UNKNOWN""]",{},{},diagnostic.acc_fs.exists,2,10,ANOM-ACC-FS-EXISTS,RISK-ACC-FS-EXISTS,REC-ACC-FS-EXISTS,ACC-FS,BUSINESS,True,ARCHIVE_IF_REFERENCED,False,ACTIVE,1,MATRICIA_GOLD_MASTER_BASELINE
Q-DIAG-ACC-FS-PERFORMANCE,DIAG_SERVICE_PERFORMANCE,ACC,ACC-BOOK,ACC-FS,DIAGNOSTIC,Diagnostic par service,21,Comment évaluez-vous la performance actuelle de « Préparation des états financiers » ?,La réponse peut générer une recommandation liée au service « Préparation des états financiers ».,RATING_5,True,False,[],{},{},diagnostic.acc_fs.performance,2,10,ANOM-ACC-FS-PERFORMANCE,RISK-ACC-FS-PERFORMANCE,REC-ACC-FS-PERFORMANCE,ACC-FS,BUSINESS,True,ARCHIVE_IF_REFERENCED,False,ACTIVE,1,MATRICIA_GOLD_MASTER_BASELINE
Q-DIAG-ACC-FS-ISSUES,DIAG_SERVICE_ISSUES,ACC,ACC-BOOK,ACC-FS,DIAGNOSTIC,Diagnostic par service,22,"Quels problèmes, retards, incidents ou insatisfactions rencontrez-vous concernant « Préparation des états financiers » ?",La réponse peut générer une recommandation liée au service « Préparation des états financiers ».,LONG_TEXT,False,False,[],{},{},diagnostic.acc_fs.issues,1,10,ANOM-ACC-FS-ISSUES,RISK-ACC-FS-ISSUES,REC-ACC-FS-ISSUES,ACC-FS,BUSINESS,True,ARCHIVE_IF_REFERENCED,False,ACTIVE,1,MATRICIA_GOLD_MASTER_BASELINE
Q-DIAG-ACC-VAT-EXISTS,DIAG_SERVICE_EXISTS,ACC,ACC-TAX,ACC-VAT,DIAGNOSTIC,Diagnostic par service,23,Disposez-vous actuellement d’un dispositif ou processus formalisé pour « Déclarations de TVA » ?,La réponse peut générer une recommandation liée au service « Déclarations de TVA ».,SINGLE_CHOICE,True,False,"[""YES"", ""PARTIAL"", ""NO"", ""UNKNOWN""]",{},{},diagnostic.acc_vat.exists,2,10,ANOM-ACC-VAT-EXISTS,RISK-ACC-VAT-EXISTS,REC-ACC-VAT-EXISTS,ACC-VAT,BUSINESS,True,ARCHIVE_IF_REFERENCED,False,ACTIVE,1,MATRICIA_GOLD_MASTER_BASELINE
Q-DIAG-ACC-VAT-PERFORMANCE,DIAG_SERVICE_PERFORMANCE,ACC,ACC-TAX,ACC-VAT,DIAGNOSTIC,Diagnostic par service,24,Comment évaluez-vous la performance actuelle de « Déclarations de TVA » ?,La réponse peut générer une recommandation liée au service « Déclarations de TVA ».,RATING_5,True,False,[],{},{},diagnostic.acc_vat.performance,2,10,ANOM-ACC-VAT-PERFORMANCE,RISK-ACC-VAT-PERFORMANCE,REC-ACC-VAT-PERFORMANCE,ACC-VAT,BUSINESS,True,ARCHIVE_IF_REFERENCED,False,ACTIVE,1,MATRICIA_GOLD_MASTER_BASELINE
Q-DIAG-ACC-VAT-ISSUES,DIAG_SERVICE_ISSUES,ACC,ACC-TAX,ACC-VAT,DIAGNOSTIC,Diagnostic par service,25,"Quels problèmes, retards, incidents ou insatisfactions rencontrez-vous concernant « Déclarations de TVA » ?",La réponse peut générer une recommandation liée au service « Déclarations de TVA ».,LONG_TEXT,False,False,[],{},{},diagnostic.acc_vat.issues,1,10,ANOM-ACC-VAT-ISSUES,RISK-ACC-VAT-ISSUES,REC-ACC-VAT-ISSUES,ACC-VAT,BUSINESS,True,ARCHIVE_IF_REFERENCED,False,ACTIVE,1,MATRICIA_GOLD_MASTER_BASELINE
Q-DIAG-ACC-CORP-TAX-EXISTS,DIAG_SERVICE_EXISTS,ACC,ACC-TAX,ACC-CORP-TAX,DIAGNOSTIC,Diagnostic par service,26,Disposez-vous actuellement d’un dispositif ou processus formalisé pour « Déclarations fiscales et impôt sur les sociétés » ?,La réponse peut générer une recommandation liée au service « Déclarations fiscales et impôt sur les sociétés ».,SINGLE_CHOICE,True,False,"[""YES"", ""PARTIAL"", ""NO"", ""UNKNOWN""]",{},{},diagnostic.acc_corp_tax.exists,2,10,ANOM-ACC-CORP-TAX-EXISTS,RISK-ACC-CORP-TAX-EXISTS,REC-ACC-CORP-TAX-EXISTS,ACC-CORP-TAX,BUSINESS,True,ARCHIVE_IF_REFERENCED,False,ACTIVE,1,MATRICIA_GOLD_MASTER_BASELINE
Q-DIAG-ACC-CORP-TAX-PERFORMANCE,DIAG_SERVICE_PERFORMANCE,ACC,ACC-TAX,ACC-CORP-TAX,DIAGNOSTIC,Diagnostic par service,27,Comment évaluez-vous la performance actuelle de « Déclarations fiscales et impôt sur les sociétés » ?,La réponse peut générer une recommandation liée au service « Déclarations fiscales et impôt sur les sociétés ».,RATING_5,True,False,[],{},{},diagnostic.acc_corp_tax.performance,2,10,ANOM-ACC-CORP-TAX-PERFORMANCE,RISK-ACC-CORP-TAX-PERFORMANCE,REC-ACC-CORP-TAX-PERFORMANCE,ACC-CORP-TAX,BUSINESS,True,ARCHIVE_IF_REFERENCED,False,ACTIVE,1,MATRICIA_GOLD_MASTER_BASELINE
Q-DIAG-ACC-CORP-TAX-ISSUES,DIAG_SERVICE_ISSUES,ACC,ACC-TAX,ACC-CORP-TAX,DIAGNOSTIC,Diagnostic par service,28,"Quels problèmes, retards, incidents ou insatisfactions rencontrez-vous concernant « Déclarations fiscales et impôt sur les sociétés » ?",La réponse peut générer une recommandation liée au service « Déclarations fiscales et impôt sur les sociétés ».,LONG_TEXT,False,False,[],{},{},diagnostic.acc_corp_tax.issues,1,10,ANOM-ACC-CORP-TAX-ISSUES,RISK-ACC-CORP-TAX-ISSUES,REC-ACC-CORP-TAX-ISSUES,ACC-CORP-TAX,BUSINESS,True,ARCHIVE_IF_REFERENCED,False,ACTIVE,1,MATRICIA_GOLD_MASTER_BASELINE
Q-DIAG-ACC-TAX-REVIEW-EXISTS,DIAG_SERVICE_EXISTS,ACC,ACC-TAX,ACC-TAX-REVIEW,DIAGNOSTIC,Diagnostic par service,29,Disposez-vous actuellement d’un dispositif ou processus formalisé pour « Revue fiscale et diagnostic de conformité » ?,La réponse peut générer une recommandation liée au service « Revue fiscale et diagnostic de conformité ».,SINGLE_CHOICE,True,False,"[""YES"", ""PARTIAL"", ""NO"", ""UNKNOWN""]",{},{},diagnostic.acc_tax_review.exists,2,10,ANOM-ACC-TAX-REVIEW-EXISTS,RISK-ACC-TAX-REVIEW-EXISTS,REC-ACC-TAX-REVIEW-EXISTS,ACC-TAX-REVIEW,BUSINESS,True,ARCHIVE_IF_REFERENCED,False,ACTIVE,1,MATRICIA_GOLD_MASTER_BASELINE
Q-DIAG-ACC-TAX-REVIEW-PERFORMANCE,DIAG_SERVICE_PERFORMANCE,ACC,ACC-TAX,ACC-TAX-REVIEW,DIAGNOSTIC,Diagnostic par service,30,Comment évaluez-vous la performance actuelle de « Revue fiscale et diagnostic de conformité » ?,La réponse peut générer une recommandation liée au service « Revue fiscale et diagnostic de conformité ».,RATING_5,True,False,[],{},{},diagnostic.acc_tax_review.performance,2,10,ANOM-ACC-TAX-REVIEW-PERFORMANCE,RISK-ACC-TAX-REVIEW-PERFORMANCE,REC-ACC-TAX-REVIEW-PERFORMANCE,ACC-TAX-REVIEW,BUSINESS,True,ARCHIVE_IF_REFERENCED,False,ACTIVE,1,MATRICIA_GOLD_MASTER_BASELINE
Q-DIAG-ACC-TAX-REVIEW-ISSUES,DIAG_SERVICE_ISSUES,ACC,ACC-TAX,ACC-TAX-REVIEW,DIAGNOSTIC,Diagnostic par service,31,"Quels problèmes, retards, incidents ou insatisfactions rencontrez-vous concernant « Revue fiscale et diagnostic de conformité » ?",La réponse peut générer une recommandation liée au service « Revue fiscale et diagnostic de conformité ».,LONG_TEXT,False,False,[],{},{},diagnostic.acc_tax_review.issues,1,10,ANOM-ACC-TAX-REVIEW-ISSUES,RISK-ACC-TAX-REVIEW-ISSUES,REC-ACC-TAX-REVIEW-ISSUES,ACC-TAX-REVIEW,BUSINESS,True,ARCHIVE_IF_REFERENCED,False,ACTIVE,1,MATRICIA_GOLD_MASTER_BASELINE
Q-DIAG-ACC-TAX-AUDIT-EXISTS,DIAG_SERVICE_EXISTS,ACC,ACC-TAX,ACC-TAX-AUDIT,DIAGNOSTIC,Diagnostic par service,32,Disposez-vous actuellement d’un dispositif ou processus formalisé pour « Assistance lors d’un contrôle fiscal » ?,La réponse peut générer une recommandation liée au service « Assistance lors d’un contrôle fiscal ».,SINGLE_CHOICE,True,False,"[""YES"", ""PARTIAL"", ""NO"", ""UNKNOWN""]",{},{},diagnostic.acc_tax_audit.exists,2,10,ANOM-ACC-TAX-AUDIT-EXISTS,RISK-ACC-TAX-AUDIT-EXISTS,REC-ACC-TAX-AUDIT-EXISTS,ACC-TAX-AUDIT,BUSINESS,True,ARCHIVE_IF_REFERENCED,False,ACTIVE,1,MATRICIA_GOLD_MASTER_BASELINE
Q-DIAG-ACC-TAX-AUDIT-PERFORMANCE,DIAG_SERVICE_PERFORMANCE,ACC,ACC-TAX,ACC-TAX-AUDIT,DIAGNOSTIC,Diagnostic par service,33,Comment évaluez-vous la performance actuelle de « Assistance lors d’un contrôle fiscal » ?,La réponse peut générer une recommandation liée au service « Assistance lors d’un contrôle fiscal ».,RATING_5,True,False,[],{},{},diagnostic.acc_tax_audit.performance,2,10,ANOM-ACC-TAX-AUDIT-PERFORMANCE,RISK-ACC-TAX-AUDIT-PERFORMANCE,REC-ACC-TAX-AUDIT-PERFORMANCE,ACC-TAX-AUDIT,BUSINESS,True,ARCHIVE_IF_REFERENCED,False,ACTIVE,1,MATRICIA_GOLD_MASTER_BASELINE
Q-DIAG-ACC-TAX-AUDIT-ISSUES,DIAG_SERVICE_ISSUES,ACC,ACC-TAX,ACC-TAX-AUDIT,DIAGNOSTIC,Diagnostic par service,34,"Quels problèmes, retards, incidents ou insatisfactions rencontrez-vous concernant « Assistance lors d’un contrôle fiscal » ?",La réponse peut générer une recommandation liée au service « Assistance lors d’un contrôle fiscal ».,LONG_TEXT,False,False,[],{},{},diagnostic.acc_tax_audit.issues,1,10,ANOM-ACC-TAX-AUDIT-ISSUES,RISK-ACC-TAX-AUDIT-ISSUES,REC-ACC-TAX-AUDIT-ISSUES,ACC-TAX-AUDIT,BUSINESS,True,ARCHIVE_IF_REFERENCED,False,ACTIVE,1,MATRICIA_GOLD_MASTER_BASELINE
Q-DIAG-ACC-BUDGET-EXISTS,DIAG_SERVICE_EXISTS,ACC,ACC-CTRL,ACC-BUDGET,DIAGNOSTIC,Diagnostic par service,35,Disposez-vous actuellement d’un dispositif ou processus formalisé pour « Budget annuel et prévisions » ?,La réponse peut générer une recommandation liée au service « Budget annuel et prévisions ».,SINGLE_CHOICE,True,False,"[""YES"", ""PARTIAL"", ""NO"", ""UNKNOWN""]",{},{},diagnostic.acc_budget.exists,2,10,ANOM-ACC-BUDGET-EXISTS,RISK-ACC-BUDGET-EXISTS,REC-ACC-BUDGET-EXISTS,ACC-BUDGET,BUSINESS,True,ARCHIVE_IF_REFERENCED,False,ACTIVE,1,MATRICIA_GOLD_MASTER_BASELINE
Q-DIAG-ACC-BUDGET-PERFORMANCE,DIAG_SERVICE_PERFORMANCE,ACC,ACC-CTRL,ACC-BUDGET,DIAGNOSTIC,Diagnostic par service,36,Comment évaluez-vous la performance actuelle de « Budget annuel et prévisions » ?,La réponse peut générer une recommandation liée au service « Budget annuel et prévisions ».,RATING_5,True,False,[],{},{},diagnostic.acc_budget.performance,2,10,ANOM-ACC-BUDGET-PERFORMANCE,RISK-ACC-BUDGET-PERFORMANCE,REC-ACC-BUDGET-PERFORMANCE,ACC-BUDGET,BUSINESS,True,ARCHIVE_IF_REFERENCED,False,ACTIVE,1,MATRICIA_GOLD_MASTER_BASELINE
Q-DIAG-ACC-BUDGET-ISSUES,DIAG_SERVICE_ISSUES,ACC,ACC-CTRL,ACC-BUDGET,DIAGNOSTIC,Diagnostic par service,37,"Quels problèmes, retards, incidents ou insatisfactions rencontrez-vous concernant « Budget annuel et prévisions » ?",La réponse peut générer une recommandation liée au service « Budget annuel et prévisions ».,LONG_TEXT,False,False,[],{},{},diagnostic.acc_budget.issues,1,10,ANOM-ACC-BUDGET-ISSUES,RISK-ACC-BUDGET-ISSUES,REC-ACC-BUDGET-ISSUES,ACC-BUDGET,BUSINESS,True,ARCHIVE_IF_REFERENCED,False,ACTIVE,1,MATRICIA_GOLD_MASTER_BASELINE
Q-DIAG-ACC-MGMT-CONTROL-EXISTS,DIAG_SERVICE_EXISTS,ACC,ACC-CTRL,ACC-MGMT-CONTROL,DIAGNOSTIC,Diagnostic par service,38,Disposez-vous actuellement d’un dispositif ou processus formalisé pour « Mise en place du contrôle de gestion » ?,La réponse peut générer une recommandation liée au service « Mise en place du contrôle de gestion ».,SINGLE_CHOICE,True,False,"[""YES"", ""PARTIAL"", ""NO"", ""UNKNOWN""]",{},{},diagnostic.acc_mgmt_control.exists,2,10,ANOM-ACC-MGMT-CONTROL-EXISTS,RISK-ACC-MGMT-CONTROL-EXISTS,REC-ACC-MGMT-CONTROL-EXISTS,ACC-MGMT-CONTROL,BUSINESS,True,ARCHIVE_IF_REFERENCED,False,ACTIVE,1,MATRICIA_GOLD_MASTER_BASELINE
Q-DIAG-ACC-MGMT-CONTROL-PERFORMANCE,DIAG_SERVICE_PERFORMANCE,ACC,ACC-CTRL,ACC-MGMT-CONTROL,DIAGNOSTIC,Diagnostic par service,39,Comment évaluez-vous la performance actuelle de « Mise en place du contrôle de gestion » ?,La réponse peut générer une recommandation liée au service « Mise en place du contrôle de gestion ».,RATING_5,True,False,[],{},{},diagnostic.acc_mgmt_control.performance,2,10,ANOM-ACC-MGMT-CONTROL-PERFORMANCE,RISK-ACC-MGMT-CONTROL-PERFORMANCE,REC-ACC-MGMT-CONTROL-PERFORMANCE,ACC-MGMT-CONTROL,BUSINESS,True,ARCHIVE_IF_REFERENCED,False,ACTIVE,1,MATRICIA_GOLD_MASTER_BASELINE
Q-DIAG-ACC-MGMT-CONTROL-ISSUES,DIAG_SERVICE_ISSUES,ACC,ACC-CTRL,ACC-MGMT-CONTROL,DIAGNOSTIC,Diagnostic par service,40,"Quels problèmes, retards, incidents ou insatisfactions rencontrez-vous concernant « Mise en place du contrôle de gestion » ?",La réponse peut générer une recommandation liée au service « Mise en place du contrôle de gestion ».,LONG_TEXT,False,False,[],{},{},diagnostic.acc_mgmt_control.issues,1,10,ANOM-ACC-MGMT-CONTROL-ISSUES,RISK-ACC-MGMT-CONTROL-ISSUES,REC-ACC-MGMT-CONTROL-ISSUES,ACC-MGMT-CONTROL,BUSINESS,True,ARCHIVE_IF_REFERENCED,False,ACTIVE,1,MATRICIA_GOLD_MASTER_BASELINE
Q-DIAG-ACC-COSTING-EXISTS,DIAG_SERVICE_EXISTS,ACC,ACC-CTRL,ACC-COSTING,DIAGNOSTIC,Diagnostic par service,41,Disposez-vous actuellement d’un dispositif ou processus formalisé pour « Calcul des coûts et rentabilité par produit » ?,La réponse peut générer une recommandation liée au service « Calcul des coûts et rentabilité par produit ».,SINGLE_CHOICE,True,False,"[""YES"", ""PARTIAL"", ""NO"", ""UNKNOWN""]",{},{},diagnostic.acc_costing.exists,2,10,ANOM-ACC-COSTING-EXISTS,RISK-ACC-COSTING-EXISTS,REC-ACC-COSTING-EXISTS,ACC-COSTING,BUSINESS,True,ARCHIVE_IF_REFERENCED,False,ACTIVE,1,MATRICIA_GOLD_MASTER_BASELINE
Q-DIAG-ACC-COSTING-PERFORMANCE,DIAG_SERVICE_PERFORMANCE,ACC,ACC-CTRL,ACC-COSTING,DIAGNOSTIC,Diagnostic par service,42,Comment évaluez-vous la performance actuelle de « Calcul des coûts et rentabilité par produit » ?,La réponse peut générer une recommandation liée au service « Calcul des coûts et rentabilité par produit ».,RATING_5,True,False,[],{},{},diagnostic.acc_costing.performance,2,10,ANOM-ACC-COSTING-PERFORMANCE,RISK-ACC-COSTING-PERFORMANCE,REC-ACC-COSTING-PERFORMANCE,ACC-COSTING,BUSINESS,True,ARCHIVE_IF_REFERENCED,False,ACTIVE,1,MATRICIA_GOLD_MASTER_BASELINE
Q-DIAG-ACC-COSTING-ISSUES,DIAG_SERVICE_ISSUES,ACC,ACC-CTRL,ACC-COSTING,DIAGNOSTIC,Diagnostic par service,43,"Quels problèmes, retards, incidents ou insatisfactions rencontrez-vous concernant « Calcul des coûts et rentabilité par produit » ?",La réponse peut générer une recommandation liée au service « Calcul des coûts et rentabilité par produit ».,LONG_TEXT,False,False,[],{},{},diagnostic.acc_costing.issues,1,10,ANOM-ACC-COSTING-ISSUES,RISK-ACC-COSTING-ISSUES,REC-ACC-COSTING-ISSUES,ACC-COSTING,BUSINESS,True,ARCHIVE_IF_REFERENCED,False,ACTIVE,1,MATRICIA_GOLD_MASTER_BASELINE
Q-DIAG-ACC-TREASURY-EXISTS,DIAG_SERVICE_EXISTS,ACC,ACC-CASH,ACC-TREASURY,DIAGNOSTIC,Diagnostic par service,44,Disposez-vous actuellement d’un dispositif ou processus formalisé pour « Gestion et prévision de trésorerie » ?,La réponse peut générer une recommandation liée au service « Gestion et prévision de trésorerie ».,SINGLE_CHOICE,True,False,"[""YES"", ""PARTIAL"", ""NO"", ""UNKNOWN""]",{},{},diagnostic.acc_treasury.exists,2,10,ANOM-ACC-TREASURY-EXISTS,RISK-ACC-TREASURY-EXISTS,REC-ACC-TREASURY-EXISTS,ACC-TREASURY,BUSINESS,True,ARCHIVE_IF_REFERENCED,False,ACTIVE,1,MATRICIA_GOLD_MASTER_BASELINE
Q-DIAG-ACC-TREASURY-PERFORMANCE,DIAG_SERVICE_PERFORMANCE,ACC,ACC-CASH,ACC-TREASURY,DIAGNOSTIC,Diagnostic par service,45,Comment évaluez-vous la performance actuelle de « Gestion et prévision de trésorerie » ?,La réponse peut générer une recommandation liée au service « Gestion et prévision de trésorerie ».,RATING_5,True,False,[],{},{},diagnostic.acc_treasury.performance,2,10,ANOM-ACC-TREASURY-PERFORMANCE,RISK-ACC-TREASURY-PERFORMANCE,REC-ACC-TREASURY-PERFORMANCE,ACC-TREASURY,BUSINESS,True,ARCHIVE_IF_REFERENCED,False,ACTIVE,1,MATRICIA_GOLD_MASTER_BASELINE
Q-DIAG-ACC-TREASURY-ISSUES,DIAG_SERVICE_ISSUES,ACC,ACC-CASH,ACC-TREASURY,DIAGNOSTIC,Diagnostic par service,46,"Quels problèmes, retards, incidents ou insatisfactions rencontrez-vous concernant « Gestion et prévision de trésorerie » ?",La réponse peut générer une recommandation liée au service « Gestion et prévision de trésorerie ».,LONG_TEXT,False,False,[],{},{},diagnostic.acc_treasury.issues,1,10,ANOM-ACC-TREASURY-ISSUES,RISK-ACC-TREASURY-ISSUES,REC-ACC-TREASURY-ISSUES,ACC-TREASURY,BUSINESS,True,ARCHIVE_IF_REFERENCED,False,ACTIVE,1,MATRICIA_GOLD_MASTER_BASELINE
Q-DIAG-ACC-COLLECTION-EXISTS,DIAG_SERVICE_EXISTS,ACC,ACC-CASH,ACC-COLLECTION,DIAGNOSTIC,Diagnostic par service,47,Disposez-vous actuellement d’un dispositif ou processus formalisé pour « Optimisation du recouvrement client » ?,La réponse peut générer une recommandation liée au service « Optimisation du recouvrement client ».,SINGLE_CHOICE,True,False,"[""YES"", ""PARTIAL"", ""NO"", ""UNKNOWN""]",{},{},diagnostic.acc_collection.exists,2,10,ANOM-ACC-COLLECTION-EXISTS,RISK-ACC-COLLECTION-EXISTS,REC-ACC-COLLECTION-EXISTS,ACC-COLLECTION,BUSINESS,True,ARCHIVE_IF_REFERENCED,False,ACTIVE,1,MATRICIA_GOLD_MASTER_BASELINE
Q-DIAG-ACC-COLLECTION-PERFORMANCE,DIAG_SERVICE_PERFORMANCE,ACC,ACC-CASH,ACC-COLLECTION,DIAGNOSTIC,Diagnostic par service,48,Comment évaluez-vous la performance actuelle de « Optimisation du recouvrement client » ?,La réponse peut générer une recommandation liée au service « Optimisation du recouvrement client ».,RATING_5,True,False,[],{},{},diagnostic.acc_collection.performance,2,10,ANOM-ACC-COLLECTION-PERFORMANCE,RISK-ACC-COLLECTION-PERFORMANCE,REC-ACC-COLLECTION-PERFORMANCE,ACC-COLLECTION,BUSINESS,True,ARCHIVE_IF_REFERENCED,False,ACTIVE,1,MATRICIA_GOLD_MASTER_BASELINE
Q-DIAG-ACC-COLLECTION-ISSUES,DIAG_SERVICE_ISSUES,ACC,ACC-CASH,ACC-COLLECTION,DIAGNOSTIC,Diagnostic par service,49,"Quels problèmes, retards, incidents ou insatisfactions rencontrez-vous concernant « Optimisation du recouvrement client » ?",La réponse peut générer une recommandation liée au service « Optimisation du recouvrement client ».,LONG_TEXT,False,False,[],{},{},diagnostic.acc_collection.issues,1,10,ANOM-ACC-COLLECTION-ISSUES,RISK-ACC-COLLECTION-ISSUES,REC-ACC-COLLECTION-ISSUES,ACC-COLLECTION,BUSINESS,True,ARCHIVE_IF_REFERENCED,False,ACTIVE,1,MATRICIA_GOLD_MASTER_BASELINE
Q-DIAG-ACC-INVOICING-EXISTS,DIAG_SERVICE_EXISTS,ACC,ACC-CASH,ACC-INVOICING,DIAGNOSTIC,Diagnostic par service,50,Disposez-vous actuellement d’un dispositif ou processus formalisé pour « Mise en place de la facturation et des contrôles » ?,La réponse peut générer une recommandation liée au service « Mise en place de la facturation et des contrôles ».,SINGLE_CHOICE,True,False,"[""YES"", ""PARTIAL"", ""NO"", ""UNKNOWN""]",{},{},diagnostic.acc_invoicing.exists,2,10,ANOM-ACC-INVOICING-EXISTS,RISK-ACC-INVOICING-EXISTS,REC-ACC-INVOICING-EXISTS,ACC-INVOICING,BUSINESS,True,ARCHIVE_IF_REFERENCED,False,ACTIVE,1,MATRICIA_GOLD_MASTER_BASELINE
Q-DIAG-ACC-INVOICING-PERFORMANCE,DIAG_SERVICE_PERFORMANCE,ACC,ACC-CASH,ACC-INVOICING,DIAGNOSTIC,Diagnostic par service,51,Comment évaluez-vous la performance actuelle de « Mise en place de la facturation et des contrôles » ?,La réponse peut générer une recommandation liée au service « Mise en place de la facturation et des contrôles ».,RATING_5,True,False,[],{},{},diagnostic.acc_invoicing.performance,2,10,ANOM-ACC-INVOICING-PERFORMANCE,RISK-ACC-INVOICING-PERFORMANCE,REC-ACC-INVOICING-PERFORMANCE,ACC-INVOICING,BUSINESS,True,ARCHIVE_IF_REFERENCED,False,ACTIVE,1,MATRICIA_GOLD_MASTER_BASELINE
Q-DIAG-ACC-INVOICING-ISSUES,DIAG_SERVICE_ISSUES,ACC,ACC-CASH,ACC-INVOICING,DIAGNOSTIC,Diagnostic par service,52,"Quels problèmes, retards, incidents ou insatisfactions rencontrez-vous concernant « Mise en place de la facturation et des contrôles » ?",La réponse peut générer une recommandation liée au service « Mise en place de la facturation et des contrôles ».,LONG_TEXT,False,False,[],{},{},diagnostic.acc_invoicing.issues,1,10,ANOM-ACC-INVOICING-ISSUES,RISK-ACC-INVOICING-ISSUES,REC-ACC-INVOICING-ISSUES,ACC-INVOICING,BUSINESS,True,ARCHIVE_IF_REFERENCED,False,ACTIVE,1,MATRICIA_GOLD_MASTER_BASELINE
Q-DIAG-ACC-FIN-MODEL-EXISTS,DIAG_SERVICE_EXISTS,ACC,ACC-FIN,ACC-FIN-MODEL,DIAGNOSTIC,Diagnostic par service,53,Disposez-vous actuellement d’un dispositif ou processus formalisé pour « Modèle financier et business plan » ?,La réponse peut générer une recommandation liée au service « Modèle financier et business plan ».,SINGLE_CHOICE,True,False,"[""YES"", ""PARTIAL"", ""NO"", ""UNKNOWN""]",{},{},diagnostic.acc_fin_model.exists,2,10,ANOM-ACC-FIN-MODEL-EXISTS,RISK-ACC-FIN-MODEL-EXISTS,REC-ACC-FIN-MODEL-EXISTS,ACC-FIN-MODEL,BUSINESS,True,ARCHIVE_IF_REFERENCED,False,ACTIVE,1,MATRICIA_GOLD_MASTER_BASELINE
Q-DIAG-ACC-FIN-MODEL-PERFORMANCE,DIAG_SERVICE_PERFORMANCE,ACC,ACC-FIN,ACC-FIN-MODEL,DIAGNOSTIC,Diagnostic par service,54,Comment évaluez-vous la performance actuelle de « Modèle financier et business plan » ?,La réponse peut générer une recommandation liée au service « Modèle financier et business plan ».,RATING_5,True,False,[],{},{},diagnostic.acc_fin_model.performance,2,10,ANOM-ACC-FIN-MODEL-PERFORMANCE,RISK-ACC-FIN-MODEL-PERFORMANCE,REC-ACC-FIN-MODEL-PERFORMANCE,ACC-FIN-MODEL,BUSINESS,True,ARCHIVE_IF_REFERENCED,False,ACTIVE,1,MATRICIA_GOLD_MASTER_BASELINE
Q-DIAG-ACC-FIN-MODEL-ISSUES,DIAG_SERVICE_ISSUES,ACC,ACC-FIN,ACC-FIN-MODEL,DIAGNOSTIC,Diagnostic par service,55,"Quels problèmes, retards, incidents ou insatisfactions rencontrez-vous concernant « Modèle financier et business plan » ?",La réponse peut générer une recommandation liée au service « Modèle financier et business plan ».,LONG_TEXT,False,False,[],{},{},diagnostic.acc_fin_model.issues,1,10,ANOM-ACC-FIN-MODEL-ISSUES,RISK-ACC-FIN-MODEL-ISSUES,REC-ACC-FIN-MODEL-ISSUES,ACC-FIN-MODEL,BUSINESS,True,ARCHIVE_IF_REFERENCED,False,ACTIVE,1,MATRICIA_GOLD_MASTER_BASELINE
Q-DIAG-ACC-FUNDING-EXISTS,DIAG_SERVICE_EXISTS,ACC,ACC-FIN,ACC-FUNDING,DIAGNOSTIC,Diagnostic par service,56,Disposez-vous actuellement d’un dispositif ou processus formalisé pour « Préparation d’un dossier de financement » ?,La réponse peut générer une recommandation liée au service « Préparation d’un dossier de financement ».,SINGLE_CHOICE,True,False,"[""YES"", ""PARTIAL"", ""NO"", ""UNKNOWN""]",{},{},diagnostic.acc_funding.exists,2,10,ANOM-ACC-FUNDING-EXISTS,RISK-ACC-FUNDING-EXISTS,REC-ACC-FUNDING-EXISTS,ACC-FUNDING,BUSINESS,True,ARCHIVE_IF_REFERENCED,False,ACTIVE,1,MATRICIA_GOLD_MASTER_BASELINE
Q-DIAG-ACC-FUNDING-PERFORMANCE,DIAG_SERVICE_PERFORMANCE,ACC,ACC-FIN,ACC-FUNDING,DIAGNOSTIC,Diagnostic par service,57,Comment évaluez-vous la performance actuelle de « Préparation d’un dossier de financement » ?,La réponse peut générer une recommandation liée au service « Préparation d’un dossier de financement ».,RATING_5,True,False,[],{},{},diagnostic.acc_funding.performance,2,10,ANOM-ACC-FUNDING-PERFORMANCE,RISK-ACC-FUNDING-PERFORMANCE,REC-ACC-FUNDING-PERFORMANCE,ACC-FUNDING,BUSINESS,True,ARCHIVE_IF_REFERENCED,False,ACTIVE,1,MATRICIA_GOLD_MASTER_BASELINE
Q-DIAG-ACC-FUNDING-ISSUES,DIAG_SERVICE_ISSUES,ACC,ACC-FIN,ACC-FUNDING,DIAGNOSTIC,Diagnostic par service,58,"Quels problèmes, retards, incidents ou insatisfactions rencontrez-vous concernant « Préparation d’un dossier de financement » ?",La réponse peut générer une recommandation liée au service « Préparation d’un dossier de financement ».,LONG_TEXT,False,False,[],{},{},diagnostic.acc_funding.issues,1,10,ANOM-ACC-FUNDING-ISSUES,RISK-ACC-FUNDING-ISSUES,REC-ACC-FUNDING-ISSUES,ACC-FUNDING,BUSINESS,True,ARCHIVE_IF_REFERENCED,False,ACTIVE,1,MATRICIA_GOLD_MASTER_BASELINE
Q-DIAG-ACC-AUDIT-PREP-EXISTS,DIAG_SERVICE_EXISTS,ACC,ACC-AUDIT,ACC-AUDIT-PREP,DIAGNOSTIC,Diagnostic par service,59,Disposez-vous actuellement d’un dispositif ou processus formalisé pour « Préparation à l’audit financier » ?,La réponse peut générer une recommandation liée au service « Préparation à l’audit financier ».,SINGLE_CHOICE,True,False,"[""YES"", ""PARTIAL"", ""NO"", ""UNKNOWN""]",{},{},diagnostic.acc_audit_prep.exists,2,10,ANOM-ACC-AUDIT-PREP-EXISTS,RISK-ACC-AUDIT-PREP-EXISTS,REC-ACC-AUDIT-PREP-EXISTS,ACC-AUDIT-PREP,BUSINESS,True,ARCHIVE_IF_REFERENCED,False,ACTIVE,1,MATRICIA_GOLD_MASTER_BASELINE
Q-DIAG-ACC-AUDIT-PREP-PERFORMANCE,DIAG_SERVICE_PERFORMANCE,ACC,ACC-AUDIT,ACC-AUDIT-PREP,DIAGNOSTIC,Diagnostic par service,60,Comment évaluez-vous la performance actuelle de « Préparation à l’audit financier » ?,La réponse peut générer une recommandation liée au service « Préparation à l’audit financier ».,RATING_5,True,False,[],{},{},diagnostic.acc_audit_prep.performance,2,10,ANOM-ACC-AUDIT-PREP-PERFORMANCE,RISK-ACC-AUDIT-PREP-PERFORMANCE,REC-ACC-AUDIT-PREP-PERFORMANCE,ACC-AUDIT-PREP,BUSINESS,True,ARCHIVE_IF_REFERENCED,False,ACTIVE,1,MATRICIA_GOLD_MASTER_BASELINE
Q-DIAG-ACC-AUDIT-PREP-ISSUES,DIAG_SERVICE_ISSUES,ACC,ACC-AUDIT,ACC-AUDIT-PREP,DIAGNOSTIC,Diagnostic par service,61,"Quels problèmes, retards, incidents ou insatisfactions rencontrez-vous concernant « Préparation à l’audit financier » ?",La réponse peut générer une recommandation liée au service « Préparation à l’audit financier ».,LONG_TEXT,False,False,[],{},{},diagnostic.acc_audit_prep.issues,1,10,ANOM-ACC-AUDIT-PREP-ISSUES,RISK-ACC-AUDIT-PREP-ISSUES,REC-ACC-AUDIT-PREP-ISSUES,ACC-AUDIT-PREP,BUSINESS,True,ARCHIVE_IF_REFERENCED,False,ACTIVE,1,MATRICIA_GOLD_MASTER_BASELINE
Q-DIAG-ACC-DUE-DIL-EXISTS,DIAG_SERVICE_EXISTS,ACC,ACC-AUDIT,ACC-DUE-DIL,DIAGNOSTIC,Diagnostic par service,62,Disposez-vous actuellement d’un dispositif ou processus formalisé pour « Due diligence financière » ?,La réponse peut générer une recommandation liée au service « Due diligence financière ».,SINGLE_CHOICE,True,False,"[""YES"", ""PARTIAL"", ""NO"", ""UNKNOWN""]",{},{},diagnostic.acc_due_dil.exists,2,10,ANOM-ACC-DUE-DIL-EXISTS,RISK-ACC-DUE-DIL-EXISTS,REC-ACC-DUE-DIL-EXISTS,ACC-DUE-DIL,BUSINESS,True,ARCHIVE_IF_REFERENCED,False,ACTIVE,1,MATRICIA_GOLD_MASTER_BASELINE
Q-DIAG-ACC-DUE-DIL-PERFORMANCE,DIAG_SERVICE_PERFORMANCE,ACC,ACC-AUDIT,ACC-DUE-DIL,DIAGNOSTIC,Diagnostic par service,63,Comment évaluez-vous la performance actuelle de « Due diligence financière » ?,La réponse peut générer une recommandation liée au service « Due diligence financière ».,RATING_5,True,False,[],{},{},diagnostic.acc_due_dil.performance,2,10,ANOM-ACC-DUE-DIL-PERFORMANCE,RISK-ACC-DUE-DIL-PERFORMANCE,REC-ACC-DUE-DIL-PERFORMANCE,ACC-DUE-DIL,BUSINESS,True,ARCHIVE_IF_REFERENCED,False,ACTIVE,1,MATRICIA_GOLD_MASTER_BASELINE
Q-DIAG-ACC-DUE-DIL-ISSUES,DIAG_SERVICE_ISSUES,ACC,ACC-AUDIT,ACC-DUE-DIL,DIAGNOSTIC,Diagnostic par service,64,"Quels problèmes, retards, incidents ou insatisfactions rencontrez-vous concernant « Due diligence financière » ?",La réponse peut générer une recommandation liée au service « Due diligence financière ».,LONG_TEXT,False,False,[],{},{},diagnostic.acc_due_dil.issues,1,10,ANOM-ACC-DUE-DIL-ISSUES,RISK-ACC-DUE-DIL-ISSUES,REC-ACC-DUE-DIL-ISSUES,ACC-DUE-DIL,BUSINESS,True,ARCHIVE_IF_REFERENCED,False,ACTIVE,1,MATRICIA_GOLD_MASTER_BASELINE
Q-DIAG-ACC-SOFTWARE-EXISTS,DIAG_SERVICE_EXISTS,ACC,ACC-SYS,ACC-SOFTWARE,DIAGNOSTIC,Diagnostic par service,65,Disposez-vous actuellement d’un dispositif ou processus formalisé pour « Choix et déploiement d’un logiciel comptable » ?,La réponse peut générer une recommandation liée au service « Choix et déploiement d’un logiciel comptable ».,SINGLE_CHOICE,True,False,"[""YES"", ""PARTIAL"", ""NO"", ""UNKNOWN""]",{},{},diagnostic.acc_software.exists,2,10,ANOM-ACC-SOFTWARE-EXISTS,RISK-ACC-SOFTWARE-EXISTS,REC-ACC-SOFTWARE-EXISTS,ACC-SOFTWARE,BUSINESS,True,ARCHIVE_IF_REFERENCED,False,ACTIVE,1,MATRICIA_GOLD_MASTER_BASELINE
Q-DIAG-ACC-SOFTWARE-PERFORMANCE,DIAG_SERVICE_PERFORMANCE,ACC,ACC-SYS,ACC-SOFTWARE,DIAGNOSTIC,Diagnostic par service,66,Comment évaluez-vous la performance actuelle de « Choix et déploiement d’un logiciel comptable » ?,La réponse peut générer une recommandation liée au service « Choix et déploiement d’un logiciel comptable ».,RATING_5,True,False,[],{},{},diagnostic.acc_software.performance,2,10,ANOM-ACC-SOFTWARE-PERFORMANCE,RISK-ACC-SOFTWARE-PERFORMANCE,REC-ACC-SOFTWARE-PERFORMANCE,ACC-SOFTWARE,BUSINESS,True,ARCHIVE_IF_REFERENCED,False,ACTIVE,1,MATRICIA_GOLD_MASTER_BASELINE
Q-DIAG-ACC-SOFTWARE-ISSUES,DIAG_SERVICE_ISSUES,ACC,ACC-SYS,ACC-SOFTWARE,DIAGNOSTIC,Diagnostic par service,67,"Quels problèmes, retards, incidents ou insatisfactions rencontrez-vous concernant « Choix et déploiement d’un logiciel comptable » ?",La réponse peut générer une recommandation liée au service « Choix et déploiement d’un logiciel comptable ».,LONG_TEXT,False,False,[],{},{},diagnostic.acc_software.issues,1,10,ANOM-ACC-SOFTWARE-ISSUES,RISK-ACC-SOFTWARE-ISSUES,REC-ACC-SOFTWARE-ISSUES,ACC-SOFTWARE,BUSINESS,True,ARCHIVE_IF_REFERENCED,False,ACTIVE,1,MATRICIA_GOLD_MASTER_BASELINE
Q-DIAG-ACC-INVENTORY-EXISTS,DIAG_SERVICE_EXISTS,ACC,ACC-SPECIAL,ACC-INVENTORY,DIAGNOSTIC,Diagnostic par service,68,Disposez-vous actuellement d’un dispositif ou processus formalisé pour « Inventaire physique et valorisation des stocks » ?,La réponse peut générer une recommandation liée au service « Inventaire physique et valorisation des stocks ».,SINGLE_CHOICE,True,False,"[""YES"", ""PARTIAL"", ""NO"", ""UNKNOWN""]",{},{},diagnostic.acc_inventory.exists,2,10,ANOM-ACC-INVENTORY-EXISTS,RISK-ACC-INVENTORY-EXISTS,REC-ACC-INVENTORY-EXISTS,ACC-INVENTORY,BUSINESS,True,ARCHIVE_IF_REFERENCED,False,ACTIVE,1,MATRICIA_GOLD_MASTER_BASELINE
Q-DIAG-ACC-INVENTORY-PERFORMANCE,DIAG_SERVICE_PERFORMANCE,ACC,ACC-SPECIAL,ACC-INVENTORY,DIAGNOSTIC,Diagnostic par service,69,Comment évaluez-vous la performance actuelle de « Inventaire physique et valorisation des stocks » ?,La réponse peut générer une recommandation liée au service « Inventaire physique et valorisation des stocks ».,RATING_5,True,False,[],{},{},diagnostic.acc_inventory.performance,2,10,ANOM-ACC-INVENTORY-PERFORMANCE,RISK-ACC-INVENTORY-PERFORMANCE,REC-ACC-INVENTORY-PERFORMANCE,ACC-INVENTORY,BUSINESS,True,ARCHIVE_IF_REFERENCED,False,ACTIVE,1,MATRICIA_GOLD_MASTER_BASELINE
Q-DIAG-ACC-INVENTORY-ISSUES,DIAG_SERVICE_ISSUES,ACC,ACC-SPECIAL,ACC-INVENTORY,DIAGNOSTIC,Diagnostic par service,70,"Quels problèmes, retards, incidents ou insatisfactions rencontrez-vous concernant « Inventaire physique et valorisation des stocks » ?",La réponse peut générer une recommandation liée au service « Inventaire physique et valorisation des stocks ».,LONG_TEXT,False,False,[],{},{},diagnostic.acc_inventory.issues,1,10,ANOM-ACC-INVENTORY-ISSUES,RISK-ACC-INVENTORY-ISSUES,REC-ACC-INVENTORY-ISSUES,ACC-INVENTORY,BUSINESS,True,ARCHIVE_IF_REFERENCED,False,ACTIVE,1,MATRICIA_GOLD_MASTER_BASELINE
Q-DIAG-LEGAL-BASE-01,DIAG_COMMON_MATURITY,LEGAL,,,DIAGNOSTIC,Diagnostic général,1,"Quel est le niveau de formalisation actuel de vos pratiques dans la bibliothèque « Juridique, conformité et gouvernance » ?",Répondez selon la situation réelle de votre entreprise.,SINGLE_CHOICE,True,False,"[""INEXISTANT"", ""INFORMEL"", ""PARTIEL"", ""FORMALISE"", ""MESURE_ET_AMELIORE""]",{},{},diagnostic.legal.base_maturity,2,10,ANOM-LEGAL-BASE-MATURITY,RISK-LEGAL-BASE-MATURITY,REC-LEGAL-BASE-MATURITY,,BUSINESS,True,ARCHIVE_IF_REFERENCED,False,ACTIVE,1,MATRICIA_GOLD_MASTER_BASELINE
Q-DIAG-LEGAL-BASE-02,DIAG_COMMON_OWNER,LEGAL,,,DIAGNOSTIC,Diagnostic général,2,Un responsable clairement identifié pilote-t-il ce domaine ?,Répondez selon la situation réelle de votre entreprise.,YES_NO,True,False,"[""YES"", ""NO"", ""UNKNOWN""]",{},{},diagnostic.legal.base_owner,1,10,ANOM-LEGAL-BASE-OWNER,RISK-LEGAL-BASE-OWNER,REC-LEGAL-BASE-OWNER,,BUSINESS,True,ARCHIVE_IF_REFERENCED,False,ACTIVE,1,MATRICIA_GOLD_MASTER_BASELINE
Q-DIAG-LEGAL-BASE-03,DIAG_COMMON_BUDGET,LEGAL,,,DIAGNOSTIC,Diagnostic général,3,Un budget annuel est-il défini et suivi pour ce domaine ?,Répondez selon la situation réelle de votre entreprise.,YES_NO,True,False,"[""YES"", ""NO"", ""PARTIAL""]",{},{},diagnostic.legal.base_budget,1,10,ANOM-LEGAL-BASE-BUDGET,RISK-LEGAL-BASE-BUDGET,REC-LEGAL-BASE-BUDGET,,BUSINESS,True,ARCHIVE_IF_REFERENCED,False,ACTIVE,1,MATRICIA_GOLD_MASTER_BASELINE
Q-DIAG-LEGAL-BASE-04,DIAG_COMMON_KPI,LEGAL,,,DIAGNOSTIC,Diagnostic général,4,Disposez-vous d’indicateurs réguliers pour mesurer la performance de ce domaine ?,Répondez selon la situation réelle de votre entreprise.,YES_NO,True,False,"[""YES"", ""NO"", ""PARTIAL""]",{},{},diagnostic.legal.base_kpi,1,10,ANOM-LEGAL-BASE-KPI,RISK-LEGAL-BASE-KPI,REC-LEGAL-BASE-KPI,,BUSINESS,True,ARCHIVE_IF_REFERENCED,False,ACTIVE,1,MATRICIA_GOLD_MASTER_BASELINE
Q-DIAG-LEGAL-BASE-05,DIAG_COMMON_RISKS,LEGAL,,,DIAGNOSTIC,Diagnostic général,5,"Les risques majeurs de ce domaine sont-ils identifiés, évalués et suivis ?",Répondez selon la situation réelle de votre entreprise.,YES_NO,True,False,"[""YES"", ""NO"", ""PARTIAL""]",{},{},diagnostic.legal.base_risks,2,10,ANOM-LEGAL-BASE-RISKS,RISK-LEGAL-BASE-RISKS,REC-LEGAL-BASE-RISKS,,BUSINESS,True,ARCHIVE_IF_REFERENCED,True,ACTIVE,1,MATRICIA_GOLD_MASTER_BASELINE
Q-DIAG-LEGAL-BASE-06,DIAG_COMMON_DOCUMENTATION,LEGAL,,,DIAGNOSTIC,Diagnostic général,6,"Les politiques, procédures et responsabilités sont-elles documentées et à jour ?",Répondez selon la situation réelle de votre entreprise.,YES_NO,True,False,"[""YES"", ""NO"", ""PARTIAL""]",{},{},diagnostic.legal.base_documentation,1,10,ANOM-LEGAL-BASE-DOCUMENTATION,RISK-LEGAL-BASE-DOCUMENTATION,REC-LEGAL-BASE-DOCUMENTATION,,BUSINESS,True,ARCHIVE_IF_REFERENCED,False,ACTIVE,1,MATRICIA_GOLD_MASTER_BASELINE
Q-DIAG-LEGAL-BASE-07,DIAG_COMMON_TOOLS,LEGAL,,,DIAGNOSTIC,Diagnostic général,7,Les outils utilisés répondent-ils aux besoins et communiquent-ils correctement entre eux ?,Répondez selon la situation réelle de votre entreprise.,SINGLE_CHOICE,True,False,"[""YES"", ""PARTIAL"", ""NO"", ""UNKNOWN""]",{},{},diagnostic.legal.base_tools,1,10,ANOM-LEGAL-BASE-TOOLS,RISK-LEGAL-BASE-TOOLS,REC-LEGAL-BASE-TOOLS,,BUSINESS,True,ARCHIVE_IF_REFERENCED,False,ACTIVE,1,MATRICIA_GOLD_MASTER_BASELINE
Q-DIAG-LEGAL-BASE-08,DIAG_COMMON_SKILLS,LEGAL,,,DIAGNOSTIC,Diagnostic général,8,Les équipes disposent-elles des compétences et ressources nécessaires ?,Répondez selon la situation réelle de votre entreprise.,SINGLE_CHOICE,True,False,"[""YES"", ""PARTIAL"", ""NO"", ""UNKNOWN""]",{},{},diagnostic.legal.base_skills,1,10,ANOM-LEGAL-BASE-SKILLS,RISK-LEGAL-BASE-SKILLS,REC-LEGAL-BASE-SKILLS,,BUSINESS,True,ARCHIVE_IF_REFERENCED,False,ACTIVE,1,MATRICIA_GOLD_MASTER_BASELINE
Q-DIAG-LEGAL-BASE-09,DIAG_COMMON_INCIDENTS,LEGAL,,,DIAGNOSTIC,Diagnostic général,9,"Avez-vous connu des incidents, retards, pertes ou réclamations significatifs dans ce domaine au cours des 12 derniers mois ?",Répondez selon la situation réelle de votre entreprise.,YES_NO,True,False,"[""YES"", ""NO""]",{},{},diagnostic.legal.base_incidents,2,10,ANOM-LEGAL-BASE-INCIDENTS,RISK-LEGAL-BASE-INCIDENTS,REC-LEGAL-BASE-INCIDENTS,,BUSINESS,True,ARCHIVE_IF_REFERENCED,False,ACTIVE,1,MATRICIA_GOLD_MASTER_BASELINE
Q-DIAG-LEGAL-BASE-10,DIAG_COMMON_PRIORITY,LEGAL,,,DIAGNOSTIC,Diagnostic général,10,Souhaitez-vous faire de ce domaine une priorité d’amélioration dans les 12 prochains mois ?,Répondez selon la situation réelle de votre entreprise.,SINGLE_CHOICE,True,False,"[""HIGH"", ""MEDIUM"", ""LOW"", ""NO""]",{},{},diagnostic.legal.base_priority,1,10,ANOM-LEGAL-BASE-PRIORITY,RISK-LEGAL-BASE-PRIORITY,REC-LEGAL-BASE-PRIORITY,,BUSINESS,True,ARCHIVE_IF_REFERENCED,False,ACTIVE,1,MATRICIA_GOLD_MASTER_BASELINE
Q-DIAG-LEGAL-CREATE-EXISTS,DIAG_SERVICE_EXISTS,LEGAL,LEGAL-CORP,LEGAL-CREATE,DIAGNOSTIC,Diagnostic par service,11,Disposez-vous actuellement d’un dispositif ou processus formalisé pour « Création et structuration de société » ?,La réponse peut générer une recommandation liée au service « Création et structuration de société ».,SINGLE_CHOICE,True,False,"[""YES"", ""PARTIAL"", ""NO"", ""UNKNOWN""]",{},{},diagnostic.legal_create.exists,2,10,ANOM-LEGAL-CREATE-EXISTS,RISK-LEGAL-CREATE-EXISTS,REC-LEGAL-CREATE-EXISTS,LEGAL-CREATE,BUSINESS,True,ARCHIVE_IF_REFERENCED,False,ACTIVE,1,MATRICIA_GOLD_MASTER_BASELINE
Q-DIAG-LEGAL-CREATE-PERFORMANCE,DIAG_SERVICE_PERFORMANCE,LEGAL,LEGAL-CORP,LEGAL-CREATE,DIAGNOSTIC,Diagnostic par service,12,Comment évaluez-vous la performance actuelle de « Création et structuration de société » ?,La réponse peut générer une recommandation liée au service « Création et structuration de société ».,RATING_5,True,False,[],{},{},diagnostic.legal_create.performance,2,10,ANOM-LEGAL-CREATE-PERFORMANCE,RISK-LEGAL-CREATE-PERFORMANCE,REC-LEGAL-CREATE-PERFORMANCE,LEGAL-CREATE,BUSINESS,True,ARCHIVE_IF_REFERENCED,False,ACTIVE,1,MATRICIA_GOLD_MASTER_BASELINE
Q-DIAG-LEGAL-CREATE-ISSUES,DIAG_SERVICE_ISSUES,LEGAL,LEGAL-CORP,LEGAL-CREATE,DIAGNOSTIC,Diagnostic par service,13,"Quels problèmes, retards, incidents ou insatisfactions rencontrez-vous concernant « Création et structuration de société » ?",La réponse peut générer une recommandation liée au service « Création et structuration de société ».,LONG_TEXT,False,False,[],{},{},diagnostic.legal_create.issues,1,10,ANOM-LEGAL-CREATE-ISSUES,RISK-LEGAL-CREATE-ISSUES,REC-LEGAL-CREATE-ISSUES,LEGAL-CREATE,BUSINESS,True,ARCHIVE_IF_REFERENCED,False,ACTIVE,1,MATRICIA_GOLD_MASTER_BASELINE
Q-DIAG-LEGAL-CORP-SECRETARY-EXISTS,DIAG_SERVICE_EXISTS,LEGAL,LEGAL-CORP,LEGAL-CORP-SECRETARY,DIAGNOSTIC,Diagnostic par service,14,Disposez-vous actuellement d’un dispositif ou processus formalisé pour « Secrétariat juridique annuel » ?,La réponse peut générer une recommandation liée au service « Secrétariat juridique annuel ».,SINGLE_CHOICE,True,False,"[""YES"", ""PARTIAL"", ""NO"", ""UNKNOWN""]",{},{},diagnostic.legal_corp_secretary.exists,2,10,ANOM-LEGAL-CORP-SECRETARY-EXISTS,RISK-LEGAL-CORP-SECRETARY-EXISTS,REC-LEGAL-CORP-SECRETARY-EXISTS,LEGAL-CORP-SECRETARY,BUSINESS,True,ARCHIVE_IF_REFERENCED,False,ACTIVE,1,MATRICIA_GOLD_MASTER_BASELINE
Q-DIAG-LEGAL-CORP-SECRETARY-PERFORMANCE,DIAG_SERVICE_PERFORMANCE,LEGAL,LEGAL-CORP,LEGAL-CORP-SECRETARY,DIAGNOSTIC,Diagnostic par service,15,Comment évaluez-vous la performance actuelle de « Secrétariat juridique annuel » ?,La réponse peut générer une recommandation liée au service « Secrétariat juridique annuel ».,RATING_5,True,False,[],{},{},diagnostic.legal_corp_secretary.performance,2,10,ANOM-LEGAL-CORP-SECRETARY-PERFORMANCE,RISK-LEGAL-CORP-SECRETARY-PERFORMANCE,REC-LEGAL-CORP-SECRETARY-PERFORMANCE,LEGAL-CORP-SECRETARY,BUSINESS,True,ARCHIVE_IF_REFERENCED,False,ACTIVE,1,MATRICIA_GOLD_MASTER_BASELINE
Q-DIAG-LEGAL-CORP-SECRETARY-ISSUES,DIAG_SERVICE_ISSUES,LEGAL,LEGAL-CORP,LEGAL-CORP-SECRETARY,DIAGNOSTIC,Diagnostic par service,16,"Quels problèmes, retards, incidents ou insatisfactions rencontrez-vous concernant « Secrétariat juridique annuel » ?",La réponse peut générer une recommandation liée au service « Secrétariat juridique annuel ».,LONG_TEXT,False,False,[],{},{},diagnostic.legal_corp_secretary.issues,1,10,ANOM-LEGAL-CORP-SECRETARY-ISSUES,RISK-LEGAL-CORP-SECRETARY-ISSUES,REC-LEGAL-CORP-SECRETARY-ISSUES,LEGAL-CORP-SECRETARY,BUSINESS,True,ARCHIVE_IF_REFERENCED,False,ACTIVE,1,MATRICIA_GOLD_MASTER_BASELINE
Q-DIAG-LEGAL-GOV-EXISTS,DIAG_SERVICE_EXISTS,LEGAL,LEGAL-CORP,LEGAL-GOV,DIAGNOSTIC,Diagnostic par service,17,Disposez-vous actuellement d’un dispositif ou processus formalisé pour « Mise en place de la gouvernance et délégations » ?,La réponse peut générer une recommandation liée au service « Mise en place de la gouvernance et délégations ».,SINGLE_CHOICE,True,False,"[""YES"", ""PARTIAL"", ""NO"", ""UNKNOWN""]",{},{},diagnostic.legal_gov.exists,2,10,ANOM-LEGAL-GOV-EXISTS,RISK-LEGAL-GOV-EXISTS,REC-LEGAL-GOV-EXISTS,LEGAL-GOV,BUSINESS,True,ARCHIVE_IF_REFERENCED,False,ACTIVE,1,MATRICIA_GOLD_MASTER_BASELINE
Q-DIAG-LEGAL-GOV-PERFORMANCE,DIAG_SERVICE_PERFORMANCE,LEGAL,LEGAL-CORP,LEGAL-GOV,DIAGNOSTIC,Diagnostic par service,18,Comment évaluez-vous la performance actuelle de « Mise en place de la gouvernance et délégations » ?,La réponse peut générer une recommandation liée au service « Mise en place de la gouvernance et délégations ».,RATING_5,True,False,[],{},{},diagnostic.legal_gov.performance,2,10,ANOM-LEGAL-GOV-PERFORMANCE,RISK-LEGAL-GOV-PERFORMANCE,REC-LEGAL-GOV-PERFORMANCE,LEGAL-GOV,BUSINESS,True,ARCHIVE_IF_REFERENCED,False,ACTIVE,1,MATRICIA_GOLD_MASTER_BASELINE
Q-DIAG-LEGAL-GOV-ISSUES,DIAG_SERVICE_ISSUES,LEGAL,LEGAL-CORP,LEGAL-GOV,DIAGNOSTIC,Diagnostic par service,19,"Quels problèmes, retards, incidents ou insatisfactions rencontrez-vous concernant « Mise en place de la gouvernance et délégations » ?",La réponse peut générer une recommandation liée au service « Mise en place de la gouvernance et délégations ».,LONG_TEXT,False,False,[],{},{},diagnostic.legal_gov.issues,1,10,ANOM-LEGAL-GOV-ISSUES,RISK-LEGAL-GOV-ISSUES,REC-LEGAL-GOV-ISSUES,LEGAL-GOV,BUSINESS,True,ARCHIVE_IF_REFERENCED,False,ACTIVE,1,MATRICIA_GOLD_MASTER_BASELINE
Q-DIAG-LEGAL-CONTRACT-DRAFT-EXISTS,DIAG_SERVICE_EXISTS,LEGAL,LEGAL-CONTRACT,LEGAL-CONTRACT-DRAFT,DIAGNOSTIC,Diagnostic par service,20,Disposez-vous actuellement d’un dispositif ou processus formalisé pour « Rédaction de contrat commercial » ?,La réponse peut générer une recommandation liée au service « Rédaction de contrat commercial ».,SINGLE_CHOICE,True,False,"[""YES"", ""PARTIAL"", ""NO"", ""UNKNOWN""]",{},{},diagnostic.legal_contract_draft.exists,2,10,ANOM-LEGAL-CONTRACT-DRAFT-EXISTS,RISK-LEGAL-CONTRACT-DRAFT-EXISTS,REC-LEGAL-CONTRACT-DRAFT-EXISTS,LEGAL-CONTRACT-DRAFT,BUSINESS,True,ARCHIVE_IF_REFERENCED,False,ACTIVE,1,MATRICIA_GOLD_MASTER_BASELINE
Q-DIAG-LEGAL-CONTRACT-DRAFT-PERFORMANCE,DIAG_SERVICE_PERFORMANCE,LEGAL,LEGAL-CONTRACT,LEGAL-CONTRACT-DRAFT,DIAGNOSTIC,Diagnostic par service,21,Comment évaluez-vous la performance actuelle de « Rédaction de contrat commercial » ?,La réponse peut générer une recommandation liée au service « Rédaction de contrat commercial ».,RATING_5,True,False,[],{},{},diagnostic.legal_contract_draft.performance,2,10,ANOM-LEGAL-CONTRACT-DRAFT-PERFORMANCE,RISK-LEGAL-CONTRACT-DRAFT-PERFORMANCE,REC-LEGAL-CONTRACT-DRAFT-PERFORMANCE,LEGAL-CONTRACT-DRAFT,BUSINESS,True,ARCHIVE_IF_REFERENCED,False,ACTIVE,1,MATRICIA_GOLD_MASTER_BASELINE
Q-DIAG-LEGAL-CONTRACT-DRAFT-ISSUES,DIAG_SERVICE_ISSUES,LEGAL,LEGAL-CONTRACT,LEGAL-CONTRACT-DRAFT,DIAGNOSTIC,Diagnostic par service,22,"Quels problèmes, retards, incidents ou insatisfactions rencontrez-vous concernant « Rédaction de contrat commercial » ?",La réponse peut générer une recommandation liée au service « Rédaction de contrat commercial ».,LONG_TEXT,False,False,[],{},{},diagnostic.legal_contract_draft.issues,1,10,ANOM-LEGAL-CONTRACT-DRAFT-ISSUES,RISK-LEGAL-CONTRACT-DRAFT-ISSUES,REC-LEGAL-CONTRACT-DRAFT-ISSUES,LEGAL-CONTRACT-DRAFT,BUSINESS,True,ARCHIVE_IF_REFERENCED,False,ACTIVE,1,MATRICIA_GOLD_MASTER_BASELINE
Q-DIAG-LEGAL-CONTRACT-REVIEW-EXISTS,DIAG_SERVICE_EXISTS,LEGAL,LEGAL-CONTRACT,LEGAL-CONTRACT-REVIEW,DIAGNOSTIC,Diagnostic par service,23,Disposez-vous actuellement d’un dispositif ou processus formalisé pour « Revue et négociation de contrat » ?,La réponse peut générer une recommandation liée au service « Revue et négociation de contrat ».,SINGLE_CHOICE,True,False,"[""YES"", ""PARTIAL"", ""NO"", ""UNKNOWN""]",{},{},diagnostic.legal_contract_review.exists,2,10,ANOM-LEGAL-CONTRACT-REVIEW-EXISTS,RISK-LEGAL-CONTRACT-REVIEW-EXISTS,REC-LEGAL-CONTRACT-REVIEW-EXISTS,LEGAL-CONTRACT-REVIEW,BUSINESS,True,ARCHIVE_IF_REFERENCED,False,ACTIVE,1,MATRICIA_GOLD_MASTER_BASELINE
Q-DIAG-LEGAL-CONTRACT-REVIEW-PERFORMANCE,DIAG_SERVICE_PERFORMANCE,LEGAL,LEGAL-CONTRACT,LEGAL-CONTRACT-REVIEW,DIAGNOSTIC,Diagnostic par service,24,Comment évaluez-vous la performance actuelle de « Revue et négociation de contrat » ?,La réponse peut générer une recommandation liée au service « Revue et négociation de contrat ».,RATING_5,True,False,[],{},{},diagnostic.legal_contract_review.performance,2,10,ANOM-LEGAL-CONTRACT-REVIEW-PERFORMANCE,RISK-LEGAL-CONTRACT-REVIEW-PERFORMANCE,REC-LEGAL-CONTRACT-REVIEW-PERFORMANCE,LEGAL-CONTRACT-REVIEW,BUSINESS,True,ARCHIVE_IF_REFERENCED,False,ACTIVE,1,MATRICIA_GOLD_MASTER_BASELINE
Q-DIAG-LEGAL-CONTRACT-REVIEW-ISSUES,DIAG_SERVICE_ISSUES,LEGAL,LEGAL-CONTRACT,LEGAL-CONTRACT-REVIEW,DIAGNOSTIC,Diagnostic par service,25,"Quels problèmes, retards, incidents ou insatisfactions rencontrez-vous concernant « Revue et négociation de contrat » ?",La réponse peut générer une recommandation liée au service « Revue et négociation de contrat ».,LONG_TEXT,False,False,[],{},{},diagnostic.legal_contract_review.issues,1,10,ANOM-LEGAL-CONTRACT-REVIEW-ISSUES,RISK-LEGAL-CONTRACT-REVIEW-ISSUES,REC-LEGAL-CONTRACT-REVIEW-ISSUES,LEGAL-CONTRACT-REVIEW,BUSINESS,True,ARCHIVE_IF_REFERENCED,False,ACTIVE,1,MATRICIA_GOLD_MASTER_BASELINE
Q-DIAG-LEGAL-GTC-EXISTS,DIAG_SERVICE_EXISTS,LEGAL,LEGAL-CONTRACT,LEGAL-GTC,DIAGNOSTIC,Diagnostic par service,26,Disposez-vous actuellement d’un dispositif ou processus formalisé pour « Conditions générales de vente ou d’utilisation » ?,La réponse peut générer une recommandation liée au service « Conditions générales de vente ou d’utilisation ».,SINGLE_CHOICE,True,False,"[""YES"", ""PARTIAL"", ""NO"", ""UNKNOWN""]",{},{},diagnostic.legal_gtc.exists,2,10,ANOM-LEGAL-GTC-EXISTS,RISK-LEGAL-GTC-EXISTS,REC-LEGAL-GTC-EXISTS,LEGAL-GTC,BUSINESS,True,ARCHIVE_IF_REFERENCED,False,ACTIVE,1,MATRICIA_GOLD_MASTER_BASELINE
Q-DIAG-LEGAL-GTC-PERFORMANCE,DIAG_SERVICE_PERFORMANCE,LEGAL,LEGAL-CONTRACT,LEGAL-GTC,DIAGNOSTIC,Diagnostic par service,27,Comment évaluez-vous la performance actuelle de « Conditions générales de vente ou d’utilisation » ?,La réponse peut générer une recommandation liée au service « Conditions générales de vente ou d’utilisation ».,RATING_5,True,False,[],{},{},diagnostic.legal_gtc.performance,2,10,ANOM-LEGAL-GTC-PERFORMANCE,RISK-LEGAL-GTC-PERFORMANCE,REC-LEGAL-GTC-PERFORMANCE,LEGAL-GTC,BUSINESS,True,ARCHIVE_IF_REFERENCED,False,ACTIVE,1,MATRICIA_GOLD_MASTER_BASELINE
Q-DIAG-LEGAL-GTC-ISSUES,DIAG_SERVICE_ISSUES,LEGAL,LEGAL-CONTRACT,LEGAL-GTC,DIAGNOSTIC,Diagnostic par service,28,"Quels problèmes, retards, incidents ou insatisfactions rencontrez-vous concernant « Conditions générales de vente ou d’utilisation » ?",La réponse peut générer une recommandation liée au service « Conditions générales de vente ou d’utilisation ».,LONG_TEXT,False,False,[],{},{},diagnostic.legal_gtc.issues,1,10,ANOM-LEGAL-GTC-ISSUES,RISK-LEGAL-GTC-ISSUES,REC-LEGAL-GTC-ISSUES,LEGAL-GTC,BUSINESS,True,ARCHIVE_IF_REFERENCED,False,ACTIVE,1,MATRICIA_GOLD_MASTER_BASELINE
Q-DIAG-LEGAL-EMPLOYMENT-EXISTS,DIAG_SERVICE_EXISTS,LEGAL,LEGAL-LABOR,LEGAL-EMPLOYMENT,DIAGNOSTIC,Diagnostic par service,29,Disposez-vous actuellement d’un dispositif ou processus formalisé pour « Contrats de travail et documents RH » ?,La réponse peut générer une recommandation liée au service « Contrats de travail et documents RH ».,SINGLE_CHOICE,True,False,"[""YES"", ""PARTIAL"", ""NO"", ""UNKNOWN""]",{},{},diagnostic.legal_employment.exists,2,10,ANOM-LEGAL-EMPLOYMENT-EXISTS,RISK-LEGAL-EMPLOYMENT-EXISTS,REC-LEGAL-EMPLOYMENT-EXISTS,LEGAL-EMPLOYMENT,BUSINESS,True,ARCHIVE_IF_REFERENCED,False,ACTIVE,1,MATRICIA_GOLD_MASTER_BASELINE
Q-DIAG-LEGAL-EMPLOYMENT-PERFORMANCE,DIAG_SERVICE_PERFORMANCE,LEGAL,LEGAL-LABOR,LEGAL-EMPLOYMENT,DIAGNOSTIC,Diagnostic par service,30,Comment évaluez-vous la performance actuelle de « Contrats de travail et documents RH » ?,La réponse peut générer une recommandation liée au service « Contrats de travail et documents RH ».,RATING_5,True,False,[],{},{},diagnostic.legal_employment.performance,2,10,ANOM-LEGAL-EMPLOYMENT-PERFORMANCE,RISK-LEGAL-EMPLOYMENT-PERFORMANCE,REC-LEGAL-EMPLOYMENT-PERFORMANCE,LEGAL-EMPLOYMENT,BUSINESS,True,ARCHIVE_IF_REFERENCED,False,ACTIVE,1,MATRICIA_GOLD_MASTER_BASELINE
Q-DIAG-LEGAL-EMPLOYMENT-ISSUES,DIAG_SERVICE_ISSUES,LEGAL,LEGAL-LABOR,LEGAL-EMPLOYMENT,DIAGNOSTIC,Diagnostic par service,31,"Quels problèmes, retards, incidents ou insatisfactions rencontrez-vous concernant « Contrats de travail et documents RH » ?",La réponse peut générer une recommandation liée au service « Contrats de travail et documents RH ».,LONG_TEXT,False,False,[],{},{},diagnostic.legal_employment.issues,1,10,ANOM-LEGAL-EMPLOYMENT-ISSUES,RISK-LEGAL-EMPLOYMENT-ISSUES,REC-LEGAL-EMPLOYMENT-ISSUES,LEGAL-EMPLOYMENT,BUSINESS,True,ARCHIVE_IF_REFERENCED,False,ACTIVE,1,MATRICIA_GOLD_MASTER_BASELINE
Q-DIAG-LEGAL-HR-DISPUTE-EXISTS,DIAG_SERVICE_EXISTS,LEGAL,LEGAL-LABOR,LEGAL-HR-DISPUTE,DIAGNOSTIC,Diagnostic par service,32,Disposez-vous actuellement d’un dispositif ou processus formalisé pour « Assistance en conflit ou procédure disciplinaire » ?,La réponse peut générer une recommandation liée au service « Assistance en conflit ou procédure disciplinaire ».,SINGLE_CHOICE,True,False,"[""YES"", ""PARTIAL"", ""NO"", ""UNKNOWN""]",{},{},diagnostic.legal_hr_dispute.exists,2,10,ANOM-LEGAL-HR-DISPUTE-EXISTS,RISK-LEGAL-HR-DISPUTE-EXISTS,REC-LEGAL-HR-DISPUTE-EXISTS,LEGAL-HR-DISPUTE,BUSINESS,True,ARCHIVE_IF_REFERENCED,False,ACTIVE,1,MATRICIA_GOLD_MASTER_BASELINE
Q-DIAG-LEGAL-HR-DISPUTE-PERFORMANCE,DIAG_SERVICE_PERFORMANCE,LEGAL,LEGAL-LABOR,LEGAL-HR-DISPUTE,DIAGNOSTIC,Diagnostic par service,33,Comment évaluez-vous la performance actuelle de « Assistance en conflit ou procédure disciplinaire » ?,La réponse peut générer une recommandation liée au service « Assistance en conflit ou procédure disciplinaire ».,RATING_5,True,False,[],{},{},diagnostic.legal_hr_dispute.performance,2,10,ANOM-LEGAL-HR-DISPUTE-PERFORMANCE,RISK-LEGAL-HR-DISPUTE-PERFORMANCE,REC-LEGAL-HR-DISPUTE-PERFORMANCE,LEGAL-HR-DISPUTE,BUSINESS,True,ARCHIVE_IF_REFERENCED,False,ACTIVE,1,MATRICIA_GOLD_MASTER_BASELINE
Q-DIAG-LEGAL-HR-DISPUTE-ISSUES,DIAG_SERVICE_ISSUES,LEGAL,LEGAL-LABOR,LEGAL-HR-DISPUTE,DIAGNOSTIC,Diagnostic par service,34,"Quels problèmes, retards, incidents ou insatisfactions rencontrez-vous concernant « Assistance en conflit ou procédure disciplinaire » ?",La réponse peut générer une recommandation liée au service « Assistance en conflit ou procédure disciplinaire ».,LONG_TEXT,False,False,[],{},{},diagnostic.legal_hr_dispute.issues,1,10,ANOM-LEGAL-HR-DISPUTE-ISSUES,RISK-LEGAL-HR-DISPUTE-ISSUES,REC-LEGAL-HR-DISPUTE-ISSUES,LEGAL-HR-DISPUTE,BUSINESS,True,ARCHIVE_IF_REFERENCED,False,ACTIVE,1,MATRICIA_GOLD_MASTER_BASELINE
Q-DIAG-LEGAL-TRADEMARK-EXISTS,DIAG_SERVICE_EXISTS,LEGAL,LEGAL-IP,LEGAL-TRADEMARK,DIAGNOSTIC,Diagnostic par service,35,Disposez-vous actuellement d’un dispositif ou processus formalisé pour « Dépôt et protection de marque » ?,La réponse peut générer une recommandation liée au service « Dépôt et protection de marque ».,SINGLE_CHOICE,True,False,"[""YES"", ""PARTIAL"", ""NO"", ""UNKNOWN""]",{},{},diagnostic.legal_trademark.exists,2,10,ANOM-LEGAL-TRADEMARK-EXISTS,RISK-LEGAL-TRADEMARK-EXISTS,REC-LEGAL-TRADEMARK-EXISTS,LEGAL-TRADEMARK,BUSINESS,True,ARCHIVE_IF_REFERENCED,False,ACTIVE,1,MATRICIA_GOLD_MASTER_BASELINE
Q-DIAG-LEGAL-TRADEMARK-PERFORMANCE,DIAG_SERVICE_PERFORMANCE,LEGAL,LEGAL-IP,LEGAL-TRADEMARK,DIAGNOSTIC,Diagnostic par service,36,Comment évaluez-vous la performance actuelle de « Dépôt et protection de marque » ?,La réponse peut générer une recommandation liée au service « Dépôt et protection de marque ».,RATING_5,True,False,[],{},{},diagnostic.legal_trademark.performance,2,10,ANOM-LEGAL-TRADEMARK-PERFORMANCE,RISK-LEGAL-TRADEMARK-PERFORMANCE,REC-LEGAL-TRADEMARK-PERFORMANCE,LEGAL-TRADEMARK,BUSINESS,True,ARCHIVE_IF_REFERENCED,False,ACTIVE,1,MATRICIA_GOLD_MASTER_BASELINE
Q-DIAG-LEGAL-TRADEMARK-ISSUES,DIAG_SERVICE_ISSUES,LEGAL,LEGAL-IP,LEGAL-TRADEMARK,DIAGNOSTIC,Diagnostic par service,37,"Quels problèmes, retards, incidents ou insatisfactions rencontrez-vous concernant « Dépôt et protection de marque » ?",La réponse peut générer une recommandation liée au service « Dépôt et protection de marque ».,LONG_TEXT,False,False,[],{},{},diagnostic.legal_trademark.issues,1,10,ANOM-LEGAL-TRADEMARK-ISSUES,RISK-LEGAL-TRADEMARK-ISSUES,REC-LEGAL-TRADEMARK-ISSUES,LEGAL-TRADEMARK,BUSINESS,True,ARCHIVE_IF_REFERENCED,False,ACTIVE,1,MATRICIA_GOLD_MASTER_BASELINE
Q-DIAG-LEGAL-IP-CONTRACT-EXISTS,DIAG_SERVICE_EXISTS,LEGAL,LEGAL-IP,LEGAL-IP-CONTRACT,DIAGNOSTIC,Diagnostic par service,38,Disposez-vous actuellement d’un dispositif ou processus formalisé pour « Contrats de propriété intellectuelle et licences » ?,La réponse peut générer une recommandation liée au service « Contrats de propriété intellectuelle et licences ».,SINGLE_CHOICE,True,False,"[""YES"", ""PARTIAL"", ""NO"", ""UNKNOWN""]",{},{},diagnostic.legal_ip_contract.exists,2,10,ANOM-LEGAL-IP-CONTRACT-EXISTS,RISK-LEGAL-IP-CONTRACT-EXISTS,REC-LEGAL-IP-CONTRACT-EXISTS,LEGAL-IP-CONTRACT,BUSINESS,True,ARCHIVE_IF_REFERENCED,False,ACTIVE,1,MATRICIA_GOLD_MASTER_BASELINE
Q-DIAG-LEGAL-IP-CONTRACT-PERFORMANCE,DIAG_SERVICE_PERFORMANCE,LEGAL,LEGAL-IP,LEGAL-IP-CONTRACT,DIAGNOSTIC,Diagnostic par service,39,Comment évaluez-vous la performance actuelle de « Contrats de propriété intellectuelle et licences » ?,La réponse peut générer une recommandation liée au service « Contrats de propriété intellectuelle et licences ».,RATING_5,True,False,[],{},{},diagnostic.legal_ip_contract.performance,2,10,ANOM-LEGAL-IP-CONTRACT-PERFORMANCE,RISK-LEGAL-IP-CONTRACT-PERFORMANCE,REC-LEGAL-IP-CONTRACT-PERFORMANCE,LEGAL-IP-CONTRACT,BUSINESS,True,ARCHIVE_IF_REFERENCED,False,ACTIVE,1,MATRICIA_GOLD_MASTER_BASELINE
Q-DIAG-LEGAL-IP-CONTRACT-ISSUES,DIAG_SERVICE_ISSUES,LEGAL,LEGAL-IP,LEGAL-IP-CONTRACT,DIAGNOSTIC,Diagnostic par service,40,"Quels problèmes, retards, incidents ou insatisfactions rencontrez-vous concernant « Contrats de propriété intellectuelle et licences » ?",La réponse peut générer une recommandation liée au service « Contrats de propriété intellectuelle et licences ».,LONG_TEXT,False,False,[],{},{},diagnostic.legal_ip_contract.issues,1,10,ANOM-LEGAL-IP-CONTRACT-ISSUES,RISK-LEGAL-IP-CONTRACT-ISSUES,REC-LEGAL-IP-CONTRACT-ISSUES,LEGAL-IP-CONTRACT,BUSINESS,True,ARCHIVE_IF_REFERENCED,False,ACTIVE,1,MATRICIA_GOLD_MASTER_BASELINE
Q-DIAG-LEGAL-PRIVACY-EXISTS,DIAG_SERVICE_EXISTS,LEGAL,LEGAL-IP,LEGAL-PRIVACY,DIAGNOSTIC,Diagnostic par service,41,Disposez-vous actuellement d’un dispositif ou processus formalisé pour « Conformité données personnelles et politique de confidentialité » ?,La réponse peut générer une recommandation liée au service « Conformité données personnelles et politique de confidentialité ».,SINGLE_CHOICE,True,False,"[""YES"", ""PARTIAL"", ""NO"", ""UNKNOWN""]",{},{},diagnostic.legal_privacy.exists,2,10,ANOM-LEGAL-PRIVACY-EXISTS,RISK-LEGAL-PRIVACY-EXISTS,REC-LEGAL-PRIVACY-EXISTS,LEGAL-PRIVACY,BUSINESS,True,ARCHIVE_IF_REFERENCED,False,ACTIVE,1,MATRICIA_GOLD_MASTER_BASELINE
Q-DIAG-LEGAL-PRIVACY-PERFORMANCE,DIAG_SERVICE_PERFORMANCE,LEGAL,LEGAL-IP,LEGAL-PRIVACY,DIAGNOSTIC,Diagnostic par service,42,Comment évaluez-vous la performance actuelle de « Conformité données personnelles et politique de confidentialité » ?,La réponse peut générer une recommandation liée au service « Conformité données personnelles et politique de confidentialité ».,RATING_5,True,False,[],{},{},diagnostic.legal_privacy.performance,2,10,ANOM-LEGAL-PRIVACY-PERFORMANCE,RISK-LEGAL-PRIVACY-PERFORMANCE,REC-LEGAL-PRIVACY-PERFORMANCE,LEGAL-PRIVACY,BUSINESS,True,ARCHIVE_IF_REFERENCED,False,ACTIVE,1,MATRICIA_GOLD_MASTER_BASELINE
Q-DIAG-LEGAL-PRIVACY-ISSUES,DIAG_SERVICE_ISSUES,LEGAL,LEGAL-IP,LEGAL-PRIVACY,DIAGNOSTIC,Diagnostic par service,43,"Quels problèmes, retards, incidents ou insatisfactions rencontrez-vous concernant « Conformité données personnelles et politique de confidentialité » ?",La réponse peut générer une recommandation liée au service « Conformité données personnelles et politique de confidentialité ».,LONG_TEXT,False,False,[],{},{},diagnostic.legal_privacy.issues,1,10,ANOM-LEGAL-PRIVACY-ISSUES,RISK-LEGAL-PRIVACY-ISSUES,REC-LEGAL-PRIVACY-ISSUES,LEGAL-PRIVACY,BUSINESS,True,ARCHIVE_IF_REFERENCED,False,ACTIVE,1,MATRICIA_GOLD_MASTER_BASELINE
Q-DIAG-LEGAL-COMPLIANCE-AUDIT-EXISTS,DIAG_SERVICE_EXISTS,LEGAL,LEGAL-COMP,LEGAL-COMPLIANCE-AUDIT,DIAGNOSTIC,Diagnostic par service,44,Disposez-vous actuellement d’un dispositif ou processus formalisé pour « Audit de conformité réglementaire » ?,La réponse peut générer une recommandation liée au service « Audit de conformité réglementaire ».,SINGLE_CHOICE,True,False,"[""YES"", ""PARTIAL"", ""NO"", ""UNKNOWN""]",{},{},diagnostic.legal_compliance_audit.exists,2,10,ANOM-LEGAL-COMPLIANCE-AUDIT-EXISTS,RISK-LEGAL-COMPLIANCE-AUDIT-EXISTS,REC-LEGAL-COMPLIANCE-AUDIT-EXISTS,LEGAL-COMPLIANCE-AUDIT,BUSINESS,True,ARCHIVE_IF_REFERENCED,False,ACTIVE,1,MATRICIA_GOLD_MASTER_BASELINE
Q-DIAG-LEGAL-COMPLIANCE-AUDIT-PERFORMANCE,DIAG_SERVICE_PERFORMANCE,LEGAL,LEGAL-COMP,LEGAL-COMPLIANCE-AUDIT,DIAGNOSTIC,Diagnostic par service,45,Comment évaluez-vous la performance actuelle de « Audit de conformité réglementaire » ?,La réponse peut générer une recommandation liée au service « Audit de conformité réglementaire ».,RATING_5,True,False,[],{},{},diagnostic.legal_compliance_audit.performance,2,10,ANOM-LEGAL-COMPLIANCE-AUDIT-PERFORMANCE,RISK-LEGAL-COMPLIANCE-AUDIT-PERFORMANCE,REC-LEGAL-COMPLIANCE-AUDIT-PERFORMANCE,LEGAL-COMPLIANCE-AUDIT,BUSINESS,True,ARCHIVE_IF_REFERENCED,False,ACTIVE,1,MATRICIA_GOLD_MASTER_BASELINE
Q-DIAG-LEGAL-COMPLIANCE-AUDIT-ISSUES,DIAG_SERVICE_ISSUES,LEGAL,LEGAL-COMP,LEGAL-COMPLIANCE-AUDIT,DIAGNOSTIC,Diagnostic par service,46,"Quels problèmes, retards, incidents ou insatisfactions rencontrez-vous concernant « Audit de conformité réglementaire » ?",La réponse peut générer une recommandation liée au service « Audit de conformité réglementaire ».,LONG_TEXT,False,False,[],{},{},diagnostic.legal_compliance_audit.issues,1,10,ANOM-LEGAL-COMPLIANCE-AUDIT-ISSUES,RISK-LEGAL-COMPLIANCE-AUDIT-ISSUES,REC-LEGAL-COMPLIANCE-AUDIT-ISSUES,LEGAL-COMPLIANCE-AUDIT,BUSINESS,True,ARCHIVE_IF_REFERENCED,False,ACTIVE,1,MATRICIA_GOLD_MASTER_BASELINE
Q-DIAG-LEGAL-ETHICS-EXISTS,DIAG_SERVICE_EXISTS,LEGAL,LEGAL-COMP,LEGAL-ETHICS,DIAGNOSTIC,Diagnostic par service,47,"Disposez-vous actuellement d’un dispositif ou processus formalisé pour « Code éthique, anticorruption et dispositif d’alerte » ?","La réponse peut générer une recommandation liée au service « Code éthique, anticorruption et dispositif d’alerte ».",SINGLE_CHOICE,True,False,"[""YES"", ""PARTIAL"", ""NO"", ""UNKNOWN""]",{},{},diagnostic.legal_ethics.exists,2,10,ANOM-LEGAL-ETHICS-EXISTS,RISK-LEGAL-ETHICS-EXISTS,REC-LEGAL-ETHICS-EXISTS,LEGAL-ETHICS,BUSINESS,True,ARCHIVE_IF_REFERENCED,False,ACTIVE,1,MATRICIA_GOLD_MASTER_BASELINE
Q-DIAG-LEGAL-ETHICS-PERFORMANCE,DIAG_SERVICE_PERFORMANCE,LEGAL,LEGAL-COMP,LEGAL-ETHICS,DIAGNOSTIC,Diagnostic par service,48,"Comment évaluez-vous la performance actuelle de « Code éthique, anticorruption et dispositif d’alerte » ?","La réponse peut générer une recommandation liée au service « Code éthique, anticorruption et dispositif d’alerte ».",RATING_5,True,False,[],{},{},diagnostic.legal_ethics.performance,2,10,ANOM-LEGAL-ETHICS-PERFORMANCE,RISK-LEGAL-ETHICS-PERFORMANCE,REC-LEGAL-ETHICS-PERFORMANCE,LEGAL-ETHICS,BUSINESS,True,ARCHIVE_IF_REFERENCED,False,ACTIVE,1,MATRICIA_GOLD_MASTER_BASELINE
Q-DIAG-LEGAL-ETHICS-ISSUES,DIAG_SERVICE_ISSUES,LEGAL,LEGAL-COMP,LEGAL-ETHICS,DIAGNOSTIC,Diagnostic par service,49,"Quels problèmes, retards, incidents ou insatisfactions rencontrez-vous concernant « Code éthique, anticorruption et dispositif d’alerte » ?","La réponse peut générer une recommandation liée au service « Code éthique, anticorruption et dispositif d’alerte ».",LONG_TEXT,False,False,[],{},{},diagnostic.legal_ethics.issues,1,10,ANOM-LEGAL-ETHICS-ISSUES,RISK-LEGAL-ETHICS-ISSUES,REC-LEGAL-ETHICS-ISSUES,LEGAL-ETHICS,BUSINESS,True,ARCHIVE_IF_REFERENCED,False,ACTIVE,1,MATRICIA_GOLD_MASTER_BASELINE
Q-DIAG-LEGAL-LICENSE-EXISTS,DIAG_SERVICE_EXISTS,LEGAL,LEGAL-COMP,LEGAL-LICENSE,DIAGNOSTIC,Diagnostic par service,50,Disposez-vous actuellement d’un dispositif ou processus formalisé pour « Obtention ou renouvellement d’agrément/licence » ?,La réponse peut générer une recommandation liée au service « Obtention ou renouvellement d’agrément/licence ».,SINGLE_CHOICE,True,False,"[""YES"", ""PARTIAL"", ""NO"", ""UNKNOWN""]",{},{},diagnostic.legal_license.exists,2,10,ANOM-LEGAL-LICENSE-EXISTS,RISK-LEGAL-LICENSE-EXISTS,REC-LEGAL-LICENSE-EXISTS,LEGAL-LICENSE,BUSINESS,True,ARCHIVE_IF_REFERENCED,False,ACTIVE,1,MATRICIA_GOLD_MASTER_BASELINE
Q-DIAG-LEGAL-LICENSE-PERFORMANCE,DIAG_SERVICE_PERFORMANCE,LEGAL,LEGAL-COMP,LEGAL-LICENSE,DIAGNOSTIC,Diagnostic par service,51,Comment évaluez-vous la performance actuelle de « Obtention ou renouvellement d’agrément/licence » ?,La réponse peut générer une recommandation liée au service « Obtention ou renouvellement d’agrément/licence ».,RATING_5,True,False,[],{},{},diagnostic.legal_license.performance,2,10,ANOM-LEGAL-LICENSE-PERFORMANCE,RISK-LEGAL-LICENSE-PERFORMANCE,REC-LEGAL-LICENSE-PERFORMANCE,LEGAL-LICENSE,BUSINESS,True,ARCHIVE_IF_REFERENCED,False,ACTIVE,1,MATRICIA_GOLD_MASTER_BASELINE
Q-DIAG-LEGAL-LICENSE-ISSUES,DIAG_SERVICE_ISSUES,LEGAL,LEGAL-COMP,LEGAL-LICENSE,DIAGNOSTIC,Diagnostic par service,52,"Quels problèmes, retards, incidents ou insatisfactions rencontrez-vous concernant « Obtention ou renouvellement d’agrément/licence » ?",La réponse peut générer une recommandation liée au service « Obtention ou renouvellement d’agrément/licence ».,LONG_TEXT,False,False,[],{},{},diagnostic.legal_license.issues,1,10,ANOM-LEGAL-LICENSE-ISSUES,RISK-LEGAL-LICENSE-ISSUES,REC-LEGAL-LICENSE-ISSUES,LEGAL-LICENSE,BUSINESS,True,ARCHIVE_IF_REFERENCED,False,ACTIVE,1,MATRICIA_GOLD_MASTER_BASELINE
Q-DIAG-LEGAL-DEBT-RECOVERY-EXISTS,DIAG_SERVICE_EXISTS,LEGAL,LEGAL-DISPUTE,LEGAL-DEBT-RECOVERY,DIAGNOSTIC,Diagnostic par service,53,Disposez-vous actuellement d’un dispositif ou processus formalisé pour « Recouvrement amiable et juridique » ?,La réponse peut générer une recommandation liée au service « Recouvrement amiable et juridique ».,SINGLE_CHOICE,True,False,"[""YES"", ""PARTIAL"", ""NO"", ""UNKNOWN""]",{},{},diagnostic.legal_debt_recovery.exists,2,10,ANOM-LEGAL-DEBT-RECOVERY-EXISTS,RISK-LEGAL-DEBT-RECOVERY-EXISTS,REC-LEGAL-DEBT-RECOVERY-EXISTS,LEGAL-DEBT-RECOVERY,BUSINESS,True,ARCHIVE_IF_REFERENCED,False,ACTIVE,1,MATRICIA_GOLD_MASTER_BASELINE
Q-DIAG-LEGAL-DEBT-RECOVERY-PERFORMANCE,DIAG_SERVICE_PERFORMANCE,LEGAL,LEGAL-DISPUTE,LEGAL-DEBT-RECOVERY,DIAGNOSTIC,Diagnostic par service,54,Comment évaluez-vous la performance actuelle de « Recouvrement amiable et juridique » ?,La réponse peut générer une recommandation liée au service « Recouvrement amiable et juridique ».,RATING_5,True,False,[],{},{},diagnostic.legal_debt_recovery.performance,2,10,ANOM-LEGAL-DEBT-RECOVERY-PERFORMANCE,RISK-LEGAL-DEBT-RECOVERY-PERFORMANCE,REC-LEGAL-DEBT-RECOVERY-PERFORMANCE,LEGAL-DEBT-RECOVERY,BUSINESS,True,ARCHIVE_IF_REFERENCED,False,ACTIVE,1,MATRICIA_GOLD_MASTER_BASELINE
Q-DIAG-LEGAL-DEBT-RECOVERY-ISSUES,DIAG_SERVICE_ISSUES,LEGAL,LEGAL-DISPUTE,LEGAL-DEBT-RECOVERY,DIAGNOSTIC,Diagnostic par service,55,"Quels problèmes, retards, incidents ou insatisfactions rencontrez-vous concernant « Recouvrement amiable et juridique » ?",La réponse peut générer une recommandation liée au service « Recouvrement amiable et juridique ».,LONG_TEXT,False,False,[],{},{},diagnostic.legal_debt_recovery.issues,1,10,ANOM-LEGAL-DEBT-RECOVERY-ISSUES,RISK-LEGAL-DEBT-RECOVERY-ISSUES,REC-LEGAL-DEBT-RECOVERY-ISSUES,LEGAL-DEBT-RECOVERY,BUSINESS,True,ARCHIVE_IF_REFERENCED,False,ACTIVE,1,MATRICIA_GOLD_MASTER_BASELINE
Q-DIAG-LEGAL-PRE-LITIGATION-EXISTS,DIAG_SERVICE_EXISTS,LEGAL,LEGAL-DISPUTE,LEGAL-PRE-LITIGATION,DIAGNOSTIC,Diagnostic par service,56,Disposez-vous actuellement d’un dispositif ou processus formalisé pour « Mise en demeure et stratégie précontentieuse » ?,La réponse peut générer une recommandation liée au service « Mise en demeure et stratégie précontentieuse ».,SINGLE_CHOICE,True,False,"[""YES"", ""PARTIAL"", ""NO"", ""UNKNOWN""]",{},{},diagnostic.legal_pre_litigation.exists,2,10,ANOM-LEGAL-PRE-LITIGATION-EXISTS,RISK-LEGAL-PRE-LITIGATION-EXISTS,REC-LEGAL-PRE-LITIGATION-EXISTS,LEGAL-PRE-LITIGATION,BUSINESS,True,ARCHIVE_IF_REFERENCED,False,ACTIVE,1,MATRICIA_GOLD_MASTER_BASELINE
Q-DIAG-LEGAL-PRE-LITIGATION-PERFORMANCE,DIAG_SERVICE_PERFORMANCE,LEGAL,LEGAL-DISPUTE,LEGAL-PRE-LITIGATION,DIAGNOSTIC,Diagnostic par service,57,Comment évaluez-vous la performance actuelle de « Mise en demeure et stratégie précontentieuse » ?,La réponse peut générer une recommandation liée au service « Mise en demeure et stratégie précontentieuse ».,RATING_5,True,False,[],{},{},diagnostic.legal_pre_litigation.performance,2,10,ANOM-LEGAL-PRE-LITIGATION-PERFORMANCE,RISK-LEGAL-PRE-LITIGATION-PERFORMANCE,REC-LEGAL-PRE-LITIGATION-PERFORMANCE,LEGAL-PRE-LITIGATION,BUSINESS,True,ARCHIVE_IF_REFERENCED,False,ACTIVE,1,MATRICIA_GOLD_MASTER_BASELINE
Q-DIAG-LEGAL-PRE-LITIGATION-ISSUES,DIAG_SERVICE_ISSUES,LEGAL,LEGAL-DISPUTE,LEGAL-PRE-LITIGATION,DIAGNOSTIC,Diagnostic par service,58,"Quels problèmes, retards, incidents ou insatisfactions rencontrez-vous concernant « Mise en demeure et stratégie précontentieuse » ?",La réponse peut générer une recommandation liée au service « Mise en demeure et stratégie précontentieuse ».,LONG_TEXT,False,False,[],{},{},diagnostic.legal_pre_litigation.issues,1,10,ANOM-LEGAL-PRE-LITIGATION-ISSUES,RISK-LEGAL-PRE-LITIGATION-ISSUES,REC-LEGAL-PRE-LITIGATION-ISSUES,LEGAL-PRE-LITIGATION,BUSINESS,True,ARCHIVE_IF_REFERENCED,False,ACTIVE,1,MATRICIA_GOLD_MASTER_BASELINE
Q-DIAG-LEGAL-LITIGATION-EXISTS,DIAG_SERVICE_EXISTS,LEGAL,LEGAL-DISPUTE,LEGAL-LITIGATION,DIAGNOSTIC,Diagnostic par service,59,Disposez-vous actuellement d’un dispositif ou processus formalisé pour « Coordination et suivi d’un contentieux » ?,La réponse peut générer une recommandation liée au service « Coordination et suivi d’un contentieux ».,SINGLE_CHOICE,True,False,"[""YES"", ""PARTIAL"", ""NO"", ""UNKNOWN""]",{},{},diagnostic.legal_litigation.exists,2,10,ANOM-LEGAL-LITIGATION-EXISTS,RISK-LEGAL-LITIGATION-EXISTS,REC-LEGAL-LITIGATION-EXISTS,LEGAL-LITIGATION,BUSINESS,True,ARCHIVE_IF_REFERENCED,False,ACTIVE,1,MATRICIA_GOLD_MASTER_BASELINE
Q-DIAG-LEGAL-LITIGATION-PERFORMANCE,DIAG_SERVICE_PERFORMANCE,LEGAL,LEGAL-DISPUTE,LEGAL-LITIGATION,DIAGNOSTIC,Diagnostic par service,60,Comment évaluez-vous la performance actuelle de « Coordination et suivi d’un contentieux » ?,La réponse peut générer une recommandation liée au service « Coordination et suivi d’un contentieux ».,RATING_5,True,False,[],{},{},diagnostic.legal_litigation.performance,2,10,ANOM-LEGAL-LITIGATION-PERFORMANCE,RISK-LEGAL-LITIGATION-PERFORMANCE,REC-LEGAL-LITIGATION-PERFORMANCE,LEGAL-LITIGATION,BUSINESS,True,ARCHIVE_IF_REFERENCED,False,ACTIVE,1,MATRICIA_GOLD_MASTER_BASELINE
Q-DIAG-LEGAL-LITIGATION-ISSUES,DIAG_SERVICE_ISSUES,LEGAL,LEGAL-DISPUTE,LEGAL-LITIGATION,DIAGNOSTIC,Diagnostic par service,61,"Quels problèmes, retards, incidents ou insatisfactions rencontrez-vous concernant « Coordination et suivi d’un contentieux » ?",La réponse peut générer une recommandation liée au service « Coordination et suivi d’un contentieux ».,LONG_TEXT,False,False,[],{},{},diagnostic.legal_litigation.issues,1,10,ANOM-LEGAL-LITIGATION-ISSUES,RISK-LEGAL-LITIGATION-ISSUES,REC-LEGAL-LITIGATION-ISSUES,LEGAL-LITIGATION,BUSINESS,True,ARCHIVE_IF_REFERENCED,False,ACTIVE,1,MATRICIA_GOLD_MASTER_BASELINE
Q-DIAG-LEGAL-LEASE-EXISTS,DIAG_SERVICE_EXISTS,LEGAL,LEGAL-REAL,LEGAL-LEASE,DIAGNOSTIC,Diagnostic par service,62,Disposez-vous actuellement d’un dispositif ou processus formalisé pour « Rédaction ou revue de bail commercial » ?,La réponse peut générer une recommandation liée au service « Rédaction ou revue de bail commercial ».,SINGLE_CHOICE,True,False,"[""YES"", ""PARTIAL"", ""NO"", ""UNKNOWN""]",{},{},diagnostic.legal_lease.exists,2,10,ANOM-LEGAL-LEASE-EXISTS,RISK-LEGAL-LEASE-EXISTS,REC-LEGAL-LEASE-EXISTS,LEGAL-LEASE,BUSINESS,True,ARCHIVE_IF_REFERENCED,False,ACTIVE,1,MATRICIA_GOLD_MASTER_BASELINE
Q-DIAG-LEGAL-LEASE-PERFORMANCE,DIAG_SERVICE_PERFORMANCE,LEGAL,LEGAL-REAL,LEGAL-LEASE,DIAGNOSTIC,Diagnostic par service,63,Comment évaluez-vous la performance actuelle de « Rédaction ou revue de bail commercial » ?,La réponse peut générer une recommandation liée au service « Rédaction ou revue de bail commercial ».,RATING_5,True,False,[],{},{},diagnostic.legal_lease.performance,2,10,ANOM-LEGAL-LEASE-PERFORMANCE,RISK-LEGAL-LEASE-PERFORMANCE,REC-LEGAL-LEASE-PERFORMANCE,LEGAL-LEASE,BUSINESS,True,ARCHIVE_IF_REFERENCED,False,ACTIVE,1,MATRICIA_GOLD_MASTER_BASELINE
Q-DIAG-LEGAL-LEASE-ISSUES,DIAG_SERVICE_ISSUES,LEGAL,LEGAL-REAL,LEGAL-LEASE,DIAGNOSTIC,Diagnostic par service,64,"Quels problèmes, retards, incidents ou insatisfactions rencontrez-vous concernant « Rédaction ou revue de bail commercial » ?",La réponse peut générer une recommandation liée au service « Rédaction ou revue de bail commercial ».,LONG_TEXT,False,False,[],{},{},diagnostic.legal_lease.issues,1,10,ANOM-LEGAL-LEASE-ISSUES,RISK-LEGAL-LEASE-ISSUES,REC-LEGAL-LEASE-ISSUES,LEGAL-LEASE,BUSINESS,True,ARCHIVE_IF_REFERENCED,False,ACTIVE,1,MATRICIA_GOLD_MASTER_BASELINE
Q-DIAG-LEGAL-SHA-EXISTS,DIAG_SERVICE_EXISTS,LEGAL,LEGAL-TRANS,LEGAL-SHA,DIAGNOSTIC,Diagnostic par service,65,Disposez-vous actuellement d’un dispositif ou processus formalisé pour « Pacte d’associés ou convention de partenariat » ?,La réponse peut générer une recommandation liée au service « Pacte d’associés ou convention de partenariat ».,SINGLE_CHOICE,True,False,"[""YES"", ""PARTIAL"", ""NO"", ""UNKNOWN""]",{},{},diagnostic.legal_sha.exists,2,10,ANOM-LEGAL-SHA-EXISTS,RISK-LEGAL-SHA-EXISTS,REC-LEGAL-SHA-EXISTS,LEGAL-SHA,BUSINESS,True,ARCHIVE_IF_REFERENCED,False,ACTIVE,1,MATRICIA_GOLD_MASTER_BASELINE
Q-DIAG-LEGAL-SHA-PERFORMANCE,DIAG_SERVICE_PERFORMANCE,LEGAL,LEGAL-TRANS,LEGAL-SHA,DIAGNOSTIC,Diagnostic par service,66,Comment évaluez-vous la performance actuelle de « Pacte d’associés ou convention de partenariat » ?,La réponse peut générer une recommandation liée au service « Pacte d’associés ou convention de partenariat ».,RATING_5,True,False,[],{},{},diagnostic.legal_sha.performance,2,10,ANOM-LEGAL-SHA-PERFORMANCE,RISK-LEGAL-SHA-PERFORMANCE,REC-LEGAL-SHA-PERFORMANCE,LEGAL-SHA,BUSINESS,True,ARCHIVE_IF_REFERENCED,False,ACTIVE,1,MATRICIA_GOLD_MASTER_BASELINE
Q-DIAG-LEGAL-SHA-ISSUES,DIAG_SERVICE_ISSUES,LEGAL,LEGAL-TRANS,LEGAL-SHA,DIAGNOSTIC,Diagnostic par service,67,"Quels problèmes, retards, incidents ou insatisfactions rencontrez-vous concernant « Pacte d’associés ou convention de partenariat » ?",La réponse peut générer une recommandation liée au service « Pacte d’associés ou convention de partenariat ».,LONG_TEXT,False,False,[],{},{},diagnostic.legal_sha.issues,1,10,ANOM-LEGAL-SHA-ISSUES,RISK-LEGAL-SHA-ISSUES,REC-LEGAL-SHA-ISSUES,LEGAL-SHA,BUSINESS,True,ARCHIVE_IF_REFERENCED,False,ACTIVE,1,MATRICIA_GOLD_MASTER_BASELINE
Q-DIAG-LEGAL-FRANCHISE-EXISTS,DIAG_SERVICE_EXISTS,LEGAL,LEGAL-TRANS,LEGAL-FRANCHISE,DIAGNOSTIC,Diagnostic par service,68,Disposez-vous actuellement d’un dispositif ou processus formalisé pour « Contrat et structuration de franchise » ?,La réponse peut générer une recommandation liée au service « Contrat et structuration de franchise ».,SINGLE_CHOICE,True,False,"[""YES"", ""PARTIAL"", ""NO"", ""UNKNOWN""]",{},{},diagnostic.legal_franchise.exists,2,10,ANOM-LEGAL-FRANCHISE-EXISTS,RISK-LEGAL-FRANCHISE-EXISTS,REC-LEGAL-FRANCHISE-EXISTS,LEGAL-FRANCHISE,BUSINESS,True,ARCHIVE_IF_REFERENCED,False,ACTIVE,1,MATRICIA_GOLD_MASTER_BASELINE
Q-DIAG-LEGAL-FRANCHISE-PERFORMANCE,DIAG_SERVICE_PERFORMANCE,LEGAL,LEGAL-TRANS,LEGAL-FRANCHISE,DIAGNOSTIC,Diagnostic par service,69,Comment évaluez-vous la performance actuelle de « Contrat et structuration de franchise » ?,La réponse peut générer une recommandation liée au service « Contrat et structuration de franchise ».,RATING_5,True,False,[],{},{},diagnostic.legal_franchise.performance,2,10,ANOM-LEGAL-FRANCHISE-PERFORMANCE,RISK-LEGAL-FRANCHISE-PERFORMANCE,REC-LEGAL-FRANCHISE-PERFORMANCE,LEGAL-FRANCHISE,BUSINESS,True,ARCHIVE_IF_REFERENCED,False,ACTIVE,1,MATRICIA_GOLD_MASTER_BASELINE
Q-DIAG-LEGAL-FRANCHISE-ISSUES,DIAG_SERVICE_ISSUES,LEGAL,LEGAL-TRANS,LEGAL-FRANCHISE,DIAGNOSTIC,Diagnostic par service,70,"Quels problèmes, retards, incidents ou insatisfactions rencontrez-vous concernant « Contrat et structuration de franchise » ?",La réponse peut générer une recommandation liée au service « Contrat et structuration de franchise ».,LONG_TEXT,False,False,[],{},{},diagnostic.legal_franchise.issues,1,10,ANOM-LEGAL-FRANCHISE-ISSUES,RISK-LEGAL-FRANCHISE-ISSUES,REC-LEGAL-FRANCHISE-ISSUES,LEGAL-FRANCHISE,BUSINESS,True,ARCHIVE_IF_REFERENCED,False,ACTIVE,1,MATRICIA_GOLD_MASTER_BASELINE
Q-DIAG-HR-BASE-01,DIAG_COMMON_MATURITY,HR,,,DIAGNOSTIC,Diagnostic général,1,Quel est le niveau de formalisation actuel de vos pratiques dans la bibliothèque « Ressources humaines et formation » ?,Répondez selon la situation réelle de votre entreprise.,SINGLE_CHOICE,True,False,"[""INEXISTANT"", ""INFORMEL"", ""PARTIEL"", ""FORMALISE"", ""MESURE_ET_AMELIORE""]",{},{},diagnostic.hr.base_maturity,2,10,ANOM-HR-BASE-MATURITY,RISK-HR-BASE-MATURITY,REC-HR-BASE-MATURITY,,BUSINESS,True,ARCHIVE_IF_REFERENCED,False,ACTIVE,1,MATRICIA_GOLD_MASTER_BASELINE
Q-DIAG-HR-BASE-02,DIAG_COMMON_OWNER,HR,,,DIAGNOSTIC,Diagnostic général,2,Un responsable clairement identifié pilote-t-il ce domaine ?,Répondez selon la situation réelle de votre entreprise.,YES_NO,True,False,"[""YES"", ""NO"", ""UNKNOWN""]",{},{},diagnostic.hr.base_owner,1,10,ANOM-HR-BASE-OWNER,RISK-HR-BASE-OWNER,REC-HR-BASE-OWNER,,BUSINESS,True,ARCHIVE_IF_REFERENCED,False,ACTIVE,1,MATRICIA_GOLD_MASTER_BASELINE
Q-DIAG-HR-BASE-03,DIAG_COMMON_BUDGET,HR,,,DIAGNOSTIC,Diagnostic général,3,Un budget annuel est-il défini et suivi pour ce domaine ?,Répondez selon la situation réelle de votre entreprise.,YES_NO,True,False,"[""YES"", ""NO"", ""PARTIAL""]",{},{},diagnostic.hr.base_budget,1,10,ANOM-HR-BASE-BUDGET,RISK-HR-BASE-BUDGET,REC-HR-BASE-BUDGET,,BUSINESS,True,ARCHIVE_IF_REFERENCED,False,ACTIVE,1,MATRICIA_GOLD_MASTER_BASELINE
Q-DIAG-HR-BASE-04,DIAG_COMMON_KPI,HR,,,DIAGNOSTIC,Diagnostic général,4,Disposez-vous d’indicateurs réguliers pour mesurer la performance de ce domaine ?,Répondez selon la situation réelle de votre entreprise.,YES_NO,True,False,"[""YES"", ""NO"", ""PARTIAL""]",{},{},diagnostic.hr.base_kpi,1,10,ANOM-HR-BASE-KPI,RISK-HR-BASE-KPI,REC-HR-BASE-KPI,,BUSINESS,True,ARCHIVE_IF_REFERENCED,False,ACTIVE,1,MATRICIA_GOLD_MASTER_BASELINE
Q-DIAG-HR-BASE-05,DIAG_COMMON_RISKS,HR,,,DIAGNOSTIC,Diagnostic général,5,"Les risques majeurs de ce domaine sont-ils identifiés, évalués et suivis ?",Répondez selon la situation réelle de votre entreprise.,YES_NO,True,False,"[""YES"", ""NO"", ""PARTIAL""]",{},{},diagnostic.hr.base_risks,2,10,ANOM-HR-BASE-RISKS,RISK-HR-BASE-RISKS,REC-HR-BASE-RISKS,,BUSINESS,True,ARCHIVE_IF_REFERENCED,True,ACTIVE,1,MATRICIA_GOLD_MASTER_BASELINE
Q-DIAG-HR-BASE-06,DIAG_COMMON_DOCUMENTATION,HR,,,DIAGNOSTIC,Diagnostic général,6,"Les politiques, procédures et responsabilités sont-elles documentées et à jour ?",Répondez selon la situation réelle de votre entreprise.,YES_NO,True,False,"[""YES"", ""NO"", ""PARTIAL""]",{},{},diagnostic.hr.base_documentation,1,10,ANOM-HR-BASE-DOCUMENTATION,RISK-HR-BASE-DOCUMENTATION,REC-HR-BASE-DOCUMENTATION,,BUSINESS,True,ARCHIVE_IF_REFERENCED,False,ACTIVE,1,MATRICIA_GOLD_MASTER_BASELINE
Q-DIAG-HR-BASE-07,DIAG_COMMON_TOOLS,HR,,,DIAGNOSTIC,Diagnostic général,7,Les outils utilisés répondent-ils aux besoins et communiquent-ils correctement entre eux ?,Répondez selon la situation réelle de votre entreprise.,SINGLE_CHOICE,True,False,"[""YES"", ""PARTIAL"", ""NO"", ""UNKNOWN""]",{},{},diagnostic.hr.base_tools,1,10,ANOM-HR-BASE-TOOLS,RISK-HR-BASE-TOOLS,REC-HR-BASE-TOOLS,,BUSINESS,True,ARCHIVE_IF_REFERENCED,False,ACTIVE,1,MATRICIA_GOLD_MASTER_BASELINE
Q-DIAG-HR-BASE-08,DIAG_COMMON_SKILLS,HR,,,DIAGNOSTIC,Diagnostic général,8,Les équipes disposent-elles des compétences et ressources nécessaires ?,Répondez selon la situation réelle de votre entreprise.,SINGLE_CHOICE,True,False,"[""YES"", ""PARTIAL"", ""NO"", ""UNKNOWN""]",{},{},diagnostic.hr.base_skills,1,10,ANOM-HR-BASE-SKILLS,RISK-HR-BASE-SKILLS,REC-HR-BASE-SKILLS,,BUSINESS,True,ARCHIVE_IF_REFERENCED,False,ACTIVE,1,MATRICIA_GOLD_MASTER_BASELINE
Q-DIAG-HR-BASE-09,DIAG_COMMON_INCIDENTS,HR,,,DIAGNOSTIC,Diagnostic général,9,"Avez-vous connu des incidents, retards, pertes ou réclamations significatifs dans ce domaine au cours des 12 derniers mois ?",Répondez selon la situation réelle de votre entreprise.,YES_NO,True,False,"[""YES"", ""NO""]",{},{},diagnostic.hr.base_incidents,2,10,ANOM-HR-BASE-INCIDENTS,RISK-HR-BASE-INCIDENTS,REC-HR-BASE-INCIDENTS,,BUSINESS,True,ARCHIVE_IF_REFERENCED,False,ACTIVE,1,MATRICIA_GOLD_MASTER_BASELINE
Q-DIAG-HR-BASE-10,DIAG_COMMON_PRIORITY,HR,,,DIAGNOSTIC,Diagnostic général,10,Souhaitez-vous faire de ce domaine une priorité d’amélioration dans les 12 prochains mois ?,Répondez selon la situation réelle de votre entreprise.,SINGLE_CHOICE,True,False,"[""HIGH"", ""MEDIUM"", ""LOW"", ""NO""]",{},{},diagnostic.hr.base_priority,1,10,ANOM-HR-BASE-PRIORITY,RISK-HR-BASE-PRIORITY,REC-HR-BASE-PRIORITY,,BUSINESS,True,ARCHIVE_IF_REFERENCED,False,ACTIVE,1,MATRICIA_GOLD_MASTER_BASELINE
Q-DIAG-HR-AUDIT-EXISTS,DIAG_SERVICE_EXISTS,HR,HR-STRAT,HR-AUDIT,DIAGNOSTIC,Diagnostic par service,11,Disposez-vous actuellement d’un dispositif ou processus formalisé pour « Audit RH et plan d’action » ?,La réponse peut générer une recommandation liée au service « Audit RH et plan d’action ».,SINGLE_CHOICE,True,False,"[""YES"", ""PARTIAL"", ""NO"", ""UNKNOWN""]",{},{},diagnostic.hr_audit.exists,2,10,ANOM-HR-AUDIT-EXISTS,RISK-HR-AUDIT-EXISTS,REC-HR-AUDIT-EXISTS,HR-AUDIT,BUSINESS,True,ARCHIVE_IF_REFERENCED,False,ACTIVE,1,MATRICIA_GOLD_MASTER_BASELINE
Q-DIAG-HR-AUDIT-PERFORMANCE,DIAG_SERVICE_PERFORMANCE,HR,HR-STRAT,HR-AUDIT,DIAGNOSTIC,Diagnostic par service,12,Comment évaluez-vous la performance actuelle de « Audit RH et plan d’action » ?,La réponse peut générer une recommandation liée au service « Audit RH et plan d’action ».,RATING_5,True,False,[],{},{},diagnostic.hr_audit.performance,2,10,ANOM-HR-AUDIT-PERFORMANCE,RISK-HR-AUDIT-PERFORMANCE,REC-HR-AUDIT-PERFORMANCE,HR-AUDIT,BUSINESS,True,ARCHIVE_IF_REFERENCED,False,ACTIVE,1,MATRICIA_GOLD_MASTER_BASELINE
Q-DIAG-HR-AUDIT-ISSUES,DIAG_SERVICE_ISSUES,HR,HR-STRAT,HR-AUDIT,DIAGNOSTIC,Diagnostic par service,13,"Quels problèmes, retards, incidents ou insatisfactions rencontrez-vous concernant « Audit RH et plan d’action » ?",La réponse peut générer une recommandation liée au service « Audit RH et plan d’action ».,LONG_TEXT,False,False,[],{},{},diagnostic.hr_audit.issues,1,10,ANOM-HR-AUDIT-ISSUES,RISK-HR-AUDIT-ISSUES,REC-HR-AUDIT-ISSUES,HR-AUDIT,BUSINESS,True,ARCHIVE_IF_REFERENCED,False,ACTIVE,1,MATRICIA_GOLD_MASTER_BASELINE
Q-DIAG-HR-WORKFORCE-EXISTS,DIAG_SERVICE_EXISTS,HR,HR-STRAT,HR-WORKFORCE,DIAGNOSTIC,Diagnostic par service,14,Disposez-vous actuellement d’un dispositif ou processus formalisé pour « Planification des effectifs et emplois » ?,La réponse peut générer une recommandation liée au service « Planification des effectifs et emplois ».,SINGLE_CHOICE,True,False,"[""YES"", ""PARTIAL"", ""NO"", ""UNKNOWN""]",{},{},diagnostic.hr_workforce.exists,2,10,ANOM-HR-WORKFORCE-EXISTS,RISK-HR-WORKFORCE-EXISTS,REC-HR-WORKFORCE-EXISTS,HR-WORKFORCE,BUSINESS,True,ARCHIVE_IF_REFERENCED,False,ACTIVE,1,MATRICIA_GOLD_MASTER_BASELINE
Q-DIAG-HR-WORKFORCE-PERFORMANCE,DIAG_SERVICE_PERFORMANCE,HR,HR-STRAT,HR-WORKFORCE,DIAGNOSTIC,Diagnostic par service,15,Comment évaluez-vous la performance actuelle de « Planification des effectifs et emplois » ?,La réponse peut générer une recommandation liée au service « Planification des effectifs et emplois ».,RATING_5,True,False,[],{},{},diagnostic.hr_workforce.performance,2,10,ANOM-HR-WORKFORCE-PERFORMANCE,RISK-HR-WORKFORCE-PERFORMANCE,REC-HR-WORKFORCE-PERFORMANCE,HR-WORKFORCE,BUSINESS,True,ARCHIVE_IF_REFERENCED,False,ACTIVE,1,MATRICIA_GOLD_MASTER_BASELINE
Q-DIAG-HR-WORKFORCE-ISSUES,DIAG_SERVICE_ISSUES,HR,HR-STRAT,HR-WORKFORCE,DIAGNOSTIC,Diagnostic par service,16,"Quels problèmes, retards, incidents ou insatisfactions rencontrez-vous concernant « Planification des effectifs et emplois » ?",La réponse peut générer une recommandation liée au service « Planification des effectifs et emplois ».,LONG_TEXT,False,False,[],{},{},diagnostic.hr_workforce.issues,1,10,ANOM-HR-WORKFORCE-ISSUES,RISK-HR-WORKFORCE-ISSUES,REC-HR-WORKFORCE-ISSUES,HR-WORKFORCE,BUSINESS,True,ARCHIVE_IF_REFERENCED,False,ACTIVE,1,MATRICIA_GOLD_MASTER_BASELINE
Q-DIAG-HR-JOB-DESC-EXISTS,DIAG_SERVICE_EXISTS,HR,HR-STRAT,HR-JOB-DESC,DIAGNOSTIC,Diagnostic par service,17,Disposez-vous actuellement d’un dispositif ou processus formalisé pour « Fiches de poste et référentiel métiers » ?,La réponse peut générer une recommandation liée au service « Fiches de poste et référentiel métiers ».,SINGLE_CHOICE,True,False,"[""YES"", ""PARTIAL"", ""NO"", ""UNKNOWN""]",{},{},diagnostic.hr_job_desc.exists,2,10,ANOM-HR-JOB-DESC-EXISTS,RISK-HR-JOB-DESC-EXISTS,REC-HR-JOB-DESC-EXISTS,HR-JOB-DESC,BUSINESS,True,ARCHIVE_IF_REFERENCED,False,ACTIVE,1,MATRICIA_GOLD_MASTER_BASELINE
Q-DIAG-HR-JOB-DESC-PERFORMANCE,DIAG_SERVICE_PERFORMANCE,HR,HR-STRAT,HR-JOB-DESC,DIAGNOSTIC,Diagnostic par service,18,Comment évaluez-vous la performance actuelle de « Fiches de poste et référentiel métiers » ?,La réponse peut générer une recommandation liée au service « Fiches de poste et référentiel métiers ».,RATING_5,True,False,[],{},{},diagnostic.hr_job_desc.performance,2,10,ANOM-HR-JOB-DESC-PERFORMANCE,RISK-HR-JOB-DESC-PERFORMANCE,REC-HR-JOB-DESC-PERFORMANCE,HR-JOB-DESC,BUSINESS,True,ARCHIVE_IF_REFERENCED,False,ACTIVE,1,MATRICIA_GOLD_MASTER_BASELINE
Q-DIAG-HR-JOB-DESC-ISSUES,DIAG_SERVICE_ISSUES,HR,HR-STRAT,HR-JOB-DESC,DIAGNOSTIC,Diagnostic par service,19,"Quels problèmes, retards, incidents ou insatisfactions rencontrez-vous concernant « Fiches de poste et référentiel métiers » ?",La réponse peut générer une recommandation liée au service « Fiches de poste et référentiel métiers ».,LONG_TEXT,False,False,[],{},{},diagnostic.hr_job_desc.issues,1,10,ANOM-HR-JOB-DESC-ISSUES,RISK-HR-JOB-DESC-ISSUES,REC-HR-JOB-DESC-ISSUES,HR-JOB-DESC,BUSINESS,True,ARCHIVE_IF_REFERENCED,False,ACTIVE,1,MATRICIA_GOLD_MASTER_BASELINE
Q-DIAG-HR-RECRUIT-EXISTS,DIAG_SERVICE_EXISTS,HR,HR-REC,HR-RECRUIT,DIAGNOSTIC,Diagnostic par service,20,Disposez-vous actuellement d’un dispositif ou processus formalisé pour « Recrutement de profils » ?,La réponse peut générer une recommandation liée au service « Recrutement de profils ».,SINGLE_CHOICE,True,False,"[""YES"", ""PARTIAL"", ""NO"", ""UNKNOWN""]",{},{},diagnostic.hr_recruit.exists,2,10,ANOM-HR-RECRUIT-EXISTS,RISK-HR-RECRUIT-EXISTS,REC-HR-RECRUIT-EXISTS,HR-RECRUIT,BUSINESS,True,ARCHIVE_IF_REFERENCED,False,ACTIVE,1,MATRICIA_GOLD_MASTER_BASELINE
Q-DIAG-HR-RECRUIT-PERFORMANCE,DIAG_SERVICE_PERFORMANCE,HR,HR-REC,HR-RECRUIT,DIAGNOSTIC,Diagnostic par service,21,Comment évaluez-vous la performance actuelle de « Recrutement de profils » ?,La réponse peut générer une recommandation liée au service « Recrutement de profils ».,RATING_5,True,False,[],{},{},diagnostic.hr_recruit.performance,2,10,ANOM-HR-RECRUIT-PERFORMANCE,RISK-HR-RECRUIT-PERFORMANCE,REC-HR-RECRUIT-PERFORMANCE,HR-RECRUIT,BUSINESS,True,ARCHIVE_IF_REFERENCED,False,ACTIVE,1,MATRICIA_GOLD_MASTER_BASELINE
Q-DIAG-HR-RECRUIT-ISSUES,DIAG_SERVICE_ISSUES,HR,HR-REC,HR-RECRUIT,DIAGNOSTIC,Diagnostic par service,22,"Quels problèmes, retards, incidents ou insatisfactions rencontrez-vous concernant « Recrutement de profils » ?",La réponse peut générer une recommandation liée au service « Recrutement de profils ».,LONG_TEXT,False,False,[],{},{},diagnostic.hr_recruit.issues,1,10,ANOM-HR-RECRUIT-ISSUES,RISK-HR-RECRUIT-ISSUES,REC-HR-RECRUIT-ISSUES,HR-RECRUIT,BUSINESS,True,ARCHIVE_IF_REFERENCED,False,ACTIVE,1,MATRICIA_GOLD_MASTER_BASELINE
Q-DIAG-HR-EXEC-SEARCH-EXISTS,DIAG_SERVICE_EXISTS,HR,HR-REC,HR-EXEC-SEARCH,DIAGNOSTIC,Diagnostic par service,23,Disposez-vous actuellement d’un dispositif ou processus formalisé pour « Chasse de cadres et dirigeants » ?,La réponse peut générer une recommandation liée au service « Chasse de cadres et dirigeants ».,SINGLE_CHOICE,True,False,"[""YES"", ""PARTIAL"", ""NO"", ""UNKNOWN""]",{},{},diagnostic.hr_exec_search.exists,2,10,ANOM-HR-EXEC-SEARCH-EXISTS,RISK-HR-EXEC-SEARCH-EXISTS,REC-HR-EXEC-SEARCH-EXISTS,HR-EXEC-SEARCH,BUSINESS,True,ARCHIVE_IF_REFERENCED,False,ACTIVE,1,MATRICIA_GOLD_MASTER_BASELINE
Q-DIAG-HR-EXEC-SEARCH-PERFORMANCE,DIAG_SERVICE_PERFORMANCE,HR,HR-REC,HR-EXEC-SEARCH,DIAGNOSTIC,Diagnostic par service,24,Comment évaluez-vous la performance actuelle de « Chasse de cadres et dirigeants » ?,La réponse peut générer une recommandation liée au service « Chasse de cadres et dirigeants ».,RATING_5,True,False,[],{},{},diagnostic.hr_exec_search.performance,2,10,ANOM-HR-EXEC-SEARCH-PERFORMANCE,RISK-HR-EXEC-SEARCH-PERFORMANCE,REC-HR-EXEC-SEARCH-PERFORMANCE,HR-EXEC-SEARCH,BUSINESS,True,ARCHIVE_IF_REFERENCED,False,ACTIVE,1,MATRICIA_GOLD_MASTER_BASELINE
Q-DIAG-HR-EXEC-SEARCH-ISSUES,DIAG_SERVICE_ISSUES,HR,HR-REC,HR-EXEC-SEARCH,DIAGNOSTIC,Diagnostic par service,25,"Quels problèmes, retards, incidents ou insatisfactions rencontrez-vous concernant « Chasse de cadres et dirigeants » ?",La réponse peut générer une recommandation liée au service « Chasse de cadres et dirigeants ».,LONG_TEXT,False,False,[],{},{},diagnostic.hr_exec_search.issues,1,10,ANOM-HR-EXEC-SEARCH-ISSUES,RISK-HR-EXEC-SEARCH-ISSUES,REC-HR-EXEC-SEARCH-ISSUES,HR-EXEC-SEARCH,BUSINESS,True,ARCHIVE_IF_REFERENCED,False,ACTIVE,1,MATRICIA_GOLD_MASTER_BASELINE
Q-DIAG-HR-ONBOARD-EXISTS,DIAG_SERVICE_EXISTS,HR,HR-REC,HR-ONBOARD,DIAGNOSTIC,Diagnostic par service,26,Disposez-vous actuellement d’un dispositif ou processus formalisé pour « Parcours d’intégration des nouveaux salariés » ?,La réponse peut générer une recommandation liée au service « Parcours d’intégration des nouveaux salariés ».,SINGLE_CHOICE,True,False,"[""YES"", ""PARTIAL"", ""NO"", ""UNKNOWN""]",{},{},diagnostic.hr_onboard.exists,2,10,ANOM-HR-ONBOARD-EXISTS,RISK-HR-ONBOARD-EXISTS,REC-HR-ONBOARD-EXISTS,HR-ONBOARD,BUSINESS,True,ARCHIVE_IF_REFERENCED,False,ACTIVE,1,MATRICIA_GOLD_MASTER_BASELINE
Q-DIAG-HR-ONBOARD-PERFORMANCE,DIAG_SERVICE_PERFORMANCE,HR,HR-REC,HR-ONBOARD,DIAGNOSTIC,Diagnostic par service,27,Comment évaluez-vous la performance actuelle de « Parcours d’intégration des nouveaux salariés » ?,La réponse peut générer une recommandation liée au service « Parcours d’intégration des nouveaux salariés ».,RATING_5,True,False,[],{},{},diagnostic.hr_onboard.performance,2,10,ANOM-HR-ONBOARD-PERFORMANCE,RISK-HR-ONBOARD-PERFORMANCE,REC-HR-ONBOARD-PERFORMANCE,HR-ONBOARD,BUSINESS,True,ARCHIVE_IF_REFERENCED,False,ACTIVE,1,MATRICIA_GOLD_MASTER_BASELINE
Q-DIAG-HR-ONBOARD-ISSUES,DIAG_SERVICE_ISSUES,HR,HR-REC,HR-ONBOARD,DIAGNOSTIC,Diagnostic par service,28,"Quels problèmes, retards, incidents ou insatisfactions rencontrez-vous concernant « Parcours d’intégration des nouveaux salariés » ?",La réponse peut générer une recommandation liée au service « Parcours d’intégration des nouveaux salariés ».,LONG_TEXT,False,False,[],{},{},diagnostic.hr_onboard.issues,1,10,ANOM-HR-ONBOARD-ISSUES,RISK-HR-ONBOARD-ISSUES,REC-HR-ONBOARD-ISSUES,HR-ONBOARD,BUSINESS,True,ARCHIVE_IF_REFERENCED,False,ACTIVE,1,MATRICIA_GOLD_MASTER_BASELINE
Q-DIAG-HR-PERFORMANCE-EXISTS,DIAG_SERVICE_EXISTS,HR,HR-PERF,HR-PERFORMANCE,DIAGNOSTIC,Diagnostic par service,29,Disposez-vous actuellement d’un dispositif ou processus formalisé pour « Système d’évaluation de la performance » ?,La réponse peut générer une recommandation liée au service « Système d’évaluation de la performance ».,SINGLE_CHOICE,True,False,"[""YES"", ""PARTIAL"", ""NO"", ""UNKNOWN""]",{},{},diagnostic.hr_performance.exists,2,10,ANOM-HR-PERFORMANCE-EXISTS,RISK-HR-PERFORMANCE-EXISTS,REC-HR-PERFORMANCE-EXISTS,HR-PERFORMANCE,BUSINESS,True,ARCHIVE_IF_REFERENCED,False,ACTIVE,1,MATRICIA_GOLD_MASTER_BASELINE
Q-DIAG-HR-PERFORMANCE-PERFORMANCE,DIAG_SERVICE_PERFORMANCE,HR,HR-PERF,HR-PERFORMANCE,DIAGNOSTIC,Diagnostic par service,30,Comment évaluez-vous la performance actuelle de « Système d’évaluation de la performance » ?,La réponse peut générer une recommandation liée au service « Système d’évaluation de la performance ».,RATING_5,True,False,[],{},{},diagnostic.hr_performance.performance,2,10,ANOM-HR-PERFORMANCE-PERFORMANCE,RISK-HR-PERFORMANCE-PERFORMANCE,REC-HR-PERFORMANCE-PERFORMANCE,HR-PERFORMANCE,BUSINESS,True,ARCHIVE_IF_REFERENCED,False,ACTIVE,1,MATRICIA_GOLD_MASTER_BASELINE
Q-DIAG-HR-PERFORMANCE-ISSUES,DIAG_SERVICE_ISSUES,HR,HR-PERF,HR-PERFORMANCE,DIAGNOSTIC,Diagnostic par service,31,"Quels problèmes, retards, incidents ou insatisfactions rencontrez-vous concernant « Système d’évaluation de la performance » ?",La réponse peut générer une recommandation liée au service « Système d’évaluation de la performance ».,LONG_TEXT,False,False,[],{},{},diagnostic.hr_performance.issues,1,10,ANOM-HR-PERFORMANCE-ISSUES,RISK-HR-PERFORMANCE-ISSUES,REC-HR-PERFORMANCE-ISSUES,HR-PERFORMANCE,BUSINESS,True,ARCHIVE_IF_REFERENCED,False,ACTIVE,1,MATRICIA_GOLD_MASTER_BASELINE
Q-DIAG-HR-COMPETENCY-EXISTS,DIAG_SERVICE_EXISTS,HR,HR-PERF,HR-COMPETENCY,DIAGNOSTIC,Diagnostic par service,32,Disposez-vous actuellement d’un dispositif ou processus formalisé pour « Référentiel de compétences et gestion des carrières » ?,La réponse peut générer une recommandation liée au service « Référentiel de compétences et gestion des carrières ».,SINGLE_CHOICE,True,False,"[""YES"", ""PARTIAL"", ""NO"", ""UNKNOWN""]",{},{},diagnostic.hr_competency.exists,2,10,ANOM-HR-COMPETENCY-EXISTS,RISK-HR-COMPETENCY-EXISTS,REC-HR-COMPETENCY-EXISTS,HR-COMPETENCY,BUSINESS,True,ARCHIVE_IF_REFERENCED,False,ACTIVE,1,MATRICIA_GOLD_MASTER_BASELINE
Q-DIAG-HR-COMPETENCY-PERFORMANCE,DIAG_SERVICE_PERFORMANCE,HR,HR-PERF,HR-COMPETENCY,DIAGNOSTIC,Diagnostic par service,33,Comment évaluez-vous la performance actuelle de « Référentiel de compétences et gestion des carrières » ?,La réponse peut générer une recommandation liée au service « Référentiel de compétences et gestion des carrières ».,RATING_5,True,False,[],{},{},diagnostic.hr_competency.performance,2,10,ANOM-HR-COMPETENCY-PERFORMANCE,RISK-HR-COMPETENCY-PERFORMANCE,REC-HR-COMPETENCY-PERFORMANCE,HR-COMPETENCY,BUSINESS,True,ARCHIVE_IF_REFERENCED,False,ACTIVE,1,MATRICIA_GOLD_MASTER_BASELINE
Q-DIAG-HR-COMPETENCY-ISSUES,DIAG_SERVICE_ISSUES,HR,HR-PERF,HR-COMPETENCY,DIAGNOSTIC,Diagnostic par service,34,"Quels problèmes, retards, incidents ou insatisfactions rencontrez-vous concernant « Référentiel de compétences et gestion des carrières » ?",La réponse peut générer une recommandation liée au service « Référentiel de compétences et gestion des carrières ».,LONG_TEXT,False,False,[],{},{},diagnostic.hr_competency.issues,1,10,ANOM-HR-COMPETENCY-ISSUES,RISK-HR-COMPETENCY-ISSUES,REC-HR-COMPETENCY-ISSUES,HR-COMPETENCY,BUSINESS,True,ARCHIVE_IF_REFERENCED,False,ACTIVE,1,MATRICIA_GOLD_MASTER_BASELINE
Q-DIAG-HR-SUCCESSION-EXISTS,DIAG_SERVICE_EXISTS,HR,HR-PERF,HR-SUCCESSION,DIAGNOSTIC,Diagnostic par service,35,Disposez-vous actuellement d’un dispositif ou processus formalisé pour « Plans de succession et hauts potentiels » ?,La réponse peut générer une recommandation liée au service « Plans de succession et hauts potentiels ».,SINGLE_CHOICE,True,False,"[""YES"", ""PARTIAL"", ""NO"", ""UNKNOWN""]",{},{},diagnostic.hr_succession.exists,2,10,ANOM-HR-SUCCESSION-EXISTS,RISK-HR-SUCCESSION-EXISTS,REC-HR-SUCCESSION-EXISTS,HR-SUCCESSION,BUSINESS,True,ARCHIVE_IF_REFERENCED,False,ACTIVE,1,MATRICIA_GOLD_MASTER_BASELINE
Q-DIAG-HR-SUCCESSION-PERFORMANCE,DIAG_SERVICE_PERFORMANCE,HR,HR-PERF,HR-SUCCESSION,DIAGNOSTIC,Diagnostic par service,36,Comment évaluez-vous la performance actuelle de « Plans de succession et hauts potentiels » ?,La réponse peut générer une recommandation liée au service « Plans de succession et hauts potentiels ».,RATING_5,True,False,[],{},{},diagnostic.hr_succession.performance,2,10,ANOM-HR-SUCCESSION-PERFORMANCE,RISK-HR-SUCCESSION-PERFORMANCE,REC-HR-SUCCESSION-PERFORMANCE,HR-SUCCESSION,BUSINESS,True,ARCHIVE_IF_REFERENCED,False,ACTIVE,1,MATRICIA_GOLD_MASTER_BASELINE
Q-DIAG-HR-SUCCESSION-ISSUES,DIAG_SERVICE_ISSUES,HR,HR-PERF,HR-SUCCESSION,DIAGNOSTIC,Diagnostic par service,37,"Quels problèmes, retards, incidents ou insatisfactions rencontrez-vous concernant « Plans de succession et hauts potentiels » ?",La réponse peut générer une recommandation liée au service « Plans de succession et hauts potentiels ».,LONG_TEXT,False,False,[],{},{},diagnostic.hr_succession.issues,1,10,ANOM-HR-SUCCESSION-ISSUES,RISK-HR-SUCCESSION-ISSUES,REC-HR-SUCCESSION-ISSUES,HR-SUCCESSION,BUSINESS,True,ARCHIVE_IF_REFERENCED,False,ACTIVE,1,MATRICIA_GOLD_MASTER_BASELINE
Q-DIAG-HR-COMP-BEN-EXISTS,DIAG_SERVICE_EXISTS,HR,HR-COMP,HR-COMP-BEN,DIAGNOSTIC,Diagnostic par service,38,Disposez-vous actuellement d’un dispositif ou processus formalisé pour « Politique de rémunération et avantages » ?,La réponse peut générer une recommandation liée au service « Politique de rémunération et avantages ».,SINGLE_CHOICE,True,False,"[""YES"", ""PARTIAL"", ""NO"", ""UNKNOWN""]",{},{},diagnostic.hr_comp_ben.exists,2,10,ANOM-HR-COMP-BEN-EXISTS,RISK-HR-COMP-BEN-EXISTS,REC-HR-COMP-BEN-EXISTS,HR-COMP-BEN,BUSINESS,True,ARCHIVE_IF_REFERENCED,False,ACTIVE,1,MATRICIA_GOLD_MASTER_BASELINE
Q-DIAG-HR-COMP-BEN-PERFORMANCE,DIAG_SERVICE_PERFORMANCE,HR,HR-COMP,HR-COMP-BEN,DIAGNOSTIC,Diagnostic par service,39,Comment évaluez-vous la performance actuelle de « Politique de rémunération et avantages » ?,La réponse peut générer une recommandation liée au service « Politique de rémunération et avantages ».,RATING_5,True,False,[],{},{},diagnostic.hr_comp_ben.performance,2,10,ANOM-HR-COMP-BEN-PERFORMANCE,RISK-HR-COMP-BEN-PERFORMANCE,REC-HR-COMP-BEN-PERFORMANCE,HR-COMP-BEN,BUSINESS,True,ARCHIVE_IF_REFERENCED,False,ACTIVE,1,MATRICIA_GOLD_MASTER_BASELINE
Q-DIAG-HR-COMP-BEN-ISSUES,DIAG_SERVICE_ISSUES,HR,HR-COMP,HR-COMP-BEN,DIAGNOSTIC,Diagnostic par service,40,"Quels problèmes, retards, incidents ou insatisfactions rencontrez-vous concernant « Politique de rémunération et avantages » ?",La réponse peut générer une recommandation liée au service « Politique de rémunération et avantages ».,LONG_TEXT,False,False,[],{},{},diagnostic.hr_comp_ben.issues,1,10,ANOM-HR-COMP-BEN-ISSUES,RISK-HR-COMP-BEN-ISSUES,REC-HR-COMP-BEN-ISSUES,HR-COMP-BEN,BUSINESS,True,ARCHIVE_IF_REFERENCED,False,ACTIVE,1,MATRICIA_GOLD_MASTER_BASELINE
Q-DIAG-HR-PAYROLL-EXISTS,DIAG_SERVICE_EXISTS,HR,HR-COMP,HR-PAYROLL,DIAGNOSTIC,Diagnostic par service,41,Disposez-vous actuellement d’un dispositif ou processus formalisé pour « Externalisation ou sécurisation de la paie » ?,La réponse peut générer une recommandation liée au service « Externalisation ou sécurisation de la paie ».,SINGLE_CHOICE,True,False,"[""YES"", ""PARTIAL"", ""NO"", ""UNKNOWN""]",{},{},diagnostic.hr_payroll.exists,2,10,ANOM-HR-PAYROLL-EXISTS,RISK-HR-PAYROLL-EXISTS,REC-HR-PAYROLL-EXISTS,HR-PAYROLL,BUSINESS,True,ARCHIVE_IF_REFERENCED,False,ACTIVE,1,MATRICIA_GOLD_MASTER_BASELINE
Q-DIAG-HR-PAYROLL-PERFORMANCE,DIAG_SERVICE_PERFORMANCE,HR,HR-COMP,HR-PAYROLL,DIAGNOSTIC,Diagnostic par service,42,Comment évaluez-vous la performance actuelle de « Externalisation ou sécurisation de la paie » ?,La réponse peut générer une recommandation liée au service « Externalisation ou sécurisation de la paie ».,RATING_5,True,False,[],{},{},diagnostic.hr_payroll.performance,2,10,ANOM-HR-PAYROLL-PERFORMANCE,RISK-HR-PAYROLL-PERFORMANCE,REC-HR-PAYROLL-PERFORMANCE,HR-PAYROLL,BUSINESS,True,ARCHIVE_IF_REFERENCED,False,ACTIVE,1,MATRICIA_GOLD_MASTER_BASELINE
Q-DIAG-HR-PAYROLL-ISSUES,DIAG_SERVICE_ISSUES,HR,HR-COMP,HR-PAYROLL,DIAGNOSTIC,Diagnostic par service,43,"Quels problèmes, retards, incidents ou insatisfactions rencontrez-vous concernant « Externalisation ou sécurisation de la paie » ?",La réponse peut générer une recommandation liée au service « Externalisation ou sécurisation de la paie ».,LONG_TEXT,False,False,[],{},{},diagnostic.hr_payroll.issues,1,10,ANOM-HR-PAYROLL-ISSUES,RISK-HR-PAYROLL-ISSUES,REC-HR-PAYROLL-ISSUES,HR-PAYROLL,BUSINESS,True,ARCHIVE_IF_REFERENCED,False,ACTIVE,1,MATRICIA_GOLD_MASTER_BASELINE
Q-DIAG-HR-ADMIN-EXISTS,DIAG_SERVICE_EXISTS,HR,HR-ADMIN,HR-ADMIN,DIAGNOSTIC,Diagnostic par service,44,Disposez-vous actuellement d’un dispositif ou processus formalisé pour « Administration du personnel externalisée » ?,La réponse peut générer une recommandation liée au service « Administration du personnel externalisée ».,SINGLE_CHOICE,True,False,"[""YES"", ""PARTIAL"", ""NO"", ""UNKNOWN""]",{},{},diagnostic.hr_admin.exists,2,10,ANOM-HR-ADMIN-EXISTS,RISK-HR-ADMIN-EXISTS,REC-HR-ADMIN-EXISTS,HR-ADMIN,BUSINESS,True,ARCHIVE_IF_REFERENCED,False,ACTIVE,1,MATRICIA_GOLD_MASTER_BASELINE
Q-DIAG-HR-ADMIN-PERFORMANCE,DIAG_SERVICE_PERFORMANCE,HR,HR-ADMIN,HR-ADMIN,DIAGNOSTIC,Diagnostic par service,45,Comment évaluez-vous la performance actuelle de « Administration du personnel externalisée » ?,La réponse peut générer une recommandation liée au service « Administration du personnel externalisée ».,RATING_5,True,False,[],{},{},diagnostic.hr_admin.performance,2,10,ANOM-HR-ADMIN-PERFORMANCE,RISK-HR-ADMIN-PERFORMANCE,REC-HR-ADMIN-PERFORMANCE,HR-ADMIN,BUSINESS,True,ARCHIVE_IF_REFERENCED,False,ACTIVE,1,MATRICIA_GOLD_MASTER_BASELINE
Q-DIAG-HR-ADMIN-ISSUES,DIAG_SERVICE_ISSUES,HR,HR-ADMIN,HR-ADMIN,DIAGNOSTIC,Diagnostic par service,46,"Quels problèmes, retards, incidents ou insatisfactions rencontrez-vous concernant « Administration du personnel externalisée » ?",La réponse peut générer une recommandation liée au service « Administration du personnel externalisée ».,LONG_TEXT,False,False,[],{},{},diagnostic.hr_admin.issues,1,10,ANOM-HR-ADMIN-ISSUES,RISK-HR-ADMIN-ISSUES,REC-HR-ADMIN-ISSUES,HR-ADMIN,BUSINESS,True,ARCHIVE_IF_REFERENCED,False,ACTIVE,1,MATRICIA_GOLD_MASTER_BASELINE
Q-DIAG-HR-TIME-EXISTS,DIAG_SERVICE_EXISTS,HR,HR-ADMIN,HR-TIME,DIAGNOSTIC,Diagnostic par service,47,"Disposez-vous actuellement d’un dispositif ou processus formalisé pour « Gestion du temps, absences et planning » ?","La réponse peut générer une recommandation liée au service « Gestion du temps, absences et planning ».",SINGLE_CHOICE,True,False,"[""YES"", ""PARTIAL"", ""NO"", ""UNKNOWN""]",{},{},diagnostic.hr_time.exists,2,10,ANOM-HR-TIME-EXISTS,RISK-HR-TIME-EXISTS,REC-HR-TIME-EXISTS,HR-TIME,BUSINESS,True,ARCHIVE_IF_REFERENCED,False,ACTIVE,1,MATRICIA_GOLD_MASTER_BASELINE
Q-DIAG-HR-TIME-PERFORMANCE,DIAG_SERVICE_PERFORMANCE,HR,HR-ADMIN,HR-TIME,DIAGNOSTIC,Diagnostic par service,48,"Comment évaluez-vous la performance actuelle de « Gestion du temps, absences et planning » ?","La réponse peut générer une recommandation liée au service « Gestion du temps, absences et planning ».",RATING_5,True,False,[],{},{},diagnostic.hr_time.performance,2,10,ANOM-HR-TIME-PERFORMANCE,RISK-HR-TIME-PERFORMANCE,REC-HR-TIME-PERFORMANCE,HR-TIME,BUSINESS,True,ARCHIVE_IF_REFERENCED,False,ACTIVE,1,MATRICIA_GOLD_MASTER_BASELINE
Q-DIAG-HR-TIME-ISSUES,DIAG_SERVICE_ISSUES,HR,HR-ADMIN,HR-TIME,DIAGNOSTIC,Diagnostic par service,49,"Quels problèmes, retards, incidents ou insatisfactions rencontrez-vous concernant « Gestion du temps, absences et planning » ?","La réponse peut générer une recommandation liée au service « Gestion du temps, absences et planning ».",LONG_TEXT,False,False,[],{},{},diagnostic.hr_time.issues,1,10,ANOM-HR-TIME-ISSUES,RISK-HR-TIME-ISSUES,REC-HR-TIME-ISSUES,HR-TIME,BUSINESS,True,ARCHIVE_IF_REFERENCED,False,ACTIVE,1,MATRICIA_GOLD_MASTER_BASELINE
Q-DIAG-HR-TRAIN-NEEDS-EXISTS,DIAG_SERVICE_EXISTS,HR,HR-TRAIN,HR-TRAIN-NEEDS,DIAGNOSTIC,Diagnostic par service,50,Disposez-vous actuellement d’un dispositif ou processus formalisé pour « Analyse des besoins de formation » ?,La réponse peut générer une recommandation liée au service « Analyse des besoins de formation ».,SINGLE_CHOICE,True,False,"[""YES"", ""PARTIAL"", ""NO"", ""UNKNOWN""]",{},{},diagnostic.hr_train_needs.exists,2,10,ANOM-HR-TRAIN-NEEDS-EXISTS,RISK-HR-TRAIN-NEEDS-EXISTS,REC-HR-TRAIN-NEEDS-EXISTS,HR-TRAIN-NEEDS,BUSINESS,True,ARCHIVE_IF_REFERENCED,False,ACTIVE,1,MATRICIA_GOLD_MASTER_BASELINE
Q-DIAG-HR-TRAIN-NEEDS-PERFORMANCE,DIAG_SERVICE_PERFORMANCE,HR,HR-TRAIN,HR-TRAIN-NEEDS,DIAGNOSTIC,Diagnostic par service,51,Comment évaluez-vous la performance actuelle de « Analyse des besoins de formation » ?,La réponse peut générer une recommandation liée au service « Analyse des besoins de formation ».,RATING_5,True,False,[],{},{},diagnostic.hr_train_needs.performance,2,10,ANOM-HR-TRAIN-NEEDS-PERFORMANCE,RISK-HR-TRAIN-NEEDS-PERFORMANCE,REC-HR-TRAIN-NEEDS-PERFORMANCE,HR-TRAIN-NEEDS,BUSINESS,True,ARCHIVE_IF_REFERENCED,False,ACTIVE,1,MATRICIA_GOLD_MASTER_BASELINE
Q-DIAG-HR-TRAIN-NEEDS-ISSUES,DIAG_SERVICE_ISSUES,HR,HR-TRAIN,HR-TRAIN-NEEDS,DIAGNOSTIC,Diagnostic par service,52,"Quels problèmes, retards, incidents ou insatisfactions rencontrez-vous concernant « Analyse des besoins de formation » ?",La réponse peut générer une recommandation liée au service « Analyse des besoins de formation ».,LONG_TEXT,False,False,[],{},{},diagnostic.hr_train_needs.issues,1,10,ANOM-HR-TRAIN-NEEDS-ISSUES,RISK-HR-TRAIN-NEEDS-ISSUES,REC-HR-TRAIN-NEEDS-ISSUES,HR-TRAIN-NEEDS,BUSINESS,True,ARCHIVE_IF_REFERENCED,False,ACTIVE,1,MATRICIA_GOLD_MASTER_BASELINE
Q-DIAG-HR-TRAIN-DELIVERY-EXISTS,DIAG_SERVICE_EXISTS,HR,HR-TRAIN,HR-TRAIN-DELIVERY,DIAGNOSTIC,Diagnostic par service,53,Disposez-vous actuellement d’un dispositif ou processus formalisé pour « Conception et animation de formation » ?,La réponse peut générer une recommandation liée au service « Conception et animation de formation ».,SINGLE_CHOICE,True,False,"[""YES"", ""PARTIAL"", ""NO"", ""UNKNOWN""]",{},{},diagnostic.hr_train_delivery.exists,2,10,ANOM-HR-TRAIN-DELIVERY-EXISTS,RISK-HR-TRAIN-DELIVERY-EXISTS,REC-HR-TRAIN-DELIVERY-EXISTS,HR-TRAIN-DELIVERY,BUSINESS,True,ARCHIVE_IF_REFERENCED,False,ACTIVE,1,MATRICIA_GOLD_MASTER_BASELINE
Q-DIAG-HR-TRAIN-DELIVERY-PERFORMANCE,DIAG_SERVICE_PERFORMANCE,HR,HR-TRAIN,HR-TRAIN-DELIVERY,DIAGNOSTIC,Diagnostic par service,54,Comment évaluez-vous la performance actuelle de « Conception et animation de formation » ?,La réponse peut générer une recommandation liée au service « Conception et animation de formation ».,RATING_5,True,False,[],{},{},diagnostic.hr_train_delivery.performance,2,10,ANOM-HR-TRAIN-DELIVERY-PERFORMANCE,RISK-HR-TRAIN-DELIVERY-PERFORMANCE,REC-HR-TRAIN-DELIVERY-PERFORMANCE,HR-TRAIN-DELIVERY,BUSINESS,True,ARCHIVE_IF_REFERENCED,False,ACTIVE,1,MATRICIA_GOLD_MASTER_BASELINE
Q-DIAG-HR-TRAIN-DELIVERY-ISSUES,DIAG_SERVICE_ISSUES,HR,HR-TRAIN,HR-TRAIN-DELIVERY,DIAGNOSTIC,Diagnostic par service,55,"Quels problèmes, retards, incidents ou insatisfactions rencontrez-vous concernant « Conception et animation de formation » ?",La réponse peut générer une recommandation liée au service « Conception et animation de formation ».,LONG_TEXT,False,False,[],{},{},diagnostic.hr_train_delivery.issues,1,10,ANOM-HR-TRAIN-DELIVERY-ISSUES,RISK-HR-TRAIN-DELIVERY-ISSUES,REC-HR-TRAIN-DELIVERY-ISSUES,HR-TRAIN-DELIVERY,BUSINESS,True,ARCHIVE_IF_REFERENCED,False,ACTIVE,1,MATRICIA_GOLD_MASTER_BASELINE
Q-DIAG-HR-ENGAGEMENT-EXISTS,DIAG_SERVICE_EXISTS,HR,HR-REL,HR-ENGAGEMENT,DIAGNOSTIC,Diagnostic par service,56,Disposez-vous actuellement d’un dispositif ou processus formalisé pour « Enquête d’engagement et climat social » ?,La réponse peut générer une recommandation liée au service « Enquête d’engagement et climat social ».,SINGLE_CHOICE,True,False,"[""YES"", ""PARTIAL"", ""NO"", ""UNKNOWN""]",{},{},diagnostic.hr_engagement.exists,2,10,ANOM-HR-ENGAGEMENT-EXISTS,RISK-HR-ENGAGEMENT-EXISTS,REC-HR-ENGAGEMENT-EXISTS,HR-ENGAGEMENT,BUSINESS,True,ARCHIVE_IF_REFERENCED,False,ACTIVE,1,MATRICIA_GOLD_MASTER_BASELINE
Q-DIAG-HR-ENGAGEMENT-PERFORMANCE,DIAG_SERVICE_PERFORMANCE,HR,HR-REL,HR-ENGAGEMENT,DIAGNOSTIC,Diagnostic par service,57,Comment évaluez-vous la performance actuelle de « Enquête d’engagement et climat social » ?,La réponse peut générer une recommandation liée au service « Enquête d’engagement et climat social ».,RATING_5,True,False,[],{},{},diagnostic.hr_engagement.performance,2,10,ANOM-HR-ENGAGEMENT-PERFORMANCE,RISK-HR-ENGAGEMENT-PERFORMANCE,REC-HR-ENGAGEMENT-PERFORMANCE,HR-ENGAGEMENT,BUSINESS,True,ARCHIVE_IF_REFERENCED,False,ACTIVE,1,MATRICIA_GOLD_MASTER_BASELINE
Q-DIAG-HR-ENGAGEMENT-ISSUES,DIAG_SERVICE_ISSUES,HR,HR-REL,HR-ENGAGEMENT,DIAGNOSTIC,Diagnostic par service,58,"Quels problèmes, retards, incidents ou insatisfactions rencontrez-vous concernant « Enquête d’engagement et climat social » ?",La réponse peut générer une recommandation liée au service « Enquête d’engagement et climat social ».,LONG_TEXT,False,False,[],{},{},diagnostic.hr_engagement.issues,1,10,ANOM-HR-ENGAGEMENT-ISSUES,RISK-HR-ENGAGEMENT-ISSUES,REC-HR-ENGAGEMENT-ISSUES,HR-ENGAGEMENT,BUSINESS,True,ARCHIVE_IF_REFERENCED,False,ACTIVE,1,MATRICIA_GOLD_MASTER_BASELINE
Q-DIAG-HR-RELATIONS-EXISTS,DIAG_SERVICE_EXISTS,HR,HR-REL,HR-RELATIONS,DIAGNOSTIC,Diagnostic par service,59,Disposez-vous actuellement d’un dispositif ou processus formalisé pour « Gestion des relations sociales » ?,La réponse peut générer une recommandation liée au service « Gestion des relations sociales ».,SINGLE_CHOICE,True,False,"[""YES"", ""PARTIAL"", ""NO"", ""UNKNOWN""]",{},{},diagnostic.hr_relations.exists,2,10,ANOM-HR-RELATIONS-EXISTS,RISK-HR-RELATIONS-EXISTS,REC-HR-RELATIONS-EXISTS,HR-RELATIONS,BUSINESS,True,ARCHIVE_IF_REFERENCED,False,ACTIVE,1,MATRICIA_GOLD_MASTER_BASELINE
Q-DIAG-HR-RELATIONS-PERFORMANCE,DIAG_SERVICE_PERFORMANCE,HR,HR-REL,HR-RELATIONS,DIAGNOSTIC,Diagnostic par service,60,Comment évaluez-vous la performance actuelle de « Gestion des relations sociales » ?,La réponse peut générer une recommandation liée au service « Gestion des relations sociales ».,RATING_5,True,False,[],{},{},diagnostic.hr_relations.performance,2,10,ANOM-HR-RELATIONS-PERFORMANCE,RISK-HR-RELATIONS-PERFORMANCE,REC-HR-RELATIONS-PERFORMANCE,HR-RELATIONS,BUSINESS,True,ARCHIVE_IF_REFERENCED,False,ACTIVE,1,MATRICIA_GOLD_MASTER_BASELINE
Q-DIAG-HR-RELATIONS-ISSUES,DIAG_SERVICE_ISSUES,HR,HR-REL,HR-RELATIONS,DIAGNOSTIC,Diagnostic par service,61,"Quels problèmes, retards, incidents ou insatisfactions rencontrez-vous concernant « Gestion des relations sociales » ?",La réponse peut générer une recommandation liée au service « Gestion des relations sociales ».,LONG_TEXT,False,False,[],{},{},diagnostic.hr_relations.issues,1,10,ANOM-HR-RELATIONS-ISSUES,RISK-HR-RELATIONS-ISSUES,REC-HR-RELATIONS-ISSUES,HR-RELATIONS,BUSINESS,True,ARCHIVE_IF_REFERENCED,False,ACTIVE,1,MATRICIA_GOLD_MASTER_BASELINE
Q-DIAG-HR-DISCIPLINE-EXISTS,DIAG_SERVICE_EXISTS,HR,HR-REL,HR-DISCIPLINE,DIAGNOSTIC,Diagnostic par service,62,Disposez-vous actuellement d’un dispositif ou processus formalisé pour « Processus disciplinaire et gestion des dossiers sensibles » ?,La réponse peut générer une recommandation liée au service « Processus disciplinaire et gestion des dossiers sensibles ».,SINGLE_CHOICE,True,False,"[""YES"", ""PARTIAL"", ""NO"", ""UNKNOWN""]",{},{},diagnostic.hr_discipline.exists,2,10,ANOM-HR-DISCIPLINE-EXISTS,RISK-HR-DISCIPLINE-EXISTS,REC-HR-DISCIPLINE-EXISTS,HR-DISCIPLINE,BUSINESS,True,ARCHIVE_IF_REFERENCED,False,ACTIVE,1,MATRICIA_GOLD_MASTER_BASELINE
Q-DIAG-HR-DISCIPLINE-PERFORMANCE,DIAG_SERVICE_PERFORMANCE,HR,HR-REL,HR-DISCIPLINE,DIAGNOSTIC,Diagnostic par service,63,Comment évaluez-vous la performance actuelle de « Processus disciplinaire et gestion des dossiers sensibles » ?,La réponse peut générer une recommandation liée au service « Processus disciplinaire et gestion des dossiers sensibles ».,RATING_5,True,False,[],{},{},diagnostic.hr_discipline.performance,2,10,ANOM-HR-DISCIPLINE-PERFORMANCE,RISK-HR-DISCIPLINE-PERFORMANCE,REC-HR-DISCIPLINE-PERFORMANCE,HR-DISCIPLINE,BUSINESS,True,ARCHIVE_IF_REFERENCED,False,ACTIVE,1,MATRICIA_GOLD_MASTER_BASELINE
Q-DIAG-HR-DISCIPLINE-ISSUES,DIAG_SERVICE_ISSUES,HR,HR-REL,HR-DISCIPLINE,DIAGNOSTIC,Diagnostic par service,64,"Quels problèmes, retards, incidents ou insatisfactions rencontrez-vous concernant « Processus disciplinaire et gestion des dossiers sensibles » ?",La réponse peut générer une recommandation liée au service « Processus disciplinaire et gestion des dossiers sensibles ».,LONG_TEXT,False,False,[],{},{},diagnostic.hr_discipline.issues,1,10,ANOM-HR-DISCIPLINE-ISSUES,RISK-HR-DISCIPLINE-ISSUES,REC-HR-DISCIPLINE-ISSUES,HR-DISCIPLINE,BUSINESS,True,ARCHIVE_IF_REFERENCED,False,ACTIVE,1,MATRICIA_GOLD_MASTER_BASELINE
Q-DIAG-HR-HRIS-EXISTS,DIAG_SERVICE_EXISTS,HR,HR-DIGI,HR-HRIS,DIAGNOSTIC,Diagnostic par service,65,Disposez-vous actuellement d’un dispositif ou processus formalisé pour « Choix et déploiement d’un SIRH » ?,La réponse peut générer une recommandation liée au service « Choix et déploiement d’un SIRH ».,SINGLE_CHOICE,True,False,"[""YES"", ""PARTIAL"", ""NO"", ""UNKNOWN""]",{},{},diagnostic.hr_hris.exists,2,10,ANOM-HR-HRIS-EXISTS,RISK-HR-HRIS-EXISTS,REC-HR-HRIS-EXISTS,HR-HRIS,BUSINESS,True,ARCHIVE_IF_REFERENCED,False,ACTIVE,1,MATRICIA_GOLD_MASTER_BASELINE
Q-DIAG-HR-HRIS-PERFORMANCE,DIAG_SERVICE_PERFORMANCE,HR,HR-DIGI,HR-HRIS,DIAGNOSTIC,Diagnostic par service,66,Comment évaluez-vous la performance actuelle de « Choix et déploiement d’un SIRH » ?,La réponse peut générer une recommandation liée au service « Choix et déploiement d’un SIRH ».,RATING_5,True,False,[],{},{},diagnostic.hr_hris.performance,2,10,ANOM-HR-HRIS-PERFORMANCE,RISK-HR-HRIS-PERFORMANCE,REC-HR-HRIS-PERFORMANCE,HR-HRIS,BUSINESS,True,ARCHIVE_IF_REFERENCED,False,ACTIVE,1,MATRICIA_GOLD_MASTER_BASELINE
Q-DIAG-HR-HRIS-ISSUES,DIAG_SERVICE_ISSUES,HR,HR-DIGI,HR-HRIS,DIAGNOSTIC,Diagnostic par service,67,"Quels problèmes, retards, incidents ou insatisfactions rencontrez-vous concernant « Choix et déploiement d’un SIRH » ?",La réponse peut générer une recommandation liée au service « Choix et déploiement d’un SIRH ».,LONG_TEXT,False,False,[],{},{},diagnostic.hr_hris.issues,1,10,ANOM-HR-HRIS-ISSUES,RISK-HR-HRIS-ISSUES,REC-HR-HRIS-ISSUES,HR-HRIS,BUSINESS,True,ARCHIVE_IF_REFERENCED,False,ACTIVE,1,MATRICIA_GOLD_MASTER_BASELINE
Q-DIAG-HR-OUTSOURCING-EXISTS,DIAG_SERVICE_EXISTS,HR,HR-DIGI,HR-OUTSOURCING,DIAGNOSTIC,Diagnostic par service,68,Disposez-vous actuellement d’un dispositif ou processus formalisé pour « Direction RH externalisée » ?,La réponse peut générer une recommandation liée au service « Direction RH externalisée ».,SINGLE_CHOICE,True,False,"[""YES"", ""PARTIAL"", ""NO"", ""UNKNOWN""]",{},{},diagnostic.hr_outsourcing.exists,2,10,ANOM-HR-OUTSOURCING-EXISTS,RISK-HR-OUTSOURCING-EXISTS,REC-HR-OUTSOURCING-EXISTS,HR-OUTSOURCING,BUSINESS,True,ARCHIVE_IF_REFERENCED,False,ACTIVE,1,MATRICIA_GOLD_MASTER_BASELINE
Q-DIAG-HR-OUTSOURCING-PERFORMANCE,DIAG_SERVICE_PERFORMANCE,HR,HR-DIGI,HR-OUTSOURCING,DIAGNOSTIC,Diagnostic par service,69,Comment évaluez-vous la performance actuelle de « Direction RH externalisée » ?,La réponse peut générer une recommandation liée au service « Direction RH externalisée ».,RATING_5,True,False,[],{},{},diagnostic.hr_outsourcing.performance,2,10,ANOM-HR-OUTSOURCING-PERFORMANCE,RISK-HR-OUTSOURCING-PERFORMANCE,REC-HR-OUTSOURCING-PERFORMANCE,HR-OUTSOURCING,BUSINESS,True,ARCHIVE_IF_REFERENCED,False,ACTIVE,1,MATRICIA_GOLD_MASTER_BASELINE
Q-DIAG-HR-OUTSOURCING-ISSUES,DIAG_SERVICE_ISSUES,HR,HR-DIGI,HR-OUTSOURCING,DIAGNOSTIC,Diagnostic par service,70,"Quels problèmes, retards, incidents ou insatisfactions rencontrez-vous concernant « Direction RH externalisée » ?",La réponse peut générer une recommandation liée au service « Direction RH externalisée ».,LONG_TEXT,False,False,[],{},{},diagnostic.hr_outsourcing.issues,1,10,ANOM-HR-OUTSOURCING-ISSUES,RISK-HR-OUTSOURCING-ISSUES,REC-HR-OUTSOURCING-ISSUES,HR-OUTSOURCING,BUSINESS,True,ARCHIVE_IF_REFERENCED,False,ACTIVE,1,MATRICIA_GOLD_MASTER_BASELINE
Q-DIAG-INS-BASE-01,DIAG_COMMON_MATURITY,INS,,,DIAGNOSTIC,Diagnostic général,1,Quel est le niveau de formalisation actuel de vos pratiques dans la bibliothèque « Assurance et gestion des risques » ?,Répondez selon la situation réelle de votre entreprise.,SINGLE_CHOICE,True,False,"[""INEXISTANT"", ""INFORMEL"", ""PARTIEL"", ""FORMALISE"", ""MESURE_ET_AMELIORE""]",{},{},diagnostic.ins.base_maturity,2,10,ANOM-INS-BASE-MATURITY,RISK-INS-BASE-MATURITY,REC-INS-BASE-MATURITY,,BUSINESS,True,ARCHIVE_IF_REFERENCED,False,ACTIVE,1,MATRICIA_GOLD_MASTER_BASELINE
Q-DIAG-INS-BASE-02,DIAG_COMMON_OWNER,INS,,,DIAGNOSTIC,Diagnostic général,2,Un responsable clairement identifié pilote-t-il ce domaine ?,Répondez selon la situation réelle de votre entreprise.,YES_NO,True,False,"[""YES"", ""NO"", ""UNKNOWN""]",{},{},diagnostic.ins.base_owner,1,10,ANOM-INS-BASE-OWNER,RISK-INS-BASE-OWNER,REC-INS-BASE-OWNER,,BUSINESS,True,ARCHIVE_IF_REFERENCED,False,ACTIVE,1,MATRICIA_GOLD_MASTER_BASELINE
Q-DIAG-INS-BASE-03,DIAG_COMMON_BUDGET,INS,,,DIAGNOSTIC,Diagnostic général,3,Un budget annuel est-il défini et suivi pour ce domaine ?,Répondez selon la situation réelle de votre entreprise.,YES_NO,True,False,"[""YES"", ""NO"", ""PARTIAL""]",{},{},diagnostic.ins.base_budget,1,10,ANOM-INS-BASE-BUDGET,RISK-INS-BASE-BUDGET,REC-INS-BASE-BUDGET,,BUSINESS,True,ARCHIVE_IF_REFERENCED,False,ACTIVE,1,MATRICIA_GOLD_MASTER_BASELINE
Q-DIAG-INS-BASE-04,DIAG_COMMON_KPI,INS,,,DIAGNOSTIC,Diagnostic général,4,Disposez-vous d’indicateurs réguliers pour mesurer la performance de ce domaine ?,Répondez selon la situation réelle de votre entreprise.,YES_NO,True,False,"[""YES"", ""NO"", ""PARTIAL""]",{},{},diagnostic.ins.base_kpi,1,10,ANOM-INS-BASE-KPI,RISK-INS-BASE-KPI,REC-INS-BASE-KPI,,BUSINESS,True,ARCHIVE_IF_REFERENCED,False,ACTIVE,1,MATRICIA_GOLD_MASTER_BASELINE
Q-DIAG-INS-BASE-05,DIAG_COMMON_RISKS,INS,,,DIAGNOSTIC,Diagnostic général,5,"Les risques majeurs de ce domaine sont-ils identifiés, évalués et suivis ?",Répondez selon la situation réelle de votre entreprise.,YES_NO,True,False,"[""YES"", ""NO"", ""PARTIAL""]",{},{},diagnostic.ins.base_risks,2,10,ANOM-INS-BASE-RISKS,RISK-INS-BASE-RISKS,REC-INS-BASE-RISKS,,BUSINESS,True,ARCHIVE_IF_REFERENCED,True,ACTIVE,1,MATRICIA_GOLD_MASTER_BASELINE
Q-DIAG-INS-BASE-06,DIAG_COMMON_DOCUMENTATION,INS,,,DIAGNOSTIC,Diagnostic général,6,"Les politiques, procédures et responsabilités sont-elles documentées et à jour ?",Répondez selon la situation réelle de votre entreprise.,YES_NO,True,False,"[""YES"", ""NO"", ""PARTIAL""]",{},{},diagnostic.ins.base_documentation,1,10,ANOM-INS-BASE-DOCUMENTATION,RISK-INS-BASE-DOCUMENTATION,REC-INS-BASE-DOCUMENTATION,,BUSINESS,True,ARCHIVE_IF_REFERENCED,False,ACTIVE,1,MATRICIA_GOLD_MASTER_BASELINE
Q-DIAG-INS-BASE-07,DIAG_COMMON_TOOLS,INS,,,DIAGNOSTIC,Diagnostic général,7,Les outils utilisés répondent-ils aux besoins et communiquent-ils correctement entre eux ?,Répondez selon la situation réelle de votre entreprise.,SINGLE_CHOICE,True,False,"[""YES"", ""PARTIAL"", ""NO"", ""UNKNOWN""]",{},{},diagnostic.ins.base_tools,1,10,ANOM-INS-BASE-TOOLS,RISK-INS-BASE-TOOLS,REC-INS-BASE-TOOLS,,BUSINESS,True,ARCHIVE_IF_REFERENCED,False,ACTIVE,1,MATRICIA_GOLD_MASTER_BASELINE
Q-DIAG-INS-BASE-08,DIAG_COMMON_SKILLS,INS,,,DIAGNOSTIC,Diagnostic général,8,Les équipes disposent-elles des compétences et ressources nécessaires ?,Répondez selon la situation réelle de votre entreprise.,SINGLE_CHOICE,True,False,"[""YES"", ""PARTIAL"", ""NO"", ""UNKNOWN""]",{},{},diagnostic.ins.base_skills,1,10,ANOM-INS-BASE-SKILLS,RISK-INS-BASE-SKILLS,REC-INS-BASE-SKILLS,,BUSINESS,True,ARCHIVE_IF_REFERENCED,False,ACTIVE,1,MATRICIA_GOLD_MASTER_BASELINE
Q-DIAG-INS-BASE-09,DIAG_COMMON_INCIDENTS,INS,,,DIAGNOSTIC,Diagnostic général,9,"Avez-vous connu des incidents, retards, pertes ou réclamations significatifs dans ce domaine au cours des 12 derniers mois ?",Répondez selon la situation réelle de votre entreprise.,YES_NO,True,False,"[""YES"", ""NO""]",{},{},diagnostic.ins.base_incidents,2,10,ANOM-INS-BASE-INCIDENTS,RISK-INS-BASE-INCIDENTS,REC-INS-BASE-INCIDENTS,,BUSINESS,True,ARCHIVE_IF_REFERENCED,False,ACTIVE,1,MATRICIA_GOLD_MASTER_BASELINE
Q-DIAG-INS-BASE-10,DIAG_COMMON_PRIORITY,INS,,,DIAGNOSTIC,Diagnostic général,10,Souhaitez-vous faire de ce domaine une priorité d’amélioration dans les 12 prochains mois ?,Répondez selon la situation réelle de votre entreprise.,SINGLE_CHOICE,True,False,"[""HIGH"", ""MEDIUM"", ""LOW"", ""NO""]",{},{},diagnostic.ins.base_priority,1,10,ANOM-INS-BASE-PRIORITY,RISK-INS-BASE-PRIORITY,REC-INS-BASE-PRIORITY,,BUSINESS,True,ARCHIVE_IF_REFERENCED,False,ACTIVE,1,MATRICIA_GOLD_MASTER_BASELINE
Q-DIAG-INS-RISK-AUDIT-EXISTS,DIAG_SERVICE_EXISTS,INS,INS-RISK,INS-RISK-AUDIT,DIAGNOSTIC,Diagnostic par service,11,Disposez-vous actuellement d’un dispositif ou processus formalisé pour « Audit global des risques assurables » ?,La réponse peut générer une recommandation liée au service « Audit global des risques assurables ».,SINGLE_CHOICE,True,False,"[""YES"", ""PARTIAL"", ""NO"", ""UNKNOWN""]",{},{},diagnostic.ins_risk_audit.exists,2,10,ANOM-INS-RISK-AUDIT-EXISTS,RISK-INS-RISK-AUDIT-EXISTS,REC-INS-RISK-AUDIT-EXISTS,INS-RISK-AUDIT,BUSINESS,True,ARCHIVE_IF_REFERENCED,False,ACTIVE,1,MATRICIA_GOLD_MASTER_BASELINE
Q-DIAG-INS-RISK-AUDIT-PERFORMANCE,DIAG_SERVICE_PERFORMANCE,INS,INS-RISK,INS-RISK-AUDIT,DIAGNOSTIC,Diagnostic par service,12,Comment évaluez-vous la performance actuelle de « Audit global des risques assurables » ?,La réponse peut générer une recommandation liée au service « Audit global des risques assurables ».,RATING_5,True,False,[],{},{},diagnostic.ins_risk_audit.performance,2,10,ANOM-INS-RISK-AUDIT-PERFORMANCE,RISK-INS-RISK-AUDIT-PERFORMANCE,REC-INS-RISK-AUDIT-PERFORMANCE,INS-RISK-AUDIT,BUSINESS,True,ARCHIVE_IF_REFERENCED,False,ACTIVE,1,MATRICIA_GOLD_MASTER_BASELINE
Q-DIAG-INS-RISK-AUDIT-ISSUES,DIAG_SERVICE_ISSUES,INS,INS-RISK,INS-RISK-AUDIT,DIAGNOSTIC,Diagnostic par service,13,"Quels problèmes, retards, incidents ou insatisfactions rencontrez-vous concernant « Audit global des risques assurables » ?",La réponse peut générer une recommandation liée au service « Audit global des risques assurables ».,LONG_TEXT,False,False,[],{},{},diagnostic.ins_risk_audit.issues,1,10,ANOM-INS-RISK-AUDIT-ISSUES,RISK-INS-RISK-AUDIT-ISSUES,REC-INS-RISK-AUDIT-ISSUES,INS-RISK-AUDIT,BUSINESS,True,ARCHIVE_IF_REFERENCED,False,ACTIVE,1,MATRICIA_GOLD_MASTER_BASELINE
Q-DIAG-INS-MAP-EXISTS,DIAG_SERVICE_EXISTS,INS,INS-RISK,INS-MAP,DIAGNOSTIC,Diagnostic par service,14,Disposez-vous actuellement d’un dispositif ou processus formalisé pour « Cartographie et plan de traitement des risques » ?,La réponse peut générer une recommandation liée au service « Cartographie et plan de traitement des risques ».,SINGLE_CHOICE,True,False,"[""YES"", ""PARTIAL"", ""NO"", ""UNKNOWN""]",{},{},diagnostic.ins_map.exists,2,10,ANOM-INS-MAP-EXISTS,RISK-INS-MAP-EXISTS,REC-INS-MAP-EXISTS,INS-MAP,BUSINESS,True,ARCHIVE_IF_REFERENCED,False,ACTIVE,1,MATRICIA_GOLD_MASTER_BASELINE
Q-DIAG-INS-MAP-PERFORMANCE,DIAG_SERVICE_PERFORMANCE,INS,INS-RISK,INS-MAP,DIAGNOSTIC,Diagnostic par service,15,Comment évaluez-vous la performance actuelle de « Cartographie et plan de traitement des risques » ?,La réponse peut générer une recommandation liée au service « Cartographie et plan de traitement des risques ».,RATING_5,True,False,[],{},{},diagnostic.ins_map.performance,2,10,ANOM-INS-MAP-PERFORMANCE,RISK-INS-MAP-PERFORMANCE,REC-INS-MAP-PERFORMANCE,INS-MAP,BUSINESS,True,ARCHIVE_IF_REFERENCED,False,ACTIVE,1,MATRICIA_GOLD_MASTER_BASELINE
Q-DIAG-INS-MAP-ISSUES,DIAG_SERVICE_ISSUES,INS,INS-RISK,INS-MAP,DIAGNOSTIC,Diagnostic par service,16,"Quels problèmes, retards, incidents ou insatisfactions rencontrez-vous concernant « Cartographie et plan de traitement des risques » ?",La réponse peut générer une recommandation liée au service « Cartographie et plan de traitement des risques ».,LONG_TEXT,False,False,[],{},{},diagnostic.ins_map.issues,1,10,ANOM-INS-MAP-ISSUES,RISK-INS-MAP-ISSUES,REC-INS-MAP-ISSUES,INS-MAP,BUSINESS,True,ARCHIVE_IF_REFERENCED,False,ACTIVE,1,MATRICIA_GOLD_MASTER_BASELINE
Q-DIAG-INS-PROPERTY-EXISTS,DIAG_SERVICE_EXISTS,INS,INS-PROP,INS-PROPERTY,DIAGNOSTIC,Diagnostic par service,17,Disposez-vous actuellement d’un dispositif ou processus formalisé pour « Assurance multirisque des biens » ?,La réponse peut générer une recommandation liée au service « Assurance multirisque des biens ».,SINGLE_CHOICE,True,False,"[""YES"", ""PARTIAL"", ""NO"", ""UNKNOWN""]",{},{},diagnostic.ins_property.exists,2,10,ANOM-INS-PROPERTY-EXISTS,RISK-INS-PROPERTY-EXISTS,REC-INS-PROPERTY-EXISTS,INS-PROPERTY,BUSINESS,True,ARCHIVE_IF_REFERENCED,False,ACTIVE,1,MATRICIA_GOLD_MASTER_BASELINE
Q-DIAG-INS-PROPERTY-PERFORMANCE,DIAG_SERVICE_PERFORMANCE,INS,INS-PROP,INS-PROPERTY,DIAGNOSTIC,Diagnostic par service,18,Comment évaluez-vous la performance actuelle de « Assurance multirisque des biens » ?,La réponse peut générer une recommandation liée au service « Assurance multirisque des biens ».,RATING_5,True,False,[],{},{},diagnostic.ins_property.performance,2,10,ANOM-INS-PROPERTY-PERFORMANCE,RISK-INS-PROPERTY-PERFORMANCE,REC-INS-PROPERTY-PERFORMANCE,INS-PROPERTY,BUSINESS,True,ARCHIVE_IF_REFERENCED,False,ACTIVE,1,MATRICIA_GOLD_MASTER_BASELINE
Q-DIAG-INS-PROPERTY-ISSUES,DIAG_SERVICE_ISSUES,INS,INS-PROP,INS-PROPERTY,DIAGNOSTIC,Diagnostic par service,19,"Quels problèmes, retards, incidents ou insatisfactions rencontrez-vous concernant « Assurance multirisque des biens » ?",La réponse peut générer une recommandation liée au service « Assurance multirisque des biens ».,LONG_TEXT,False,False,[],{},{},diagnostic.ins_property.issues,1,10,ANOM-INS-PROPERTY-ISSUES,RISK-INS-PROPERTY-ISSUES,REC-INS-PROPERTY-ISSUES,INS-PROPERTY,BUSINESS,True,ARCHIVE_IF_REFERENCED,False,ACTIVE,1,MATRICIA_GOLD_MASTER_BASELINE
Q-DIAG-INS-BI-EXISTS,DIAG_SERVICE_EXISTS,INS,INS-PROP,INS-BI,DIAGNOSTIC,Diagnostic par service,20,Disposez-vous actuellement d’un dispositif ou processus formalisé pour « Assurance pertes d’exploitation » ?,La réponse peut générer une recommandation liée au service « Assurance pertes d’exploitation ».,SINGLE_CHOICE,True,False,"[""YES"", ""PARTIAL"", ""NO"", ""UNKNOWN""]",{},{},diagnostic.ins_bi.exists,2,10,ANOM-INS-BI-EXISTS,RISK-INS-BI-EXISTS,REC-INS-BI-EXISTS,INS-BI,BUSINESS,True,ARCHIVE_IF_REFERENCED,False,ACTIVE,1,MATRICIA_GOLD_MASTER_BASELINE
Q-DIAG-INS-BI-PERFORMANCE,DIAG_SERVICE_PERFORMANCE,INS,INS-PROP,INS-BI,DIAGNOSTIC,Diagnostic par service,21,Comment évaluez-vous la performance actuelle de « Assurance pertes d’exploitation » ?,La réponse peut générer une recommandation liée au service « Assurance pertes d’exploitation ».,RATING_5,True,False,[],{},{},diagnostic.ins_bi.performance,2,10,ANOM-INS-BI-PERFORMANCE,RISK-INS-BI-PERFORMANCE,REC-INS-BI-PERFORMANCE,INS-BI,BUSINESS,True,ARCHIVE_IF_REFERENCED,False,ACTIVE,1,MATRICIA_GOLD_MASTER_BASELINE
Q-DIAG-INS-BI-ISSUES,DIAG_SERVICE_ISSUES,INS,INS-PROP,INS-BI,DIAGNOSTIC,Diagnostic par service,22,"Quels problèmes, retards, incidents ou insatisfactions rencontrez-vous concernant « Assurance pertes d’exploitation » ?",La réponse peut générer une recommandation liée au service « Assurance pertes d’exploitation ».,LONG_TEXT,False,False,[],{},{},diagnostic.ins_bi.issues,1,10,ANOM-INS-BI-ISSUES,RISK-INS-BI-ISSUES,REC-INS-BI-ISSUES,INS-BI,BUSINESS,True,ARCHIVE_IF_REFERENCED,False,ACTIVE,1,MATRICIA_GOLD_MASTER_BASELINE
Q-DIAG-INS-GL-EXISTS,DIAG_SERVICE_EXISTS,INS,INS-LIAB,INS-GL,DIAGNOSTIC,Diagnostic par service,23,Disposez-vous actuellement d’un dispositif ou processus formalisé pour « Responsabilité civile exploitation » ?,La réponse peut générer une recommandation liée au service « Responsabilité civile exploitation ».,SINGLE_CHOICE,True,False,"[""YES"", ""PARTIAL"", ""NO"", ""UNKNOWN""]",{},{},diagnostic.ins_gl.exists,2,10,ANOM-INS-GL-EXISTS,RISK-INS-GL-EXISTS,REC-INS-GL-EXISTS,INS-GL,BUSINESS,True,ARCHIVE_IF_REFERENCED,False,ACTIVE,1,MATRICIA_GOLD_MASTER_BASELINE
Q-DIAG-INS-GL-PERFORMANCE,DIAG_SERVICE_PERFORMANCE,INS,INS-LIAB,INS-GL,DIAGNOSTIC,Diagnostic par service,24,Comment évaluez-vous la performance actuelle de « Responsabilité civile exploitation » ?,La réponse peut générer une recommandation liée au service « Responsabilité civile exploitation ».,RATING_5,True,False,[],{},{},diagnostic.ins_gl.performance,2,10,ANOM-INS-GL-PERFORMANCE,RISK-INS-GL-PERFORMANCE,REC-INS-GL-PERFORMANCE,INS-GL,BUSINESS,True,ARCHIVE_IF_REFERENCED,False,ACTIVE,1,MATRICIA_GOLD_MASTER_BASELINE
Q-DIAG-INS-GL-ISSUES,DIAG_SERVICE_ISSUES,INS,INS-LIAB,INS-GL,DIAGNOSTIC,Diagnostic par service,25,"Quels problèmes, retards, incidents ou insatisfactions rencontrez-vous concernant « Responsabilité civile exploitation » ?",La réponse peut générer une recommandation liée au service « Responsabilité civile exploitation ».,LONG_TEXT,False,False,[],{},{},diagnostic.ins_gl.issues,1,10,ANOM-INS-GL-ISSUES,RISK-INS-GL-ISSUES,REC-INS-GL-ISSUES,INS-GL,BUSINESS,True,ARCHIVE_IF_REFERENCED,False,ACTIVE,1,MATRICIA_GOLD_MASTER_BASELINE
Q-DIAG-INS-PRO-LIAB-EXISTS,DIAG_SERVICE_EXISTS,INS,INS-LIAB,INS-PRO-LIAB,DIAGNOSTIC,Diagnostic par service,26,Disposez-vous actuellement d’un dispositif ou processus formalisé pour « Responsabilité civile professionnelle » ?,La réponse peut générer une recommandation liée au service « Responsabilité civile professionnelle ».,SINGLE_CHOICE,True,False,"[""YES"", ""PARTIAL"", ""NO"", ""UNKNOWN""]",{},{},diagnostic.ins_pro_liab.exists,2,10,ANOM-INS-PRO-LIAB-EXISTS,RISK-INS-PRO-LIAB-EXISTS,REC-INS-PRO-LIAB-EXISTS,INS-PRO-LIAB,BUSINESS,True,ARCHIVE_IF_REFERENCED,False,ACTIVE,1,MATRICIA_GOLD_MASTER_BASELINE
Q-DIAG-INS-PRO-LIAB-PERFORMANCE,DIAG_SERVICE_PERFORMANCE,INS,INS-LIAB,INS-PRO-LIAB,DIAGNOSTIC,Diagnostic par service,27,Comment évaluez-vous la performance actuelle de « Responsabilité civile professionnelle » ?,La réponse peut générer une recommandation liée au service « Responsabilité civile professionnelle ».,RATING_5,True,False,[],{},{},diagnostic.ins_pro_liab.performance,2,10,ANOM-INS-PRO-LIAB-PERFORMANCE,RISK-INS-PRO-LIAB-PERFORMANCE,REC-INS-PRO-LIAB-PERFORMANCE,INS-PRO-LIAB,BUSINESS,True,ARCHIVE_IF_REFERENCED,False,ACTIVE,1,MATRICIA_GOLD_MASTER_BASELINE
Q-DIAG-INS-PRO-LIAB-ISSUES,DIAG_SERVICE_ISSUES,INS,INS-LIAB,INS-PRO-LIAB,DIAGNOSTIC,Diagnostic par service,28,"Quels problèmes, retards, incidents ou insatisfactions rencontrez-vous concernant « Responsabilité civile professionnelle » ?",La réponse peut générer une recommandation liée au service « Responsabilité civile professionnelle ».,LONG_TEXT,False,False,[],{},{},diagnostic.ins_pro_liab.issues,1,10,ANOM-INS-PRO-LIAB-ISSUES,RISK-INS-PRO-LIAB-ISSUES,REC-INS-PRO-LIAB-ISSUES,INS-PRO-LIAB,BUSINESS,True,ARCHIVE_IF_REFERENCED,False,ACTIVE,1,MATRICIA_GOLD_MASTER_BASELINE
Q-DIAG-INS-PRODUCT-EXISTS,DIAG_SERVICE_EXISTS,INS,INS-LIAB,INS-PRODUCT,DIAGNOSTIC,Diagnostic par service,29,Disposez-vous actuellement d’un dispositif ou processus formalisé pour « Responsabilité produits » ?,La réponse peut générer une recommandation liée au service « Responsabilité produits ».,SINGLE_CHOICE,True,False,"[""YES"", ""PARTIAL"", ""NO"", ""UNKNOWN""]",{},{},diagnostic.ins_product.exists,2,10,ANOM-INS-PRODUCT-EXISTS,RISK-INS-PRODUCT-EXISTS,REC-INS-PRODUCT-EXISTS,INS-PRODUCT,BUSINESS,True,ARCHIVE_IF_REFERENCED,False,ACTIVE,1,MATRICIA_GOLD_MASTER_BASELINE
Q-DIAG-INS-PRODUCT-PERFORMANCE,DIAG_SERVICE_PERFORMANCE,INS,INS-LIAB,INS-PRODUCT,DIAGNOSTIC,Diagnostic par service,30,Comment évaluez-vous la performance actuelle de « Responsabilité produits » ?,La réponse peut générer une recommandation liée au service « Responsabilité produits ».,RATING_5,True,False,[],{},{},diagnostic.ins_product.performance,2,10,ANOM-INS-PRODUCT-PERFORMANCE,RISK-INS-PRODUCT-PERFORMANCE,REC-INS-PRODUCT-PERFORMANCE,INS-PRODUCT,BUSINESS,True,ARCHIVE_IF_REFERENCED,False,ACTIVE,1,MATRICIA_GOLD_MASTER_BASELINE
Q-DIAG-INS-PRODUCT-ISSUES,DIAG_SERVICE_ISSUES,INS,INS-LIAB,INS-PRODUCT,DIAGNOSTIC,Diagnostic par service,31,"Quels problèmes, retards, incidents ou insatisfactions rencontrez-vous concernant « Responsabilité produits » ?",La réponse peut générer une recommandation liée au service « Responsabilité produits ».,LONG_TEXT,False,False,[],{},{},diagnostic.ins_product.issues,1,10,ANOM-INS-PRODUCT-ISSUES,RISK-INS-PRODUCT-ISSUES,REC-INS-PRODUCT-ISSUES,INS-PRODUCT,BUSINESS,True,ARCHIVE_IF_REFERENCED,False,ACTIVE,1,MATRICIA_GOLD_MASTER_BASELINE
Q-DIAG-INS-DNO-EXISTS,DIAG_SERVICE_EXISTS,INS,INS-LIAB,INS-DNO,DIAGNOSTIC,Diagnostic par service,32,Disposez-vous actuellement d’un dispositif ou processus formalisé pour « Responsabilité des dirigeants » ?,La réponse peut générer une recommandation liée au service « Responsabilité des dirigeants ».,SINGLE_CHOICE,True,False,"[""YES"", ""PARTIAL"", ""NO"", ""UNKNOWN""]",{},{},diagnostic.ins_dno.exists,2,10,ANOM-INS-DNO-EXISTS,RISK-INS-DNO-EXISTS,REC-INS-DNO-EXISTS,INS-DNO,BUSINESS,True,ARCHIVE_IF_REFERENCED,False,ACTIVE,1,MATRICIA_GOLD_MASTER_BASELINE
Q-DIAG-INS-DNO-PERFORMANCE,DIAG_SERVICE_PERFORMANCE,INS,INS-LIAB,INS-DNO,DIAGNOSTIC,Diagnostic par service,33,Comment évaluez-vous la performance actuelle de « Responsabilité des dirigeants » ?,La réponse peut générer une recommandation liée au service « Responsabilité des dirigeants ».,RATING_5,True,False,[],{},{},diagnostic.ins_dno.performance,2,10,ANOM-INS-DNO-PERFORMANCE,RISK-INS-DNO-PERFORMANCE,REC-INS-DNO-PERFORMANCE,INS-DNO,BUSINESS,True,ARCHIVE_IF_REFERENCED,False,ACTIVE,1,MATRICIA_GOLD_MASTER_BASELINE
Q-DIAG-INS-DNO-ISSUES,DIAG_SERVICE_ISSUES,INS,INS-LIAB,INS-DNO,DIAGNOSTIC,Diagnostic par service,34,"Quels problèmes, retards, incidents ou insatisfactions rencontrez-vous concernant « Responsabilité des dirigeants » ?",La réponse peut générer une recommandation liée au service « Responsabilité des dirigeants ».,LONG_TEXT,False,False,[],{},{},diagnostic.ins_dno.issues,1,10,ANOM-INS-DNO-ISSUES,RISK-INS-DNO-ISSUES,REC-INS-DNO-ISSUES,INS-DNO,BUSINESS,True,ARCHIVE_IF_REFERENCED,False,ACTIVE,1,MATRICIA_GOLD_MASTER_BASELINE
Q-DIAG-INS-HEALTH-EXISTS,DIAG_SERVICE_EXISTS,INS,INS-PEOPLE,INS-HEALTH,DIAGNOSTIC,Diagnostic par service,35,Disposez-vous actuellement d’un dispositif ou processus formalisé pour « Assurance santé collective » ?,La réponse peut générer une recommandation liée au service « Assurance santé collective ».,SINGLE_CHOICE,True,False,"[""YES"", ""PARTIAL"", ""NO"", ""UNKNOWN""]",{},{},diagnostic.ins_health.exists,2,10,ANOM-INS-HEALTH-EXISTS,RISK-INS-HEALTH-EXISTS,REC-INS-HEALTH-EXISTS,INS-HEALTH,BUSINESS,True,ARCHIVE_IF_REFERENCED,False,ACTIVE,1,MATRICIA_GOLD_MASTER_BASELINE
Q-DIAG-INS-HEALTH-PERFORMANCE,DIAG_SERVICE_PERFORMANCE,INS,INS-PEOPLE,INS-HEALTH,DIAGNOSTIC,Diagnostic par service,36,Comment évaluez-vous la performance actuelle de « Assurance santé collective » ?,La réponse peut générer une recommandation liée au service « Assurance santé collective ».,RATING_5,True,False,[],{},{},diagnostic.ins_health.performance,2,10,ANOM-INS-HEALTH-PERFORMANCE,RISK-INS-HEALTH-PERFORMANCE,REC-INS-HEALTH-PERFORMANCE,INS-HEALTH,BUSINESS,True,ARCHIVE_IF_REFERENCED,False,ACTIVE,1,MATRICIA_GOLD_MASTER_BASELINE
Q-DIAG-INS-HEALTH-ISSUES,DIAG_SERVICE_ISSUES,INS,INS-PEOPLE,INS-HEALTH,DIAGNOSTIC,Diagnostic par service,37,"Quels problèmes, retards, incidents ou insatisfactions rencontrez-vous concernant « Assurance santé collective » ?",La réponse peut générer une recommandation liée au service « Assurance santé collective ».,LONG_TEXT,False,False,[],{},{},diagnostic.ins_health.issues,1,10,ANOM-INS-HEALTH-ISSUES,RISK-INS-HEALTH-ISSUES,REC-INS-HEALTH-ISSUES,INS-HEALTH,BUSINESS,True,ARCHIVE_IF_REFERENCED,False,ACTIVE,1,MATRICIA_GOLD_MASTER_BASELINE
Q-DIAG-INS-LIFE-EXISTS,DIAG_SERVICE_EXISTS,INS,INS-PEOPLE,INS-LIFE,DIAGNOSTIC,Diagnostic par service,38,"Disposez-vous actuellement d’un dispositif ou processus formalisé pour « Décès, invalidité et prévoyance collective » ?","La réponse peut générer une recommandation liée au service « Décès, invalidité et prévoyance collective ».",SINGLE_CHOICE,True,False,"[""YES"", ""PARTIAL"", ""NO"", ""UNKNOWN""]",{},{},diagnostic.ins_life.exists,2,10,ANOM-INS-LIFE-EXISTS,RISK-INS-LIFE-EXISTS,REC-INS-LIFE-EXISTS,INS-LIFE,BUSINESS,True,ARCHIVE_IF_REFERENCED,False,ACTIVE,1,MATRICIA_GOLD_MASTER_BASELINE
Q-DIAG-INS-LIFE-PERFORMANCE,DIAG_SERVICE_PERFORMANCE,INS,INS-PEOPLE,INS-LIFE,DIAGNOSTIC,Diagnostic par service,39,"Comment évaluez-vous la performance actuelle de « Décès, invalidité et prévoyance collective » ?","La réponse peut générer une recommandation liée au service « Décès, invalidité et prévoyance collective ».",RATING_5,True,False,[],{},{},diagnostic.ins_life.performance,2,10,ANOM-INS-LIFE-PERFORMANCE,RISK-INS-LIFE-PERFORMANCE,REC-INS-LIFE-PERFORMANCE,INS-LIFE,BUSINESS,True,ARCHIVE_IF_REFERENCED,False,ACTIVE,1,MATRICIA_GOLD_MASTER_BASELINE
Q-DIAG-INS-LIFE-ISSUES,DIAG_SERVICE_ISSUES,INS,INS-PEOPLE,INS-LIFE,DIAGNOSTIC,Diagnostic par service,40,"Quels problèmes, retards, incidents ou insatisfactions rencontrez-vous concernant « Décès, invalidité et prévoyance collective » ?","La réponse peut générer une recommandation liée au service « Décès, invalidité et prévoyance collective ».",LONG_TEXT,False,False,[],{},{},diagnostic.ins_life.issues,1,10,ANOM-INS-LIFE-ISSUES,RISK-INS-LIFE-ISSUES,REC-INS-LIFE-ISSUES,INS-LIFE,BUSINESS,True,ARCHIVE_IF_REFERENCED,False,ACTIVE,1,MATRICIA_GOLD_MASTER_BASELINE
Q-DIAG-INS-WORK-ACC-EXISTS,DIAG_SERVICE_EXISTS,INS,INS-PEOPLE,INS-WORK-ACC,DIAGNOSTIC,Diagnostic par service,41,Disposez-vous actuellement d’un dispositif ou processus formalisé pour « Accidents du travail et risques professionnels » ?,La réponse peut générer une recommandation liée au service « Accidents du travail et risques professionnels ».,SINGLE_CHOICE,True,False,"[""YES"", ""PARTIAL"", ""NO"", ""UNKNOWN""]",{},{},diagnostic.ins_work_acc.exists,2,10,ANOM-INS-WORK-ACC-EXISTS,RISK-INS-WORK-ACC-EXISTS,REC-INS-WORK-ACC-EXISTS,INS-WORK-ACC,BUSINESS,True,ARCHIVE_IF_REFERENCED,False,ACTIVE,1,MATRICIA_GOLD_MASTER_BASELINE
Q-DIAG-INS-WORK-ACC-PERFORMANCE,DIAG_SERVICE_PERFORMANCE,INS,INS-PEOPLE,INS-WORK-ACC,DIAGNOSTIC,Diagnostic par service,42,Comment évaluez-vous la performance actuelle de « Accidents du travail et risques professionnels » ?,La réponse peut générer une recommandation liée au service « Accidents du travail et risques professionnels ».,RATING_5,True,False,[],{},{},diagnostic.ins_work_acc.performance,2,10,ANOM-INS-WORK-ACC-PERFORMANCE,RISK-INS-WORK-ACC-PERFORMANCE,REC-INS-WORK-ACC-PERFORMANCE,INS-WORK-ACC,BUSINESS,True,ARCHIVE_IF_REFERENCED,False,ACTIVE,1,MATRICIA_GOLD_MASTER_BASELINE
Q-DIAG-INS-WORK-ACC-ISSUES,DIAG_SERVICE_ISSUES,INS,INS-PEOPLE,INS-WORK-ACC,DIAGNOSTIC,Diagnostic par service,43,"Quels problèmes, retards, incidents ou insatisfactions rencontrez-vous concernant « Accidents du travail et risques professionnels » ?",La réponse peut générer une recommandation liée au service « Accidents du travail et risques professionnels ».,LONG_TEXT,False,False,[],{},{},diagnostic.ins_work_acc.issues,1,10,ANOM-INS-WORK-ACC-ISSUES,RISK-INS-WORK-ACC-ISSUES,REC-INS-WORK-ACC-ISSUES,INS-WORK-ACC,BUSINESS,True,ARCHIVE_IF_REFERENCED,False,ACTIVE,1,MATRICIA_GOLD_MASTER_BASELINE
Q-DIAG-INS-CYBER-EXISTS,DIAG_SERVICE_EXISTS,INS,INS-SPEC,INS-CYBER,DIAGNOSTIC,Diagnostic par service,44,Disposez-vous actuellement d’un dispositif ou processus formalisé pour « Assurance cyber » ?,La réponse peut générer une recommandation liée au service « Assurance cyber ».,SINGLE_CHOICE,True,False,"[""YES"", ""PARTIAL"", ""NO"", ""UNKNOWN""]",{},{},diagnostic.ins_cyber.exists,2,10,ANOM-INS-CYBER-EXISTS,RISK-INS-CYBER-EXISTS,REC-INS-CYBER-EXISTS,INS-CYBER,BUSINESS,True,ARCHIVE_IF_REFERENCED,False,ACTIVE,1,MATRICIA_GOLD_MASTER_BASELINE
Q-DIAG-INS-CYBER-PERFORMANCE,DIAG_SERVICE_PERFORMANCE,INS,INS-SPEC,INS-CYBER,DIAGNOSTIC,Diagnostic par service,45,Comment évaluez-vous la performance actuelle de « Assurance cyber » ?,La réponse peut générer une recommandation liée au service « Assurance cyber ».,RATING_5,True,False,[],{},{},diagnostic.ins_cyber.performance,2,10,ANOM-INS-CYBER-PERFORMANCE,RISK-INS-CYBER-PERFORMANCE,REC-INS-CYBER-PERFORMANCE,INS-CYBER,BUSINESS,True,ARCHIVE_IF_REFERENCED,False,ACTIVE,1,MATRICIA_GOLD_MASTER_BASELINE
Q-DIAG-INS-CYBER-ISSUES,DIAG_SERVICE_ISSUES,INS,INS-SPEC,INS-CYBER,DIAGNOSTIC,Diagnostic par service,46,"Quels problèmes, retards, incidents ou insatisfactions rencontrez-vous concernant « Assurance cyber » ?",La réponse peut générer une recommandation liée au service « Assurance cyber ».,LONG_TEXT,False,False,[],{},{},diagnostic.ins_cyber.issues,1,10,ANOM-INS-CYBER-ISSUES,RISK-INS-CYBER-ISSUES,REC-INS-CYBER-ISSUES,INS-CYBER,BUSINESS,True,ARCHIVE_IF_REFERENCED,False,ACTIVE,1,MATRICIA_GOLD_MASTER_BASELINE
Q-DIAG-INS-CONSTRUCTION-EXISTS,DIAG_SERVICE_EXISTS,INS,INS-SPEC,INS-CONSTRUCTION,DIAGNOSTIC,Diagnostic par service,47,Disposez-vous actuellement d’un dispositif ou processus formalisé pour « Tous risques chantier et responsabilité décennale » ?,La réponse peut générer une recommandation liée au service « Tous risques chantier et responsabilité décennale ».,SINGLE_CHOICE,True,False,"[""YES"", ""PARTIAL"", ""NO"", ""UNKNOWN""]",{},{},diagnostic.ins_construction.exists,2,10,ANOM-INS-CONSTRUCTION-EXISTS,RISK-INS-CONSTRUCTION-EXISTS,REC-INS-CONSTRUCTION-EXISTS,INS-CONSTRUCTION,BUSINESS,True,ARCHIVE_IF_REFERENCED,False,ACTIVE,1,MATRICIA_GOLD_MASTER_BASELINE
Q-DIAG-INS-CONSTRUCTION-PERFORMANCE,DIAG_SERVICE_PERFORMANCE,INS,INS-SPEC,INS-CONSTRUCTION,DIAGNOSTIC,Diagnostic par service,48,Comment évaluez-vous la performance actuelle de « Tous risques chantier et responsabilité décennale » ?,La réponse peut générer une recommandation liée au service « Tous risques chantier et responsabilité décennale ».,RATING_5,True,False,[],{},{},diagnostic.ins_construction.performance,2,10,ANOM-INS-CONSTRUCTION-PERFORMANCE,RISK-INS-CONSTRUCTION-PERFORMANCE,REC-INS-CONSTRUCTION-PERFORMANCE,INS-CONSTRUCTION,BUSINESS,True,ARCHIVE_IF_REFERENCED,False,ACTIVE,1,MATRICIA_GOLD_MASTER_BASELINE
Q-DIAG-INS-CONSTRUCTION-ISSUES,DIAG_SERVICE_ISSUES,INS,INS-SPEC,INS-CONSTRUCTION,DIAGNOSTIC,Diagnostic par service,49,"Quels problèmes, retards, incidents ou insatisfactions rencontrez-vous concernant « Tous risques chantier et responsabilité décennale » ?",La réponse peut générer une recommandation liée au service « Tous risques chantier et responsabilité décennale ».,LONG_TEXT,False,False,[],{},{},diagnostic.ins_construction.issues,1,10,ANOM-INS-CONSTRUCTION-ISSUES,RISK-INS-CONSTRUCTION-ISSUES,REC-INS-CONSTRUCTION-ISSUES,INS-CONSTRUCTION,BUSINESS,True,ARCHIVE_IF_REFERENCED,False,ACTIVE,1,MATRICIA_GOLD_MASTER_BASELINE
Q-DIAG-INS-CREDIT-EXISTS,DIAG_SERVICE_EXISTS,INS,INS-SPEC,INS-CREDIT,DIAGNOSTIC,Diagnostic par service,50,Disposez-vous actuellement d’un dispositif ou processus formalisé pour « Assurance-crédit clients » ?,La réponse peut générer une recommandation liée au service « Assurance-crédit clients ».,SINGLE_CHOICE,True,False,"[""YES"", ""PARTIAL"", ""NO"", ""UNKNOWN""]",{},{},diagnostic.ins_credit.exists,2,10,ANOM-INS-CREDIT-EXISTS,RISK-INS-CREDIT-EXISTS,REC-INS-CREDIT-EXISTS,INS-CREDIT,BUSINESS,True,ARCHIVE_IF_REFERENCED,False,ACTIVE,1,MATRICIA_GOLD_MASTER_BASELINE
Q-DIAG-INS-CREDIT-PERFORMANCE,DIAG_SERVICE_PERFORMANCE,INS,INS-SPEC,INS-CREDIT,DIAGNOSTIC,Diagnostic par service,51,Comment évaluez-vous la performance actuelle de « Assurance-crédit clients » ?,La réponse peut générer une recommandation liée au service « Assurance-crédit clients ».,RATING_5,True,False,[],{},{},diagnostic.ins_credit.performance,2,10,ANOM-INS-CREDIT-PERFORMANCE,RISK-INS-CREDIT-PERFORMANCE,REC-INS-CREDIT-PERFORMANCE,INS-CREDIT,BUSINESS,True,ARCHIVE_IF_REFERENCED,False,ACTIVE,1,MATRICIA_GOLD_MASTER_BASELINE
Q-DIAG-INS-CREDIT-ISSUES,DIAG_SERVICE_ISSUES,INS,INS-SPEC,INS-CREDIT,DIAGNOSTIC,Diagnostic par service,52,"Quels problèmes, retards, incidents ou insatisfactions rencontrez-vous concernant « Assurance-crédit clients » ?",La réponse peut générer une recommandation liée au service « Assurance-crédit clients ».,LONG_TEXT,False,False,[],{},{},diagnostic.ins_credit.issues,1,10,ANOM-INS-CREDIT-ISSUES,RISK-INS-CREDIT-ISSUES,REC-INS-CREDIT-ISSUES,INS-CREDIT,BUSINESS,True,ARCHIVE_IF_REFERENCED,False,ACTIVE,1,MATRICIA_GOLD_MASTER_BASELINE
Q-DIAG-INS-FLEET-EXISTS,DIAG_SERVICE_EXISTS,INS,INS-FLEET,INS-FLEET,DIAGNOSTIC,Diagnostic par service,53,Disposez-vous actuellement d’un dispositif ou processus formalisé pour « Assurance flotte automobile » ?,La réponse peut générer une recommandation liée au service « Assurance flotte automobile ».,SINGLE_CHOICE,True,False,"[""YES"", ""PARTIAL"", ""NO"", ""UNKNOWN""]",{},{},diagnostic.ins_fleet.exists,2,10,ANOM-INS-FLEET-EXISTS,RISK-INS-FLEET-EXISTS,REC-INS-FLEET-EXISTS,INS-FLEET,BUSINESS,True,ARCHIVE_IF_REFERENCED,False,ACTIVE,1,MATRICIA_GOLD_MASTER_BASELINE
Q-DIAG-INS-FLEET-PERFORMANCE,DIAG_SERVICE_PERFORMANCE,INS,INS-FLEET,INS-FLEET,DIAGNOSTIC,Diagnostic par service,54,Comment évaluez-vous la performance actuelle de « Assurance flotte automobile » ?,La réponse peut générer une recommandation liée au service « Assurance flotte automobile ».,RATING_5,True,False,[],{},{},diagnostic.ins_fleet.performance,2,10,ANOM-INS-FLEET-PERFORMANCE,RISK-INS-FLEET-PERFORMANCE,REC-INS-FLEET-PERFORMANCE,INS-FLEET,BUSINESS,True,ARCHIVE_IF_REFERENCED,False,ACTIVE,1,MATRICIA_GOLD_MASTER_BASELINE
Q-DIAG-INS-FLEET-ISSUES,DIAG_SERVICE_ISSUES,INS,INS-FLEET,INS-FLEET,DIAGNOSTIC,Diagnostic par service,55,"Quels problèmes, retards, incidents ou insatisfactions rencontrez-vous concernant « Assurance flotte automobile » ?",La réponse peut générer une recommandation liée au service « Assurance flotte automobile ».,LONG_TEXT,False,False,[],{},{},diagnostic.ins_fleet.issues,1,10,ANOM-INS-FLEET-ISSUES,RISK-INS-FLEET-ISSUES,REC-INS-FLEET-ISSUES,INS-FLEET,BUSINESS,True,ARCHIVE_IF_REFERENCED,False,ACTIVE,1,MATRICIA_GOLD_MASTER_BASELINE
Q-DIAG-INS-CARGO-EXISTS,DIAG_SERVICE_EXISTS,INS,INS-FLEET,INS-CARGO,DIAGNOSTIC,Diagnostic par service,56,Disposez-vous actuellement d’un dispositif ou processus formalisé pour « Assurance transport de marchandises » ?,La réponse peut générer une recommandation liée au service « Assurance transport de marchandises ».,SINGLE_CHOICE,True,False,"[""YES"", ""PARTIAL"", ""NO"", ""UNKNOWN""]",{},{},diagnostic.ins_cargo.exists,2,10,ANOM-INS-CARGO-EXISTS,RISK-INS-CARGO-EXISTS,REC-INS-CARGO-EXISTS,INS-CARGO,BUSINESS,True,ARCHIVE_IF_REFERENCED,False,ACTIVE,1,MATRICIA_GOLD_MASTER_BASELINE
Q-DIAG-INS-CARGO-PERFORMANCE,DIAG_SERVICE_PERFORMANCE,INS,INS-FLEET,INS-CARGO,DIAGNOSTIC,Diagnostic par service,57,Comment évaluez-vous la performance actuelle de « Assurance transport de marchandises » ?,La réponse peut générer une recommandation liée au service « Assurance transport de marchandises ».,RATING_5,True,False,[],{},{},diagnostic.ins_cargo.performance,2,10,ANOM-INS-CARGO-PERFORMANCE,RISK-INS-CARGO-PERFORMANCE,REC-INS-CARGO-PERFORMANCE,INS-CARGO,BUSINESS,True,ARCHIVE_IF_REFERENCED,False,ACTIVE,1,MATRICIA_GOLD_MASTER_BASELINE
Q-DIAG-INS-CARGO-ISSUES,DIAG_SERVICE_ISSUES,INS,INS-FLEET,INS-CARGO,DIAGNOSTIC,Diagnostic par service,58,"Quels problèmes, retards, incidents ou insatisfactions rencontrez-vous concernant « Assurance transport de marchandises » ?",La réponse peut générer une recommandation liée au service « Assurance transport de marchandises ».,LONG_TEXT,False,False,[],{},{},diagnostic.ins_cargo.issues,1,10,ANOM-INS-CARGO-ISSUES,RISK-INS-CARGO-ISSUES,REC-INS-CARGO-ISSUES,INS-CARGO,BUSINESS,True,ARCHIVE_IF_REFERENCED,False,ACTIVE,1,MATRICIA_GOLD_MASTER_BASELINE
Q-DIAG-INS-CLAIMS-EXISTS,DIAG_SERVICE_EXISTS,INS,INS-CLAIM,INS-CLAIMS,DIAGNOSTIC,Diagnostic par service,59,Disposez-vous actuellement d’un dispositif ou processus formalisé pour « Gestion et optimisation des sinistres » ?,La réponse peut générer une recommandation liée au service « Gestion et optimisation des sinistres ».,SINGLE_CHOICE,True,False,"[""YES"", ""PARTIAL"", ""NO"", ""UNKNOWN""]",{},{},diagnostic.ins_claims.exists,2,10,ANOM-INS-CLAIMS-EXISTS,RISK-INS-CLAIMS-EXISTS,REC-INS-CLAIMS-EXISTS,INS-CLAIMS,BUSINESS,True,ARCHIVE_IF_REFERENCED,False,ACTIVE,1,MATRICIA_GOLD_MASTER_BASELINE
Q-DIAG-INS-CLAIMS-PERFORMANCE,DIAG_SERVICE_PERFORMANCE,INS,INS-CLAIM,INS-CLAIMS,DIAGNOSTIC,Diagnostic par service,60,Comment évaluez-vous la performance actuelle de « Gestion et optimisation des sinistres » ?,La réponse peut générer une recommandation liée au service « Gestion et optimisation des sinistres ».,RATING_5,True,False,[],{},{},diagnostic.ins_claims.performance,2,10,ANOM-INS-CLAIMS-PERFORMANCE,RISK-INS-CLAIMS-PERFORMANCE,REC-INS-CLAIMS-PERFORMANCE,INS-CLAIMS,BUSINESS,True,ARCHIVE_IF_REFERENCED,False,ACTIVE,1,MATRICIA_GOLD_MASTER_BASELINE
Q-DIAG-INS-CLAIMS-ISSUES,DIAG_SERVICE_ISSUES,INS,INS-CLAIM,INS-CLAIMS,DIAGNOSTIC,Diagnostic par service,61,"Quels problèmes, retards, incidents ou insatisfactions rencontrez-vous concernant « Gestion et optimisation des sinistres » ?",La réponse peut générer une recommandation liée au service « Gestion et optimisation des sinistres ».,LONG_TEXT,False,False,[],{},{},diagnostic.ins_claims.issues,1,10,ANOM-INS-CLAIMS-ISSUES,RISK-INS-CLAIMS-ISSUES,REC-INS-CLAIMS-ISSUES,INS-CLAIMS,BUSINESS,True,ARCHIVE_IF_REFERENCED,False,ACTIVE,1,MATRICIA_GOLD_MASTER_BASELINE
Q-DIAG-INS-PREVENTION-EXISTS,DIAG_SERVICE_EXISTS,INS,INS-CLAIM,INS-PREVENTION,DIAGNOSTIC,Diagnostic par service,62,Disposez-vous actuellement d’un dispositif ou processus formalisé pour « Plan de prévention et réduction des sinistres » ?,La réponse peut générer une recommandation liée au service « Plan de prévention et réduction des sinistres ».,SINGLE_CHOICE,True,False,"[""YES"", ""PARTIAL"", ""NO"", ""UNKNOWN""]",{},{},diagnostic.ins_prevention.exists,2,10,ANOM-INS-PREVENTION-EXISTS,RISK-INS-PREVENTION-EXISTS,REC-INS-PREVENTION-EXISTS,INS-PREVENTION,BUSINESS,True,ARCHIVE_IF_REFERENCED,False,ACTIVE,1,MATRICIA_GOLD_MASTER_BASELINE
Q-DIAG-INS-PREVENTION-PERFORMANCE,DIAG_SERVICE_PERFORMANCE,INS,INS-CLAIM,INS-PREVENTION,DIAGNOSTIC,Diagnostic par service,63,Comment évaluez-vous la performance actuelle de « Plan de prévention et réduction des sinistres » ?,La réponse peut générer une recommandation liée au service « Plan de prévention et réduction des sinistres ».,RATING_5,True,False,[],{},{},diagnostic.ins_prevention.performance,2,10,ANOM-INS-PREVENTION-PERFORMANCE,RISK-INS-PREVENTION-PERFORMANCE,REC-INS-PREVENTION-PERFORMANCE,INS-PREVENTION,BUSINESS,True,ARCHIVE_IF_REFERENCED,False,ACTIVE,1,MATRICIA_GOLD_MASTER_BASELINE
Q-DIAG-INS-PREVENTION-ISSUES,DIAG_SERVICE_ISSUES,INS,INS-CLAIM,INS-PREVENTION,DIAGNOSTIC,Diagnostic par service,64,"Quels problèmes, retards, incidents ou insatisfactions rencontrez-vous concernant « Plan de prévention et réduction des sinistres » ?",La réponse peut générer une recommandation liée au service « Plan de prévention et réduction des sinistres ».,LONG_TEXT,False,False,[],{},{},diagnostic.ins_prevention.issues,1,10,ANOM-INS-PREVENTION-ISSUES,RISK-INS-PREVENTION-ISSUES,REC-INS-PREVENTION-ISSUES,INS-PREVENTION,BUSINESS,True,ARCHIVE_IF_REFERENCED,False,ACTIVE,1,MATRICIA_GOLD_MASTER_BASELINE
Q-DIAG-INS-POLICY-AUDIT-EXISTS,DIAG_SERVICE_EXISTS,INS,INS-PROGRAM,INS-POLICY-AUDIT,DIAGNOSTIC,Diagnostic par service,65,Disposez-vous actuellement d’un dispositif ou processus formalisé pour « Audit des polices et garanties existantes » ?,La réponse peut générer une recommandation liée au service « Audit des polices et garanties existantes ».,SINGLE_CHOICE,True,False,"[""YES"", ""PARTIAL"", ""NO"", ""UNKNOWN""]",{},{},diagnostic.ins_policy_audit.exists,2,10,ANOM-INS-POLICY-AUDIT-EXISTS,RISK-INS-POLICY-AUDIT-EXISTS,REC-INS-POLICY-AUDIT-EXISTS,INS-POLICY-AUDIT,BUSINESS,True,ARCHIVE_IF_REFERENCED,False,ACTIVE,1,MATRICIA_GOLD_MASTER_BASELINE
Q-DIAG-INS-POLICY-AUDIT-PERFORMANCE,DIAG_SERVICE_PERFORMANCE,INS,INS-PROGRAM,INS-POLICY-AUDIT,DIAGNOSTIC,Diagnostic par service,66,Comment évaluez-vous la performance actuelle de « Audit des polices et garanties existantes » ?,La réponse peut générer une recommandation liée au service « Audit des polices et garanties existantes ».,RATING_5,True,False,[],{},{},diagnostic.ins_policy_audit.performance,2,10,ANOM-INS-POLICY-AUDIT-PERFORMANCE,RISK-INS-POLICY-AUDIT-PERFORMANCE,REC-INS-POLICY-AUDIT-PERFORMANCE,INS-POLICY-AUDIT,BUSINESS,True,ARCHIVE_IF_REFERENCED,False,ACTIVE,1,MATRICIA_GOLD_MASTER_BASELINE
Q-DIAG-INS-POLICY-AUDIT-ISSUES,DIAG_SERVICE_ISSUES,INS,INS-PROGRAM,INS-POLICY-AUDIT,DIAGNOSTIC,Diagnostic par service,67,"Quels problèmes, retards, incidents ou insatisfactions rencontrez-vous concernant « Audit des polices et garanties existantes » ?",La réponse peut générer une recommandation liée au service « Audit des polices et garanties existantes ».,LONG_TEXT,False,False,[],{},{},diagnostic.ins_policy_audit.issues,1,10,ANOM-INS-POLICY-AUDIT-ISSUES,RISK-INS-POLICY-AUDIT-ISSUES,REC-INS-POLICY-AUDIT-ISSUES,INS-POLICY-AUDIT,BUSINESS,True,ARCHIVE_IF_REFERENCED,False,ACTIVE,1,MATRICIA_GOLD_MASTER_BASELINE
Q-DIAG-INS-TENDER-EXISTS,DIAG_SERVICE_EXISTS,INS,INS-PROGRAM,INS-TENDER,DIAGNOSTIC,Diagnostic par service,68,Disposez-vous actuellement d’un dispositif ou processus formalisé pour « Appel d’offres assureurs et renouvellement » ?,La réponse peut générer une recommandation liée au service « Appel d’offres assureurs et renouvellement ».,SINGLE_CHOICE,True,False,"[""YES"", ""PARTIAL"", ""NO"", ""UNKNOWN""]",{},{},diagnostic.ins_tender.exists,2,10,ANOM-INS-TENDER-EXISTS,RISK-INS-TENDER-EXISTS,REC-INS-TENDER-EXISTS,INS-TENDER,BUSINESS,True,ARCHIVE_IF_REFERENCED,False,ACTIVE,1,MATRICIA_GOLD_MASTER_BASELINE
Q-DIAG-INS-TENDER-PERFORMANCE,DIAG_SERVICE_PERFORMANCE,INS,INS-PROGRAM,INS-TENDER,DIAGNOSTIC,Diagnostic par service,69,Comment évaluez-vous la performance actuelle de « Appel d’offres assureurs et renouvellement » ?,La réponse peut générer une recommandation liée au service « Appel d’offres assureurs et renouvellement ».,RATING_5,True,False,[],{},{},diagnostic.ins_tender.performance,2,10,ANOM-INS-TENDER-PERFORMANCE,RISK-INS-TENDER-PERFORMANCE,REC-INS-TENDER-PERFORMANCE,INS-TENDER,BUSINESS,True,ARCHIVE_IF_REFERENCED,False,ACTIVE,1,MATRICIA_GOLD_MASTER_BASELINE
Q-DIAG-INS-TENDER-ISSUES,DIAG_SERVICE_ISSUES,INS,INS-PROGRAM,INS-TENDER,DIAGNOSTIC,Diagnostic par service,70,"Quels problèmes, retards, incidents ou insatisfactions rencontrez-vous concernant « Appel d’offres assureurs et renouvellement » ?",La réponse peut générer une recommandation liée au service « Appel d’offres assureurs et renouvellement ».,LONG_TEXT,False,False,[],{},{},diagnostic.ins_tender.issues,1,10,ANOM-INS-TENDER-ISSUES,RISK-INS-TENDER-ISSUES,REC-INS-TENDER-ISSUES,INS-TENDER,BUSINESS,True,ARCHIVE_IF_REFERENCED,False,ACTIVE,1,MATRICIA_GOLD_MASTER_BASELINE
Q-DIAG-LOG-BASE-01,DIAG_COMMON_MATURITY,LOG,,,DIAGNOSTIC,Diagnostic général,1,"Quel est le niveau de formalisation actuel de vos pratiques dans la bibliothèque « Achats, logistique et supply chain » ?",Répondez selon la situation réelle de votre entreprise.,SINGLE_CHOICE,True,False,"[""INEXISTANT"", ""INFORMEL"", ""PARTIEL"", ""FORMALISE"", ""MESURE_ET_AMELIORE""]",{},{},diagnostic.log.base_maturity,2,10,ANOM-LOG-BASE-MATURITY,RISK-LOG-BASE-MATURITY,REC-LOG-BASE-MATURITY,,BUSINESS,True,ARCHIVE_IF_REFERENCED,False,ACTIVE,1,MATRICIA_GOLD_MASTER_BASELINE
Q-DIAG-LOG-BASE-02,DIAG_COMMON_OWNER,LOG,,,DIAGNOSTIC,Diagnostic général,2,Un responsable clairement identifié pilote-t-il ce domaine ?,Répondez selon la situation réelle de votre entreprise.,YES_NO,True,False,"[""YES"", ""NO"", ""UNKNOWN""]",{},{},diagnostic.log.base_owner,1,10,ANOM-LOG-BASE-OWNER,RISK-LOG-BASE-OWNER,REC-LOG-BASE-OWNER,,BUSINESS,True,ARCHIVE_IF_REFERENCED,False,ACTIVE,1,MATRICIA_GOLD_MASTER_BASELINE
Q-DIAG-LOG-BASE-03,DIAG_COMMON_BUDGET,LOG,,,DIAGNOSTIC,Diagnostic général,3,Un budget annuel est-il défini et suivi pour ce domaine ?,Répondez selon la situation réelle de votre entreprise.,YES_NO,True,False,"[""YES"", ""NO"", ""PARTIAL""]",{},{},diagnostic.log.base_budget,1,10,ANOM-LOG-BASE-BUDGET,RISK-LOG-BASE-BUDGET,REC-LOG-BASE-BUDGET,,BUSINESS,True,ARCHIVE_IF_REFERENCED,False,ACTIVE,1,MATRICIA_GOLD_MASTER_BASELINE
Q-DIAG-LOG-BASE-04,DIAG_COMMON_KPI,LOG,,,DIAGNOSTIC,Diagnostic général,4,Disposez-vous d’indicateurs réguliers pour mesurer la performance de ce domaine ?,Répondez selon la situation réelle de votre entreprise.,YES_NO,True,False,"[""YES"", ""NO"", ""PARTIAL""]",{},{},diagnostic.log.base_kpi,1,10,ANOM-LOG-BASE-KPI,RISK-LOG-BASE-KPI,REC-LOG-BASE-KPI,,BUSINESS,True,ARCHIVE_IF_REFERENCED,False,ACTIVE,1,MATRICIA_GOLD_MASTER_BASELINE
Q-DIAG-LOG-BASE-05,DIAG_COMMON_RISKS,LOG,,,DIAGNOSTIC,Diagnostic général,5,"Les risques majeurs de ce domaine sont-ils identifiés, évalués et suivis ?",Répondez selon la situation réelle de votre entreprise.,YES_NO,True,False,"[""YES"", ""NO"", ""PARTIAL""]",{},{},diagnostic.log.base_risks,2,10,ANOM-LOG-BASE-RISKS,RISK-LOG-BASE-RISKS,REC-LOG-BASE-RISKS,,BUSINESS,True,ARCHIVE_IF_REFERENCED,True,ACTIVE,1,MATRICIA_GOLD_MASTER_BASELINE
Q-DIAG-LOG-BASE-06,DIAG_COMMON_DOCUMENTATION,LOG,,,DIAGNOSTIC,Diagnostic général,6,"Les politiques, procédures et responsabilités sont-elles documentées et à jour ?",Répondez selon la situation réelle de votre entreprise.,YES_NO,True,False,"[""YES"", ""NO"", ""PARTIAL""]",{},{},diagnostic.log.base_documentation,1,10,ANOM-LOG-BASE-DOCUMENTATION,RISK-LOG-BASE-DOCUMENTATION,REC-LOG-BASE-DOCUMENTATION,,BUSINESS,True,ARCHIVE_IF_REFERENCED,False,ACTIVE,1,MATRICIA_GOLD_MASTER_BASELINE
Q-DIAG-LOG-BASE-07,DIAG_COMMON_TOOLS,LOG,,,DIAGNOSTIC,Diagnostic général,7,Les outils utilisés répondent-ils aux besoins et communiquent-ils correctement entre eux ?,Répondez selon la situation réelle de votre entreprise.,SINGLE_CHOICE,True,False,"[""YES"", ""PARTIAL"", ""NO"", ""UNKNOWN""]",{},{},diagnostic.log.base_tools,1,10,ANOM-LOG-BASE-TOOLS,RISK-LOG-BASE-TOOLS,REC-LOG-BASE-TOOLS,,BUSINESS,True,ARCHIVE_IF_REFERENCED,False,ACTIVE,1,MATRICIA_GOLD_MASTER_BASELINE
Q-DIAG-LOG-BASE-08,DIAG_COMMON_SKILLS,LOG,,,DIAGNOSTIC,Diagnostic général,8,Les équipes disposent-elles des compétences et ressources nécessaires ?,Répondez selon la situation réelle de votre entreprise.,SINGLE_CHOICE,True,False,"[""YES"", ""PARTIAL"", ""NO"", ""UNKNOWN""]",{},{},diagnostic.log.base_skills,1,10,ANOM-LOG-BASE-SKILLS,RISK-LOG-BASE-SKILLS,REC-LOG-BASE-SKILLS,,BUSINESS,True,ARCHIVE_IF_REFERENCED,False,ACTIVE,1,MATRICIA_GOLD_MASTER_BASELINE
Q-DIAG-LOG-BASE-09,DIAG_COMMON_INCIDENTS,LOG,,,DIAGNOSTIC,Diagnostic général,9,"Avez-vous connu des incidents, retards, pertes ou réclamations significatifs dans ce domaine au cours des 12 derniers mois ?",Répondez selon la situation réelle de votre entreprise.,YES_NO,True,False,"[""YES"", ""NO""]",{},{},diagnostic.log.base_incidents,2,10,ANOM-LOG-BASE-INCIDENTS,RISK-LOG-BASE-INCIDENTS,REC-LOG-BASE-INCIDENTS,,BUSINESS,True,ARCHIVE_IF_REFERENCED,False,ACTIVE,1,MATRICIA_GOLD_MASTER_BASELINE
Q-DIAG-LOG-BASE-10,DIAG_COMMON_PRIORITY,LOG,,,DIAGNOSTIC,Diagnostic général,10,Souhaitez-vous faire de ce domaine une priorité d’amélioration dans les 12 prochains mois ?,Répondez selon la situation réelle de votre entreprise.,SINGLE_CHOICE,True,False,"[""HIGH"", ""MEDIUM"", ""LOW"", ""NO""]",{},{},diagnostic.log.base_priority,1,10,ANOM-LOG-BASE-PRIORITY,RISK-LOG-BASE-PRIORITY,REC-LOG-BASE-PRIORITY,,BUSINESS,True,ARCHIVE_IF_REFERENCED,False,ACTIVE,1,MATRICIA_GOLD_MASTER_BASELINE
Q-DIAG-LOG-PROC-AUDIT-EXISTS,DIAG_SERVICE_EXISTS,LOG,LOG-PROC,LOG-PROC-AUDIT,DIAGNOSTIC,Diagnostic par service,11,Disposez-vous actuellement d’un dispositif ou processus formalisé pour « Audit de la fonction achats » ?,La réponse peut générer une recommandation liée au service « Audit de la fonction achats ».,SINGLE_CHOICE,True,False,"[""YES"", ""PARTIAL"", ""NO"", ""UNKNOWN""]",{},{},diagnostic.log_proc_audit.exists,2,10,ANOM-LOG-PROC-AUDIT-EXISTS,RISK-LOG-PROC-AUDIT-EXISTS,REC-LOG-PROC-AUDIT-EXISTS,LOG-PROC-AUDIT,BUSINESS,True,ARCHIVE_IF_REFERENCED,False,ACTIVE,1,MATRICIA_GOLD_MASTER_BASELINE
Q-DIAG-LOG-PROC-AUDIT-PERFORMANCE,DIAG_SERVICE_PERFORMANCE,LOG,LOG-PROC,LOG-PROC-AUDIT,DIAGNOSTIC,Diagnostic par service,12,Comment évaluez-vous la performance actuelle de « Audit de la fonction achats » ?,La réponse peut générer une recommandation liée au service « Audit de la fonction achats ».,RATING_5,True,False,[],{},{},diagnostic.log_proc_audit.performance,2,10,ANOM-LOG-PROC-AUDIT-PERFORMANCE,RISK-LOG-PROC-AUDIT-PERFORMANCE,REC-LOG-PROC-AUDIT-PERFORMANCE,LOG-PROC-AUDIT,BUSINESS,True,ARCHIVE_IF_REFERENCED,False,ACTIVE,1,MATRICIA_GOLD_MASTER_BASELINE
Q-DIAG-LOG-PROC-AUDIT-ISSUES,DIAG_SERVICE_ISSUES,LOG,LOG-PROC,LOG-PROC-AUDIT,DIAGNOSTIC,Diagnostic par service,13,"Quels problèmes, retards, incidents ou insatisfactions rencontrez-vous concernant « Audit de la fonction achats » ?",La réponse peut générer une recommandation liée au service « Audit de la fonction achats ».,LONG_TEXT,False,False,[],{},{},diagnostic.log_proc_audit.issues,1,10,ANOM-LOG-PROC-AUDIT-ISSUES,RISK-LOG-PROC-AUDIT-ISSUES,REC-LOG-PROC-AUDIT-ISSUES,LOG-PROC-AUDIT,BUSINESS,True,ARCHIVE_IF_REFERENCED,False,ACTIVE,1,MATRICIA_GOLD_MASTER_BASELINE
Q-DIAG-LOG-SOURCING-STRAT-EXISTS,DIAG_SERVICE_EXISTS,LOG,LOG-PROC,LOG-SOURCING-STRAT,DIAGNOSTIC,Diagnostic par service,14,Disposez-vous actuellement d’un dispositif ou processus formalisé pour « Stratégie de sourcing et catégories » ?,La réponse peut générer une recommandation liée au service « Stratégie de sourcing et catégories ».,SINGLE_CHOICE,True,False,"[""YES"", ""PARTIAL"", ""NO"", ""UNKNOWN""]",{},{},diagnostic.log_sourcing_strat.exists,2,10,ANOM-LOG-SOURCING-STRAT-EXISTS,RISK-LOG-SOURCING-STRAT-EXISTS,REC-LOG-SOURCING-STRAT-EXISTS,LOG-SOURCING-STRAT,BUSINESS,True,ARCHIVE_IF_REFERENCED,False,ACTIVE,1,MATRICIA_GOLD_MASTER_BASELINE
Q-DIAG-LOG-SOURCING-STRAT-PERFORMANCE,DIAG_SERVICE_PERFORMANCE,LOG,LOG-PROC,LOG-SOURCING-STRAT,DIAGNOSTIC,Diagnostic par service,15,Comment évaluez-vous la performance actuelle de « Stratégie de sourcing et catégories » ?,La réponse peut générer une recommandation liée au service « Stratégie de sourcing et catégories ».,RATING_5,True,False,[],{},{},diagnostic.log_sourcing_strat.performance,2,10,ANOM-LOG-SOURCING-STRAT-PERFORMANCE,RISK-LOG-SOURCING-STRAT-PERFORMANCE,REC-LOG-SOURCING-STRAT-PERFORMANCE,LOG-SOURCING-STRAT,BUSINESS,True,ARCHIVE_IF_REFERENCED,False,ACTIVE,1,MATRICIA_GOLD_MASTER_BASELINE
Q-DIAG-LOG-SOURCING-STRAT-ISSUES,DIAG_SERVICE_ISSUES,LOG,LOG-PROC,LOG-SOURCING-STRAT,DIAGNOSTIC,Diagnostic par service,16,"Quels problèmes, retards, incidents ou insatisfactions rencontrez-vous concernant « Stratégie de sourcing et catégories » ?",La réponse peut générer une recommandation liée au service « Stratégie de sourcing et catégories ».,LONG_TEXT,False,False,[],{},{},diagnostic.log_sourcing_strat.issues,1,10,ANOM-LOG-SOURCING-STRAT-ISSUES,RISK-LOG-SOURCING-STRAT-ISSUES,REC-LOG-SOURCING-STRAT-ISSUES,LOG-SOURCING-STRAT,BUSINESS,True,ARCHIVE_IF_REFERENCED,False,ACTIVE,1,MATRICIA_GOLD_MASTER_BASELINE
Q-DIAG-LOG-SUPPLIER-SEARCH-EXISTS,DIAG_SERVICE_EXISTS,LOG,LOG-PROC,LOG-SUPPLIER-SEARCH,DIAGNOSTIC,Diagnostic par service,17,Disposez-vous actuellement d’un dispositif ou processus formalisé pour « Recherche et présélection de fournisseurs » ?,La réponse peut générer une recommandation liée au service « Recherche et présélection de fournisseurs ».,SINGLE_CHOICE,True,False,"[""YES"", ""PARTIAL"", ""NO"", ""UNKNOWN""]",{},{},diagnostic.log_supplier_search.exists,2,10,ANOM-LOG-SUPPLIER-SEARCH-EXISTS,RISK-LOG-SUPPLIER-SEARCH-EXISTS,REC-LOG-SUPPLIER-SEARCH-EXISTS,LOG-SUPPLIER-SEARCH,BUSINESS,True,ARCHIVE_IF_REFERENCED,False,ACTIVE,1,MATRICIA_GOLD_MASTER_BASELINE
Q-DIAG-LOG-SUPPLIER-SEARCH-PERFORMANCE,DIAG_SERVICE_PERFORMANCE,LOG,LOG-PROC,LOG-SUPPLIER-SEARCH,DIAGNOSTIC,Diagnostic par service,18,Comment évaluez-vous la performance actuelle de « Recherche et présélection de fournisseurs » ?,La réponse peut générer une recommandation liée au service « Recherche et présélection de fournisseurs ».,RATING_5,True,False,[],{},{},diagnostic.log_supplier_search.performance,2,10,ANOM-LOG-SUPPLIER-SEARCH-PERFORMANCE,RISK-LOG-SUPPLIER-SEARCH-PERFORMANCE,REC-LOG-SUPPLIER-SEARCH-PERFORMANCE,LOG-SUPPLIER-SEARCH,BUSINESS,True,ARCHIVE_IF_REFERENCED,False,ACTIVE,1,MATRICIA_GOLD_MASTER_BASELINE
Q-DIAG-LOG-SUPPLIER-SEARCH-ISSUES,DIAG_SERVICE_ISSUES,LOG,LOG-PROC,LOG-SUPPLIER-SEARCH,DIAGNOSTIC,Diagnostic par service,19,"Quels problèmes, retards, incidents ou insatisfactions rencontrez-vous concernant « Recherche et présélection de fournisseurs » ?",La réponse peut générer une recommandation liée au service « Recherche et présélection de fournisseurs ».,LONG_TEXT,False,False,[],{},{},diagnostic.log_supplier_search.issues,1,10,ANOM-LOG-SUPPLIER-SEARCH-ISSUES,RISK-LOG-SUPPLIER-SEARCH-ISSUES,REC-LOG-SUPPLIER-SEARCH-ISSUES,LOG-SUPPLIER-SEARCH,BUSINESS,True,ARCHIVE_IF_REFERENCED,False,ACTIVE,1,MATRICIA_GOLD_MASTER_BASELINE
Q-DIAG-LOG-TENDER-EXISTS,DIAG_SERVICE_EXISTS,LOG,LOG-PROC,LOG-TENDER,DIAGNOSTIC,Diagnostic par service,20,Disposez-vous actuellement d’un dispositif ou processus formalisé pour « Gestion d’appel d’offres fournisseurs » ?,La réponse peut générer une recommandation liée au service « Gestion d’appel d’offres fournisseurs ».,SINGLE_CHOICE,True,False,"[""YES"", ""PARTIAL"", ""NO"", ""UNKNOWN""]",{},{},diagnostic.log_tender.exists,2,10,ANOM-LOG-TENDER-EXISTS,RISK-LOG-TENDER-EXISTS,REC-LOG-TENDER-EXISTS,LOG-TENDER,BUSINESS,True,ARCHIVE_IF_REFERENCED,False,ACTIVE,1,MATRICIA_GOLD_MASTER_BASELINE
Q-DIAG-LOG-TENDER-PERFORMANCE,DIAG_SERVICE_PERFORMANCE,LOG,LOG-PROC,LOG-TENDER,DIAGNOSTIC,Diagnostic par service,21,Comment évaluez-vous la performance actuelle de « Gestion d’appel d’offres fournisseurs » ?,La réponse peut générer une recommandation liée au service « Gestion d’appel d’offres fournisseurs ».,RATING_5,True,False,[],{},{},diagnostic.log_tender.performance,2,10,ANOM-LOG-TENDER-PERFORMANCE,RISK-LOG-TENDER-PERFORMANCE,REC-LOG-TENDER-PERFORMANCE,LOG-TENDER,BUSINESS,True,ARCHIVE_IF_REFERENCED,False,ACTIVE,1,MATRICIA_GOLD_MASTER_BASELINE
Q-DIAG-LOG-TENDER-ISSUES,DIAG_SERVICE_ISSUES,LOG,LOG-PROC,LOG-TENDER,DIAGNOSTIC,Diagnostic par service,22,"Quels problèmes, retards, incidents ou insatisfactions rencontrez-vous concernant « Gestion d’appel d’offres fournisseurs » ?",La réponse peut générer une recommandation liée au service « Gestion d’appel d’offres fournisseurs ».,LONG_TEXT,False,False,[],{},{},diagnostic.log_tender.issues,1,10,ANOM-LOG-TENDER-ISSUES,RISK-LOG-TENDER-ISSUES,REC-LOG-TENDER-ISSUES,LOG-TENDER,BUSINESS,True,ARCHIVE_IF_REFERENCED,False,ACTIVE,1,MATRICIA_GOLD_MASTER_BASELINE
Q-DIAG-LOG-SUP-QUAL-EXISTS,DIAG_SERVICE_EXISTS,LOG,LOG-SUP,LOG-SUP-QUAL,DIAGNOSTIC,Diagnostic par service,23,Disposez-vous actuellement d’un dispositif ou processus formalisé pour « Qualification et homologation fournisseurs » ?,La réponse peut générer une recommandation liée au service « Qualification et homologation fournisseurs ».,SINGLE_CHOICE,True,False,"[""YES"", ""PARTIAL"", ""NO"", ""UNKNOWN""]",{},{},diagnostic.log_sup_qual.exists,2,10,ANOM-LOG-SUP-QUAL-EXISTS,RISK-LOG-SUP-QUAL-EXISTS,REC-LOG-SUP-QUAL-EXISTS,LOG-SUP-QUAL,BUSINESS,True,ARCHIVE_IF_REFERENCED,False,ACTIVE,1,MATRICIA_GOLD_MASTER_BASELINE
Q-DIAG-LOG-SUP-QUAL-PERFORMANCE,DIAG_SERVICE_PERFORMANCE,LOG,LOG-SUP,LOG-SUP-QUAL,DIAGNOSTIC,Diagnostic par service,24,Comment évaluez-vous la performance actuelle de « Qualification et homologation fournisseurs » ?,La réponse peut générer une recommandation liée au service « Qualification et homologation fournisseurs ».,RATING_5,True,False,[],{},{},diagnostic.log_sup_qual.performance,2,10,ANOM-LOG-SUP-QUAL-PERFORMANCE,RISK-LOG-SUP-QUAL-PERFORMANCE,REC-LOG-SUP-QUAL-PERFORMANCE,LOG-SUP-QUAL,BUSINESS,True,ARCHIVE_IF_REFERENCED,False,ACTIVE,1,MATRICIA_GOLD_MASTER_BASELINE
Q-DIAG-LOG-SUP-QUAL-ISSUES,DIAG_SERVICE_ISSUES,LOG,LOG-SUP,LOG-SUP-QUAL,DIAGNOSTIC,Diagnostic par service,25,"Quels problèmes, retards, incidents ou insatisfactions rencontrez-vous concernant « Qualification et homologation fournisseurs » ?",La réponse peut générer une recommandation liée au service « Qualification et homologation fournisseurs ».,LONG_TEXT,False,False,[],{},{},diagnostic.log_sup_qual.issues,1,10,ANOM-LOG-SUP-QUAL-ISSUES,RISK-LOG-SUP-QUAL-ISSUES,REC-LOG-SUP-QUAL-ISSUES,LOG-SUP-QUAL,BUSINESS,True,ARCHIVE_IF_REFERENCED,False,ACTIVE,1,MATRICIA_GOLD_MASTER_BASELINE
Q-DIAG-LOG-SUP-PERF-EXISTS,DIAG_SERVICE_EXISTS,LOG,LOG-SUP,LOG-SUP-PERF,DIAGNOSTIC,Diagnostic par service,26,Disposez-vous actuellement d’un dispositif ou processus formalisé pour « Évaluation et performance fournisseurs » ?,La réponse peut générer une recommandation liée au service « Évaluation et performance fournisseurs ».,SINGLE_CHOICE,True,False,"[""YES"", ""PARTIAL"", ""NO"", ""UNKNOWN""]",{},{},diagnostic.log_sup_perf.exists,2,10,ANOM-LOG-SUP-PERF-EXISTS,RISK-LOG-SUP-PERF-EXISTS,REC-LOG-SUP-PERF-EXISTS,LOG-SUP-PERF,BUSINESS,True,ARCHIVE_IF_REFERENCED,False,ACTIVE,1,MATRICIA_GOLD_MASTER_BASELINE
Q-DIAG-LOG-SUP-PERF-PERFORMANCE,DIAG_SERVICE_PERFORMANCE,LOG,LOG-SUP,LOG-SUP-PERF,DIAGNOSTIC,Diagnostic par service,27,Comment évaluez-vous la performance actuelle de « Évaluation et performance fournisseurs » ?,La réponse peut générer une recommandation liée au service « Évaluation et performance fournisseurs ».,RATING_5,True,False,[],{},{},diagnostic.log_sup_perf.performance,2,10,ANOM-LOG-SUP-PERF-PERFORMANCE,RISK-LOG-SUP-PERF-PERFORMANCE,REC-LOG-SUP-PERF-PERFORMANCE,LOG-SUP-PERF,BUSINESS,True,ARCHIVE_IF_REFERENCED,False,ACTIVE,1,MATRICIA_GOLD_MASTER_BASELINE
Q-DIAG-LOG-SUP-PERF-ISSUES,DIAG_SERVICE_ISSUES,LOG,LOG-SUP,LOG-SUP-PERF,DIAGNOSTIC,Diagnostic par service,28,"Quels problèmes, retards, incidents ou insatisfactions rencontrez-vous concernant « Évaluation et performance fournisseurs » ?",La réponse peut générer une recommandation liée au service « Évaluation et performance fournisseurs ».,LONG_TEXT,False,False,[],{},{},diagnostic.log_sup_perf.issues,1,10,ANOM-LOG-SUP-PERF-ISSUES,RISK-LOG-SUP-PERF-ISSUES,REC-LOG-SUP-PERF-ISSUES,LOG-SUP-PERF,BUSINESS,True,ARCHIVE_IF_REFERENCED,False,ACTIVE,1,MATRICIA_GOLD_MASTER_BASELINE
Q-DIAG-LOG-CONTRACT-NEG-EXISTS,DIAG_SERVICE_EXISTS,LOG,LOG-SUP,LOG-CONTRACT-NEG,DIAGNOSTIC,Diagnostic par service,29,Disposez-vous actuellement d’un dispositif ou processus formalisé pour « Négociation et optimisation des contrats achats » ?,La réponse peut générer une recommandation liée au service « Négociation et optimisation des contrats achats ».,SINGLE_CHOICE,True,False,"[""YES"", ""PARTIAL"", ""NO"", ""UNKNOWN""]",{},{},diagnostic.log_contract_neg.exists,2,10,ANOM-LOG-CONTRACT-NEG-EXISTS,RISK-LOG-CONTRACT-NEG-EXISTS,REC-LOG-CONTRACT-NEG-EXISTS,LOG-CONTRACT-NEG,BUSINESS,True,ARCHIVE_IF_REFERENCED,False,ACTIVE,1,MATRICIA_GOLD_MASTER_BASELINE
Q-DIAG-LOG-CONTRACT-NEG-PERFORMANCE,DIAG_SERVICE_PERFORMANCE,LOG,LOG-SUP,LOG-CONTRACT-NEG,DIAGNOSTIC,Diagnostic par service,30,Comment évaluez-vous la performance actuelle de « Négociation et optimisation des contrats achats » ?,La réponse peut générer une recommandation liée au service « Négociation et optimisation des contrats achats ».,RATING_5,True,False,[],{},{},diagnostic.log_contract_neg.performance,2,10,ANOM-LOG-CONTRACT-NEG-PERFORMANCE,RISK-LOG-CONTRACT-NEG-PERFORMANCE,REC-LOG-CONTRACT-NEG-PERFORMANCE,LOG-CONTRACT-NEG,BUSINESS,True,ARCHIVE_IF_REFERENCED,False,ACTIVE,1,MATRICIA_GOLD_MASTER_BASELINE
Q-DIAG-LOG-CONTRACT-NEG-ISSUES,DIAG_SERVICE_ISSUES,LOG,LOG-SUP,LOG-CONTRACT-NEG,DIAGNOSTIC,Diagnostic par service,31,"Quels problèmes, retards, incidents ou insatisfactions rencontrez-vous concernant « Négociation et optimisation des contrats achats » ?",La réponse peut générer une recommandation liée au service « Négociation et optimisation des contrats achats ».,LONG_TEXT,False,False,[],{},{},diagnostic.log_contract_neg.issues,1,10,ANOM-LOG-CONTRACT-NEG-ISSUES,RISK-LOG-CONTRACT-NEG-ISSUES,REC-LOG-CONTRACT-NEG-ISSUES,LOG-CONTRACT-NEG,BUSINESS,True,ARCHIVE_IF_REFERENCED,False,ACTIVE,1,MATRICIA_GOLD_MASTER_BASELINE
Q-DIAG-LOG-SPEND-ANALYSIS-EXISTS,DIAG_SERVICE_EXISTS,LOG,LOG-SPEND,LOG-SPEND-ANALYSIS,DIAGNOSTIC,Diagnostic par service,32,Disposez-vous actuellement d’un dispositif ou processus formalisé pour « Analyse des dépenses et économies » ?,La réponse peut générer une recommandation liée au service « Analyse des dépenses et économies ».,SINGLE_CHOICE,True,False,"[""YES"", ""PARTIAL"", ""NO"", ""UNKNOWN""]",{},{},diagnostic.log_spend_analysis.exists,2,10,ANOM-LOG-SPEND-ANALYSIS-EXISTS,RISK-LOG-SPEND-ANALYSIS-EXISTS,REC-LOG-SPEND-ANALYSIS-EXISTS,LOG-SPEND-ANALYSIS,BUSINESS,True,ARCHIVE_IF_REFERENCED,False,ACTIVE,1,MATRICIA_GOLD_MASTER_BASELINE
Q-DIAG-LOG-SPEND-ANALYSIS-PERFORMANCE,DIAG_SERVICE_PERFORMANCE,LOG,LOG-SPEND,LOG-SPEND-ANALYSIS,DIAGNOSTIC,Diagnostic par service,33,Comment évaluez-vous la performance actuelle de « Analyse des dépenses et économies » ?,La réponse peut générer une recommandation liée au service « Analyse des dépenses et économies ».,RATING_5,True,False,[],{},{},diagnostic.log_spend_analysis.performance,2,10,ANOM-LOG-SPEND-ANALYSIS-PERFORMANCE,RISK-LOG-SPEND-ANALYSIS-PERFORMANCE,REC-LOG-SPEND-ANALYSIS-PERFORMANCE,LOG-SPEND-ANALYSIS,BUSINESS,True,ARCHIVE_IF_REFERENCED,False,ACTIVE,1,MATRICIA_GOLD_MASTER_BASELINE
Q-DIAG-LOG-SPEND-ANALYSIS-ISSUES,DIAG_SERVICE_ISSUES,LOG,LOG-SPEND,LOG-SPEND-ANALYSIS,DIAGNOSTIC,Diagnostic par service,34,"Quels problèmes, retards, incidents ou insatisfactions rencontrez-vous concernant « Analyse des dépenses et économies » ?",La réponse peut générer une recommandation liée au service « Analyse des dépenses et économies ».,LONG_TEXT,False,False,[],{},{},diagnostic.log_spend_analysis.issues,1,10,ANOM-LOG-SPEND-ANALYSIS-ISSUES,RISK-LOG-SPEND-ANALYSIS-ISSUES,REC-LOG-SPEND-ANALYSIS-ISSUES,LOG-SPEND-ANALYSIS,BUSINESS,True,ARCHIVE_IF_REFERENCED,False,ACTIVE,1,MATRICIA_GOLD_MASTER_BASELINE
Q-DIAG-LOG-E-PROC-EXISTS,DIAG_SERVICE_EXISTS,LOG,LOG-SPEND,LOG-E-PROC,DIAGNOSTIC,Diagnostic par service,35,Disposez-vous actuellement d’un dispositif ou processus formalisé pour « Mise en place d’un processus e-procurement » ?,La réponse peut générer une recommandation liée au service « Mise en place d’un processus e-procurement ».,SINGLE_CHOICE,True,False,"[""YES"", ""PARTIAL"", ""NO"", ""UNKNOWN""]",{},{},diagnostic.log_e_proc.exists,2,10,ANOM-LOG-E-PROC-EXISTS,RISK-LOG-E-PROC-EXISTS,REC-LOG-E-PROC-EXISTS,LOG-E-PROC,BUSINESS,True,ARCHIVE_IF_REFERENCED,False,ACTIVE,1,MATRICIA_GOLD_MASTER_BASELINE
Q-DIAG-LOG-E-PROC-PERFORMANCE,DIAG_SERVICE_PERFORMANCE,LOG,LOG-SPEND,LOG-E-PROC,DIAGNOSTIC,Diagnostic par service,36,Comment évaluez-vous la performance actuelle de « Mise en place d’un processus e-procurement » ?,La réponse peut générer une recommandation liée au service « Mise en place d’un processus e-procurement ».,RATING_5,True,False,[],{},{},diagnostic.log_e_proc.performance,2,10,ANOM-LOG-E-PROC-PERFORMANCE,RISK-LOG-E-PROC-PERFORMANCE,REC-LOG-E-PROC-PERFORMANCE,LOG-E-PROC,BUSINESS,True,ARCHIVE_IF_REFERENCED,False,ACTIVE,1,MATRICIA_GOLD_MASTER_BASELINE
Q-DIAG-LOG-E-PROC-ISSUES,DIAG_SERVICE_ISSUES,LOG,LOG-SPEND,LOG-E-PROC,DIAGNOSTIC,Diagnostic par service,37,"Quels problèmes, retards, incidents ou insatisfactions rencontrez-vous concernant « Mise en place d’un processus e-procurement » ?",La réponse peut générer une recommandation liée au service « Mise en place d’un processus e-procurement ».,LONG_TEXT,False,False,[],{},{},diagnostic.log_e_proc.issues,1,10,ANOM-LOG-E-PROC-ISSUES,RISK-LOG-E-PROC-ISSUES,REC-LOG-E-PROC-ISSUES,LOG-E-PROC,BUSINESS,True,ARCHIVE_IF_REFERENCED,False,ACTIVE,1,MATRICIA_GOLD_MASTER_BASELINE
Q-DIAG-LOG-INVENTORY-OPT-EXISTS,DIAG_SERVICE_EXISTS,LOG,LOG-INV,LOG-INVENTORY-OPT,DIAGNOSTIC,Diagnostic par service,38,Disposez-vous actuellement d’un dispositif ou processus formalisé pour « Optimisation des niveaux de stock » ?,La réponse peut générer une recommandation liée au service « Optimisation des niveaux de stock ».,SINGLE_CHOICE,True,False,"[""YES"", ""PARTIAL"", ""NO"", ""UNKNOWN""]",{},{},diagnostic.log_inventory_opt.exists,2,10,ANOM-LOG-INVENTORY-OPT-EXISTS,RISK-LOG-INVENTORY-OPT-EXISTS,REC-LOG-INVENTORY-OPT-EXISTS,LOG-INVENTORY-OPT,BUSINESS,True,ARCHIVE_IF_REFERENCED,False,ACTIVE,1,MATRICIA_GOLD_MASTER_BASELINE
Q-DIAG-LOG-INVENTORY-OPT-PERFORMANCE,DIAG_SERVICE_PERFORMANCE,LOG,LOG-INV,LOG-INVENTORY-OPT,DIAGNOSTIC,Diagnostic par service,39,Comment évaluez-vous la performance actuelle de « Optimisation des niveaux de stock » ?,La réponse peut générer une recommandation liée au service « Optimisation des niveaux de stock ».,RATING_5,True,False,[],{},{},diagnostic.log_inventory_opt.performance,2,10,ANOM-LOG-INVENTORY-OPT-PERFORMANCE,RISK-LOG-INVENTORY-OPT-PERFORMANCE,REC-LOG-INVENTORY-OPT-PERFORMANCE,LOG-INVENTORY-OPT,BUSINESS,True,ARCHIVE_IF_REFERENCED,False,ACTIVE,1,MATRICIA_GOLD_MASTER_BASELINE
Q-DIAG-LOG-INVENTORY-OPT-ISSUES,DIAG_SERVICE_ISSUES,LOG,LOG-INV,LOG-INVENTORY-OPT,DIAGNOSTIC,Diagnostic par service,40,"Quels problèmes, retards, incidents ou insatisfactions rencontrez-vous concernant « Optimisation des niveaux de stock » ?",La réponse peut générer une recommandation liée au service « Optimisation des niveaux de stock ».,LONG_TEXT,False,False,[],{},{},diagnostic.log_inventory_opt.issues,1,10,ANOM-LOG-INVENTORY-OPT-ISSUES,RISK-LOG-INVENTORY-OPT-ISSUES,REC-LOG-INVENTORY-OPT-ISSUES,LOG-INVENTORY-OPT,BUSINESS,True,ARCHIVE_IF_REFERENCED,False,ACTIVE,1,MATRICIA_GOLD_MASTER_BASELINE
Q-DIAG-LOG-FORECAST-EXISTS,DIAG_SERVICE_EXISTS,LOG,LOG-INV,LOG-FORECAST,DIAGNOSTIC,Diagnostic par service,41,Disposez-vous actuellement d’un dispositif ou processus formalisé pour « Prévision de la demande et S&OP » ?,La réponse peut générer une recommandation liée au service « Prévision de la demande et S&OP ».,SINGLE_CHOICE,True,False,"[""YES"", ""PARTIAL"", ""NO"", ""UNKNOWN""]",{},{},diagnostic.log_forecast.exists,2,10,ANOM-LOG-FORECAST-EXISTS,RISK-LOG-FORECAST-EXISTS,REC-LOG-FORECAST-EXISTS,LOG-FORECAST,BUSINESS,True,ARCHIVE_IF_REFERENCED,False,ACTIVE,1,MATRICIA_GOLD_MASTER_BASELINE
Q-DIAG-LOG-FORECAST-PERFORMANCE,DIAG_SERVICE_PERFORMANCE,LOG,LOG-INV,LOG-FORECAST,DIAGNOSTIC,Diagnostic par service,42,Comment évaluez-vous la performance actuelle de « Prévision de la demande et S&OP » ?,La réponse peut générer une recommandation liée au service « Prévision de la demande et S&OP ».,RATING_5,True,False,[],{},{},diagnostic.log_forecast.performance,2,10,ANOM-LOG-FORECAST-PERFORMANCE,RISK-LOG-FORECAST-PERFORMANCE,REC-LOG-FORECAST-PERFORMANCE,LOG-FORECAST,BUSINESS,True,ARCHIVE_IF_REFERENCED,False,ACTIVE,1,MATRICIA_GOLD_MASTER_BASELINE
Q-DIAG-LOG-FORECAST-ISSUES,DIAG_SERVICE_ISSUES,LOG,LOG-INV,LOG-FORECAST,DIAGNOSTIC,Diagnostic par service,43,"Quels problèmes, retards, incidents ou insatisfactions rencontrez-vous concernant « Prévision de la demande et S&OP » ?",La réponse peut générer une recommandation liée au service « Prévision de la demande et S&OP ».,LONG_TEXT,False,False,[],{},{},diagnostic.log_forecast.issues,1,10,ANOM-LOG-FORECAST-ISSUES,RISK-LOG-FORECAST-ISSUES,REC-LOG-FORECAST-ISSUES,LOG-FORECAST,BUSINESS,True,ARCHIVE_IF_REFERENCED,False,ACTIVE,1,MATRICIA_GOLD_MASTER_BASELINE
Q-DIAG-LOG-WH-DESIGN-EXISTS,DIAG_SERVICE_EXISTS,LOG,LOG-WH,LOG-WH-DESIGN,DIAGNOSTIC,Diagnostic par service,44,Disposez-vous actuellement d’un dispositif ou processus formalisé pour « Conception ou optimisation d’entrepôt » ?,La réponse peut générer une recommandation liée au service « Conception ou optimisation d’entrepôt ».,SINGLE_CHOICE,True,False,"[""YES"", ""PARTIAL"", ""NO"", ""UNKNOWN""]",{},{},diagnostic.log_wh_design.exists,2,10,ANOM-LOG-WH-DESIGN-EXISTS,RISK-LOG-WH-DESIGN-EXISTS,REC-LOG-WH-DESIGN-EXISTS,LOG-WH-DESIGN,BUSINESS,True,ARCHIVE_IF_REFERENCED,False,ACTIVE,1,MATRICIA_GOLD_MASTER_BASELINE
Q-DIAG-LOG-WH-DESIGN-PERFORMANCE,DIAG_SERVICE_PERFORMANCE,LOG,LOG-WH,LOG-WH-DESIGN,DIAGNOSTIC,Diagnostic par service,45,Comment évaluez-vous la performance actuelle de « Conception ou optimisation d’entrepôt » ?,La réponse peut générer une recommandation liée au service « Conception ou optimisation d’entrepôt ».,RATING_5,True,False,[],{},{},diagnostic.log_wh_design.performance,2,10,ANOM-LOG-WH-DESIGN-PERFORMANCE,RISK-LOG-WH-DESIGN-PERFORMANCE,REC-LOG-WH-DESIGN-PERFORMANCE,LOG-WH-DESIGN,BUSINESS,True,ARCHIVE_IF_REFERENCED,False,ACTIVE,1,MATRICIA_GOLD_MASTER_BASELINE
Q-DIAG-LOG-WH-DESIGN-ISSUES,DIAG_SERVICE_ISSUES,LOG,LOG-WH,LOG-WH-DESIGN,DIAGNOSTIC,Diagnostic par service,46,"Quels problèmes, retards, incidents ou insatisfactions rencontrez-vous concernant « Conception ou optimisation d’entrepôt » ?",La réponse peut générer une recommandation liée au service « Conception ou optimisation d’entrepôt ».,LONG_TEXT,False,False,[],{},{},diagnostic.log_wh_design.issues,1,10,ANOM-LOG-WH-DESIGN-ISSUES,RISK-LOG-WH-DESIGN-ISSUES,REC-LOG-WH-DESIGN-ISSUES,LOG-WH-DESIGN,BUSINESS,True,ARCHIVE_IF_REFERENCED,False,ACTIVE,1,MATRICIA_GOLD_MASTER_BASELINE
Q-DIAG-LOG-WMS-EXISTS,DIAG_SERVICE_EXISTS,LOG,LOG-WH,LOG-WMS,DIAGNOSTIC,Diagnostic par service,47,Disposez-vous actuellement d’un dispositif ou processus formalisé pour « Choix et déploiement WMS » ?,La réponse peut générer une recommandation liée au service « Choix et déploiement WMS ».,SINGLE_CHOICE,True,False,"[""YES"", ""PARTIAL"", ""NO"", ""UNKNOWN""]",{},{},diagnostic.log_wms.exists,2,10,ANOM-LOG-WMS-EXISTS,RISK-LOG-WMS-EXISTS,REC-LOG-WMS-EXISTS,LOG-WMS,BUSINESS,True,ARCHIVE_IF_REFERENCED,False,ACTIVE,1,MATRICIA_GOLD_MASTER_BASELINE
Q-DIAG-LOG-WMS-PERFORMANCE,DIAG_SERVICE_PERFORMANCE,LOG,LOG-WH,LOG-WMS,DIAGNOSTIC,Diagnostic par service,48,Comment évaluez-vous la performance actuelle de « Choix et déploiement WMS » ?,La réponse peut générer une recommandation liée au service « Choix et déploiement WMS ».,RATING_5,True,False,[],{},{},diagnostic.log_wms.performance,2,10,ANOM-LOG-WMS-PERFORMANCE,RISK-LOG-WMS-PERFORMANCE,REC-LOG-WMS-PERFORMANCE,LOG-WMS,BUSINESS,True,ARCHIVE_IF_REFERENCED,False,ACTIVE,1,MATRICIA_GOLD_MASTER_BASELINE
Q-DIAG-LOG-WMS-ISSUES,DIAG_SERVICE_ISSUES,LOG,LOG-WH,LOG-WMS,DIAGNOSTIC,Diagnostic par service,49,"Quels problèmes, retards, incidents ou insatisfactions rencontrez-vous concernant « Choix et déploiement WMS » ?",La réponse peut générer une recommandation liée au service « Choix et déploiement WMS ».,LONG_TEXT,False,False,[],{},{},diagnostic.log_wms.issues,1,10,ANOM-LOG-WMS-ISSUES,RISK-LOG-WMS-ISSUES,REC-LOG-WMS-ISSUES,LOG-WMS,BUSINESS,True,ARCHIVE_IF_REFERENCED,False,ACTIVE,1,MATRICIA_GOLD_MASTER_BASELINE
Q-DIAG-LOG-PICKING-EXISTS,DIAG_SERVICE_EXISTS,LOG,LOG-WH,LOG-PICKING,DIAGNOSTIC,Diagnostic par service,50,Disposez-vous actuellement d’un dispositif ou processus formalisé pour « Optimisation préparation de commandes » ?,La réponse peut générer une recommandation liée au service « Optimisation préparation de commandes ».,SINGLE_CHOICE,True,False,"[""YES"", ""PARTIAL"", ""NO"", ""UNKNOWN""]",{},{},diagnostic.log_picking.exists,2,10,ANOM-LOG-PICKING-EXISTS,RISK-LOG-PICKING-EXISTS,REC-LOG-PICKING-EXISTS,LOG-PICKING,BUSINESS,True,ARCHIVE_IF_REFERENCED,False,ACTIVE,1,MATRICIA_GOLD_MASTER_BASELINE
Q-DIAG-LOG-PICKING-PERFORMANCE,DIAG_SERVICE_PERFORMANCE,LOG,LOG-WH,LOG-PICKING,DIAGNOSTIC,Diagnostic par service,51,Comment évaluez-vous la performance actuelle de « Optimisation préparation de commandes » ?,La réponse peut générer une recommandation liée au service « Optimisation préparation de commandes ».,RATING_5,True,False,[],{},{},diagnostic.log_picking.performance,2,10,ANOM-LOG-PICKING-PERFORMANCE,RISK-LOG-PICKING-PERFORMANCE,REC-LOG-PICKING-PERFORMANCE,LOG-PICKING,BUSINESS,True,ARCHIVE_IF_REFERENCED,False,ACTIVE,1,MATRICIA_GOLD_MASTER_BASELINE
Q-DIAG-LOG-PICKING-ISSUES,DIAG_SERVICE_ISSUES,LOG,LOG-WH,LOG-PICKING,DIAGNOSTIC,Diagnostic par service,52,"Quels problèmes, retards, incidents ou insatisfactions rencontrez-vous concernant « Optimisation préparation de commandes » ?",La réponse peut générer une recommandation liée au service « Optimisation préparation de commandes ».,LONG_TEXT,False,False,[],{},{},diagnostic.log_picking.issues,1,10,ANOM-LOG-PICKING-ISSUES,RISK-LOG-PICKING-ISSUES,REC-LOG-PICKING-ISSUES,LOG-PICKING,BUSINESS,True,ARCHIVE_IF_REFERENCED,False,ACTIVE,1,MATRICIA_GOLD_MASTER_BASELINE
Q-DIAG-LOG-TRANS-TENDER-EXISTS,DIAG_SERVICE_EXISTS,LOG,LOG-TRANS,LOG-TRANS-TENDER,DIAGNOSTIC,Diagnostic par service,53,Disposez-vous actuellement d’un dispositif ou processus formalisé pour « Appel d’offres transporteurs » ?,La réponse peut générer une recommandation liée au service « Appel d’offres transporteurs ».,SINGLE_CHOICE,True,False,"[""YES"", ""PARTIAL"", ""NO"", ""UNKNOWN""]",{},{},diagnostic.log_trans_tender.exists,2,10,ANOM-LOG-TRANS-TENDER-EXISTS,RISK-LOG-TRANS-TENDER-EXISTS,REC-LOG-TRANS-TENDER-EXISTS,LOG-TRANS-TENDER,BUSINESS,True,ARCHIVE_IF_REFERENCED,False,ACTIVE,1,MATRICIA_GOLD_MASTER_BASELINE
Q-DIAG-LOG-TRANS-TENDER-PERFORMANCE,DIAG_SERVICE_PERFORMANCE,LOG,LOG-TRANS,LOG-TRANS-TENDER,DIAGNOSTIC,Diagnostic par service,54,Comment évaluez-vous la performance actuelle de « Appel d’offres transporteurs » ?,La réponse peut générer une recommandation liée au service « Appel d’offres transporteurs ».,RATING_5,True,False,[],{},{},diagnostic.log_trans_tender.performance,2,10,ANOM-LOG-TRANS-TENDER-PERFORMANCE,RISK-LOG-TRANS-TENDER-PERFORMANCE,REC-LOG-TRANS-TENDER-PERFORMANCE,LOG-TRANS-TENDER,BUSINESS,True,ARCHIVE_IF_REFERENCED,False,ACTIVE,1,MATRICIA_GOLD_MASTER_BASELINE
Q-DIAG-LOG-TRANS-TENDER-ISSUES,DIAG_SERVICE_ISSUES,LOG,LOG-TRANS,LOG-TRANS-TENDER,DIAGNOSTIC,Diagnostic par service,55,"Quels problèmes, retards, incidents ou insatisfactions rencontrez-vous concernant « Appel d’offres transporteurs » ?",La réponse peut générer une recommandation liée au service « Appel d’offres transporteurs ».,LONG_TEXT,False,False,[],{},{},diagnostic.log_trans_tender.issues,1,10,ANOM-LOG-TRANS-TENDER-ISSUES,RISK-LOG-TRANS-TENDER-ISSUES,REC-LOG-TRANS-TENDER-ISSUES,LOG-TRANS-TENDER,BUSINESS,True,ARCHIVE_IF_REFERENCED,False,ACTIVE,1,MATRICIA_GOLD_MASTER_BASELINE
Q-DIAG-LOG-ROUTE-EXISTS,DIAG_SERVICE_EXISTS,LOG,LOG-TRANS,LOG-ROUTE,DIAGNOSTIC,Diagnostic par service,56,Disposez-vous actuellement d’un dispositif ou processus formalisé pour « Optimisation des tournées et du dernier kilomètre » ?,La réponse peut générer une recommandation liée au service « Optimisation des tournées et du dernier kilomètre ».,SINGLE_CHOICE,True,False,"[""YES"", ""PARTIAL"", ""NO"", ""UNKNOWN""]",{},{},diagnostic.log_route.exists,2,10,ANOM-LOG-ROUTE-EXISTS,RISK-LOG-ROUTE-EXISTS,REC-LOG-ROUTE-EXISTS,LOG-ROUTE,BUSINESS,True,ARCHIVE_IF_REFERENCED,False,ACTIVE,1,MATRICIA_GOLD_MASTER_BASELINE
Q-DIAG-LOG-ROUTE-PERFORMANCE,DIAG_SERVICE_PERFORMANCE,LOG,LOG-TRANS,LOG-ROUTE,DIAGNOSTIC,Diagnostic par service,57,Comment évaluez-vous la performance actuelle de « Optimisation des tournées et du dernier kilomètre » ?,La réponse peut générer une recommandation liée au service « Optimisation des tournées et du dernier kilomètre ».,RATING_5,True,False,[],{},{},diagnostic.log_route.performance,2,10,ANOM-LOG-ROUTE-PERFORMANCE,RISK-LOG-ROUTE-PERFORMANCE,REC-LOG-ROUTE-PERFORMANCE,LOG-ROUTE,BUSINESS,True,ARCHIVE_IF_REFERENCED,False,ACTIVE,1,MATRICIA_GOLD_MASTER_BASELINE
Q-DIAG-LOG-ROUTE-ISSUES,DIAG_SERVICE_ISSUES,LOG,LOG-TRANS,LOG-ROUTE,DIAGNOSTIC,Diagnostic par service,58,"Quels problèmes, retards, incidents ou insatisfactions rencontrez-vous concernant « Optimisation des tournées et du dernier kilomètre » ?",La réponse peut générer une recommandation liée au service « Optimisation des tournées et du dernier kilomètre ».,LONG_TEXT,False,False,[],{},{},diagnostic.log_route.issues,1,10,ANOM-LOG-ROUTE-ISSUES,RISK-LOG-ROUTE-ISSUES,REC-LOG-ROUTE-ISSUES,LOG-ROUTE,BUSINESS,True,ARCHIVE_IF_REFERENCED,False,ACTIVE,1,MATRICIA_GOLD_MASTER_BASELINE
Q-DIAG-LOG-CUSTOMS-EXISTS,DIAG_SERVICE_EXISTS,LOG,LOG-TRADE,LOG-CUSTOMS,DIAGNOSTIC,Diagnostic par service,59,Disposez-vous actuellement d’un dispositif ou processus formalisé pour « Assistance douane et conformité import-export » ?,La réponse peut générer une recommandation liée au service « Assistance douane et conformité import-export ».,SINGLE_CHOICE,True,False,"[""YES"", ""PARTIAL"", ""NO"", ""UNKNOWN""]",{},{},diagnostic.log_customs.exists,2,10,ANOM-LOG-CUSTOMS-EXISTS,RISK-LOG-CUSTOMS-EXISTS,REC-LOG-CUSTOMS-EXISTS,LOG-CUSTOMS,BUSINESS,True,ARCHIVE_IF_REFERENCED,False,ACTIVE,1,MATRICIA_GOLD_MASTER_BASELINE
Q-DIAG-LOG-CUSTOMS-PERFORMANCE,DIAG_SERVICE_PERFORMANCE,LOG,LOG-TRADE,LOG-CUSTOMS,DIAGNOSTIC,Diagnostic par service,60,Comment évaluez-vous la performance actuelle de « Assistance douane et conformité import-export » ?,La réponse peut générer une recommandation liée au service « Assistance douane et conformité import-export ».,RATING_5,True,False,[],{},{},diagnostic.log_customs.performance,2,10,ANOM-LOG-CUSTOMS-PERFORMANCE,RISK-LOG-CUSTOMS-PERFORMANCE,REC-LOG-CUSTOMS-PERFORMANCE,LOG-CUSTOMS,BUSINESS,True,ARCHIVE_IF_REFERENCED,False,ACTIVE,1,MATRICIA_GOLD_MASTER_BASELINE
Q-DIAG-LOG-CUSTOMS-ISSUES,DIAG_SERVICE_ISSUES,LOG,LOG-TRADE,LOG-CUSTOMS,DIAGNOSTIC,Diagnostic par service,61,"Quels problèmes, retards, incidents ou insatisfactions rencontrez-vous concernant « Assistance douane et conformité import-export » ?",La réponse peut générer une recommandation liée au service « Assistance douane et conformité import-export ».,LONG_TEXT,False,False,[],{},{},diagnostic.log_customs.issues,1,10,ANOM-LOG-CUSTOMS-ISSUES,RISK-LOG-CUSTOMS-ISSUES,REC-LOG-CUSTOMS-ISSUES,LOG-CUSTOMS,BUSINESS,True,ARCHIVE_IF_REFERENCED,False,ACTIVE,1,MATRICIA_GOLD_MASTER_BASELINE
Q-DIAG-LOG-IMPORT-EXISTS,DIAG_SERVICE_EXISTS,LOG,LOG-TRADE,LOG-IMPORT,DIAGNOSTIC,Diagnostic par service,62,Disposez-vous actuellement d’un dispositif ou processus formalisé pour « Organisation d’opérations import-export » ?,La réponse peut générer une recommandation liée au service « Organisation d’opérations import-export ».,SINGLE_CHOICE,True,False,"[""YES"", ""PARTIAL"", ""NO"", ""UNKNOWN""]",{},{},diagnostic.log_import.exists,2,10,ANOM-LOG-IMPORT-EXISTS,RISK-LOG-IMPORT-EXISTS,REC-LOG-IMPORT-EXISTS,LOG-IMPORT,BUSINESS,True,ARCHIVE_IF_REFERENCED,False,ACTIVE,1,MATRICIA_GOLD_MASTER_BASELINE
Q-DIAG-LOG-IMPORT-PERFORMANCE,DIAG_SERVICE_PERFORMANCE,LOG,LOG-TRADE,LOG-IMPORT,DIAGNOSTIC,Diagnostic par service,63,Comment évaluez-vous la performance actuelle de « Organisation d’opérations import-export » ?,La réponse peut générer une recommandation liée au service « Organisation d’opérations import-export ».,RATING_5,True,False,[],{},{},diagnostic.log_import.performance,2,10,ANOM-LOG-IMPORT-PERFORMANCE,RISK-LOG-IMPORT-PERFORMANCE,REC-LOG-IMPORT-PERFORMANCE,LOG-IMPORT,BUSINESS,True,ARCHIVE_IF_REFERENCED,False,ACTIVE,1,MATRICIA_GOLD_MASTER_BASELINE
Q-DIAG-LOG-IMPORT-ISSUES,DIAG_SERVICE_ISSUES,LOG,LOG-TRADE,LOG-IMPORT,DIAGNOSTIC,Diagnostic par service,64,"Quels problèmes, retards, incidents ou insatisfactions rencontrez-vous concernant « Organisation d’opérations import-export » ?",La réponse peut générer une recommandation liée au service « Organisation d’opérations import-export ».,LONG_TEXT,False,False,[],{},{},diagnostic.log_import.issues,1,10,ANOM-LOG-IMPORT-ISSUES,RISK-LOG-IMPORT-ISSUES,REC-LOG-IMPORT-ISSUES,LOG-IMPORT,BUSINESS,True,ARCHIVE_IF_REFERENCED,False,ACTIVE,1,MATRICIA_GOLD_MASTER_BASELINE
Q-DIAG-LOG-SC-DIGITAL-EXISTS,DIAG_SERVICE_EXISTS,LOG,LOG-DIGI,LOG-SC-DIGITAL,DIAGNOSTIC,Diagnostic par service,65,Disposez-vous actuellement d’un dispositif ou processus formalisé pour « Digitalisation et tableau de bord supply chain » ?,La réponse peut générer une recommandation liée au service « Digitalisation et tableau de bord supply chain ».,SINGLE_CHOICE,True,False,"[""YES"", ""PARTIAL"", ""NO"", ""UNKNOWN""]",{},{},diagnostic.log_sc_digital.exists,2,10,ANOM-LOG-SC-DIGITAL-EXISTS,RISK-LOG-SC-DIGITAL-EXISTS,REC-LOG-SC-DIGITAL-EXISTS,LOG-SC-DIGITAL,BUSINESS,True,ARCHIVE_IF_REFERENCED,False,ACTIVE,1,MATRICIA_GOLD_MASTER_BASELINE
Q-DIAG-LOG-SC-DIGITAL-PERFORMANCE,DIAG_SERVICE_PERFORMANCE,LOG,LOG-DIGI,LOG-SC-DIGITAL,DIAGNOSTIC,Diagnostic par service,66,Comment évaluez-vous la performance actuelle de « Digitalisation et tableau de bord supply chain » ?,La réponse peut générer une recommandation liée au service « Digitalisation et tableau de bord supply chain ».,RATING_5,True,False,[],{},{},diagnostic.log_sc_digital.performance,2,10,ANOM-LOG-SC-DIGITAL-PERFORMANCE,RISK-LOG-SC-DIGITAL-PERFORMANCE,REC-LOG-SC-DIGITAL-PERFORMANCE,LOG-SC-DIGITAL,BUSINESS,True,ARCHIVE_IF_REFERENCED,False,ACTIVE,1,MATRICIA_GOLD_MASTER_BASELINE
Q-DIAG-LOG-SC-DIGITAL-ISSUES,DIAG_SERVICE_ISSUES,LOG,LOG-DIGI,LOG-SC-DIGITAL,DIAGNOSTIC,Diagnostic par service,67,"Quels problèmes, retards, incidents ou insatisfactions rencontrez-vous concernant « Digitalisation et tableau de bord supply chain » ?",La réponse peut générer une recommandation liée au service « Digitalisation et tableau de bord supply chain ».,LONG_TEXT,False,False,[],{},{},diagnostic.log_sc_digital.issues,1,10,ANOM-LOG-SC-DIGITAL-ISSUES,RISK-LOG-SC-DIGITAL-ISSUES,REC-LOG-SC-DIGITAL-ISSUES,LOG-SC-DIGITAL,BUSINESS,True,ARCHIVE_IF_REFERENCED,False,ACTIVE,1,MATRICIA_GOLD_MASTER_BASELINE
Q-DIAG-LOG-BCP-EXISTS,DIAG_SERVICE_EXISTS,LOG,LOG-DIGI,LOG-BCP,DIAGNOSTIC,Diagnostic par service,68,Disposez-vous actuellement d’un dispositif ou processus formalisé pour « Plan de continuité supply chain » ?,La réponse peut générer une recommandation liée au service « Plan de continuité supply chain ».,SINGLE_CHOICE,True,False,"[""YES"", ""PARTIAL"", ""NO"", ""UNKNOWN""]",{},{},diagnostic.log_bcp.exists,2,10,ANOM-LOG-BCP-EXISTS,RISK-LOG-BCP-EXISTS,REC-LOG-BCP-EXISTS,LOG-BCP,BUSINESS,True,ARCHIVE_IF_REFERENCED,False,ACTIVE,1,MATRICIA_GOLD_MASTER_BASELINE
Q-DIAG-LOG-BCP-PERFORMANCE,DIAG_SERVICE_PERFORMANCE,LOG,LOG-DIGI,LOG-BCP,DIAGNOSTIC,Diagnostic par service,69,Comment évaluez-vous la performance actuelle de « Plan de continuité supply chain » ?,La réponse peut générer une recommandation liée au service « Plan de continuité supply chain ».,RATING_5,True,False,[],{},{},diagnostic.log_bcp.performance,2,10,ANOM-LOG-BCP-PERFORMANCE,RISK-LOG-BCP-PERFORMANCE,REC-LOG-BCP-PERFORMANCE,LOG-BCP,BUSINESS,True,ARCHIVE_IF_REFERENCED,False,ACTIVE,1,MATRICIA_GOLD_MASTER_BASELINE
Q-DIAG-LOG-BCP-ISSUES,DIAG_SERVICE_ISSUES,LOG,LOG-DIGI,LOG-BCP,DIAGNOSTIC,Diagnostic par service,70,"Quels problèmes, retards, incidents ou insatisfactions rencontrez-vous concernant « Plan de continuité supply chain » ?",La réponse peut générer une recommandation liée au service « Plan de continuité supply chain ».,LONG_TEXT,False,False,[],{},{},diagnostic.log_bcp.issues,1,10,ANOM-LOG-BCP-ISSUES,RISK-LOG-BCP-ISSUES,REC-LOG-BCP-ISSUES,LOG-BCP,BUSINESS,True,ARCHIVE_IF_REFERENCED,False,ACTIVE,1,MATRICIA_GOLD_MASTER_BASELINE
Q-DIAG-BTP-BASE-01,DIAG_COMMON_MATURITY,BTP,,,DIAGNOSTIC,Diagnostic général,1,"Quel est le niveau de formalisation actuel de vos pratiques dans la bibliothèque « BTP, immobilier et maintenance » ?",Répondez selon la situation réelle de votre entreprise.,SINGLE_CHOICE,True,False,"[""INEXISTANT"", ""INFORMEL"", ""PARTIEL"", ""FORMALISE"", ""MESURE_ET_AMELIORE""]",{},{},diagnostic.btp.base_maturity,2,10,ANOM-BTP-BASE-MATURITY,RISK-BTP-BASE-MATURITY,REC-BTP-BASE-MATURITY,,BUSINESS,True,ARCHIVE_IF_REFERENCED,False,ACTIVE,1,MATRICIA_GOLD_MASTER_BASELINE
Q-DIAG-BTP-BASE-02,DIAG_COMMON_OWNER,BTP,,,DIAGNOSTIC,Diagnostic général,2,Un responsable clairement identifié pilote-t-il ce domaine ?,Répondez selon la situation réelle de votre entreprise.,YES_NO,True,False,"[""YES"", ""NO"", ""UNKNOWN""]",{},{},diagnostic.btp.base_owner,1,10,ANOM-BTP-BASE-OWNER,RISK-BTP-BASE-OWNER,REC-BTP-BASE-OWNER,,BUSINESS,True,ARCHIVE_IF_REFERENCED,False,ACTIVE,1,MATRICIA_GOLD_MASTER_BASELINE
Q-DIAG-BTP-BASE-03,DIAG_COMMON_BUDGET,BTP,,,DIAGNOSTIC,Diagnostic général,3,Un budget annuel est-il défini et suivi pour ce domaine ?,Répondez selon la situation réelle de votre entreprise.,YES_NO,True,False,"[""YES"", ""NO"", ""PARTIAL""]",{},{},diagnostic.btp.base_budget,1,10,ANOM-BTP-BASE-BUDGET,RISK-BTP-BASE-BUDGET,REC-BTP-BASE-BUDGET,,BUSINESS,True,ARCHIVE_IF_REFERENCED,False,ACTIVE,1,MATRICIA_GOLD_MASTER_BASELINE
Q-DIAG-BTP-BASE-04,DIAG_COMMON_KPI,BTP,,,DIAGNOSTIC,Diagnostic général,4,Disposez-vous d’indicateurs réguliers pour mesurer la performance de ce domaine ?,Répondez selon la situation réelle de votre entreprise.,YES_NO,True,False,"[""YES"", ""NO"", ""PARTIAL""]",{},{},diagnostic.btp.base_kpi,1,10,ANOM-BTP-BASE-KPI,RISK-BTP-BASE-KPI,REC-BTP-BASE-KPI,,BUSINESS,True,ARCHIVE_IF_REFERENCED,False,ACTIVE,1,MATRICIA_GOLD_MASTER_BASELINE
Q-DIAG-BTP-BASE-05,DIAG_COMMON_RISKS,BTP,,,DIAGNOSTIC,Diagnostic général,5,"Les risques majeurs de ce domaine sont-ils identifiés, évalués et suivis ?",Répondez selon la situation réelle de votre entreprise.,YES_NO,True,False,"[""YES"", ""NO"", ""PARTIAL""]",{},{},diagnostic.btp.base_risks,2,10,ANOM-BTP-BASE-RISKS,RISK-BTP-BASE-RISKS,REC-BTP-BASE-RISKS,,BUSINESS,True,ARCHIVE_IF_REFERENCED,True,ACTIVE,1,MATRICIA_GOLD_MASTER_BASELINE
Q-DIAG-BTP-BASE-06,DIAG_COMMON_DOCUMENTATION,BTP,,,DIAGNOSTIC,Diagnostic général,6,"Les politiques, procédures et responsabilités sont-elles documentées et à jour ?",Répondez selon la situation réelle de votre entreprise.,YES_NO,True,False,"[""YES"", ""NO"", ""PARTIAL""]",{},{},diagnostic.btp.base_documentation,1,10,ANOM-BTP-BASE-DOCUMENTATION,RISK-BTP-BASE-DOCUMENTATION,REC-BTP-BASE-DOCUMENTATION,,BUSINESS,True,ARCHIVE_IF_REFERENCED,False,ACTIVE,1,MATRICIA_GOLD_MASTER_BASELINE
Q-DIAG-BTP-BASE-07,DIAG_COMMON_TOOLS,BTP,,,DIAGNOSTIC,Diagnostic général,7,Les outils utilisés répondent-ils aux besoins et communiquent-ils correctement entre eux ?,Répondez selon la situation réelle de votre entreprise.,SINGLE_CHOICE,True,False,"[""YES"", ""PARTIAL"", ""NO"", ""UNKNOWN""]",{},{},diagnostic.btp.base_tools,1,10,ANOM-BTP-BASE-TOOLS,RISK-BTP-BASE-TOOLS,REC-BTP-BASE-TOOLS,,BUSINESS,True,ARCHIVE_IF_REFERENCED,False,ACTIVE,1,MATRICIA_GOLD_MASTER_BASELINE
Q-DIAG-BTP-BASE-08,DIAG_COMMON_SKILLS,BTP,,,DIAGNOSTIC,Diagnostic général,8,Les équipes disposent-elles des compétences et ressources nécessaires ?,Répondez selon la situation réelle de votre entreprise.,SINGLE_CHOICE,True,False,"[""YES"", ""PARTIAL"", ""NO"", ""UNKNOWN""]",{},{},diagnostic.btp.base_skills,1,10,ANOM-BTP-BASE-SKILLS,RISK-BTP-BASE-SKILLS,REC-BTP-BASE-SKILLS,,BUSINESS,True,ARCHIVE_IF_REFERENCED,False,ACTIVE,1,MATRICIA_GOLD_MASTER_BASELINE
Q-DIAG-BTP-BASE-09,DIAG_COMMON_INCIDENTS,BTP,,,DIAGNOSTIC,Diagnostic général,9,"Avez-vous connu des incidents, retards, pertes ou réclamations significatifs dans ce domaine au cours des 12 derniers mois ?",Répondez selon la situation réelle de votre entreprise.,YES_NO,True,False,"[""YES"", ""NO""]",{},{},diagnostic.btp.base_incidents,2,10,ANOM-BTP-BASE-INCIDENTS,RISK-BTP-BASE-INCIDENTS,REC-BTP-BASE-INCIDENTS,,BUSINESS,True,ARCHIVE_IF_REFERENCED,False,ACTIVE,1,MATRICIA_GOLD_MASTER_BASELINE
Q-DIAG-BTP-BASE-10,DIAG_COMMON_PRIORITY,BTP,,,DIAGNOSTIC,Diagnostic général,10,Souhaitez-vous faire de ce domaine une priorité d’amélioration dans les 12 prochains mois ?,Répondez selon la situation réelle de votre entreprise.,SINGLE_CHOICE,True,False,"[""HIGH"", ""MEDIUM"", ""LOW"", ""NO""]",{},{},diagnostic.btp.base_priority,1,10,ANOM-BTP-BASE-PRIORITY,RISK-BTP-BASE-PRIORITY,REC-BTP-BASE-PRIORITY,,BUSINESS,True,ARCHIVE_IF_REFERENCED,False,ACTIVE,1,MATRICIA_GOLD_MASTER_BASELINE
Q-DIAG-BTP-FEAS-EXISTS,DIAG_SERVICE_EXISTS,BTP,BTP-STUDY,BTP-FEAS,DIAGNOSTIC,Diagnostic par service,11,Disposez-vous actuellement d’un dispositif ou processus formalisé pour « Étude de faisabilité immobilière ou chantier » ?,La réponse peut générer une recommandation liée au service « Étude de faisabilité immobilière ou chantier ».,SINGLE_CHOICE,True,False,"[""YES"", ""PARTIAL"", ""NO"", ""UNKNOWN""]",{},{},diagnostic.btp_feas.exists,2,10,ANOM-BTP-FEAS-EXISTS,RISK-BTP-FEAS-EXISTS,REC-BTP-FEAS-EXISTS,BTP-FEAS,BUSINESS,True,ARCHIVE_IF_REFERENCED,False,ACTIVE,1,MATRICIA_GOLD_MASTER_BASELINE
Q-DIAG-BTP-FEAS-PERFORMANCE,DIAG_SERVICE_PERFORMANCE,BTP,BTP-STUDY,BTP-FEAS,DIAGNOSTIC,Diagnostic par service,12,Comment évaluez-vous la performance actuelle de « Étude de faisabilité immobilière ou chantier » ?,La réponse peut générer une recommandation liée au service « Étude de faisabilité immobilière ou chantier ».,RATING_5,True,False,[],{},{},diagnostic.btp_feas.performance,2,10,ANOM-BTP-FEAS-PERFORMANCE,RISK-BTP-FEAS-PERFORMANCE,REC-BTP-FEAS-PERFORMANCE,BTP-FEAS,BUSINESS,True,ARCHIVE_IF_REFERENCED,False,ACTIVE,1,MATRICIA_GOLD_MASTER_BASELINE
Q-DIAG-BTP-FEAS-ISSUES,DIAG_SERVICE_ISSUES,BTP,BTP-STUDY,BTP-FEAS,DIAGNOSTIC,Diagnostic par service,13,"Quels problèmes, retards, incidents ou insatisfactions rencontrez-vous concernant « Étude de faisabilité immobilière ou chantier » ?",La réponse peut générer une recommandation liée au service « Étude de faisabilité immobilière ou chantier ».,LONG_TEXT,False,False,[],{},{},diagnostic.btp_feas.issues,1,10,ANOM-BTP-FEAS-ISSUES,RISK-BTP-FEAS-ISSUES,REC-BTP-FEAS-ISSUES,BTP-FEAS,BUSINESS,True,ARCHIVE_IF_REFERENCED,False,ACTIVE,1,MATRICIA_GOLD_MASTER_BASELINE
Q-DIAG-BTP-ARCH-EXISTS,DIAG_SERVICE_EXISTS,BTP,BTP-STUDY,BTP-ARCH,DIAGNOSTIC,Diagnostic par service,14,Disposez-vous actuellement d’un dispositif ou processus formalisé pour « Conception architecturale » ?,La réponse peut générer une recommandation liée au service « Conception architecturale ».,SINGLE_CHOICE,True,False,"[""YES"", ""PARTIAL"", ""NO"", ""UNKNOWN""]",{},{},diagnostic.btp_arch.exists,2,10,ANOM-BTP-ARCH-EXISTS,RISK-BTP-ARCH-EXISTS,REC-BTP-ARCH-EXISTS,BTP-ARCH,BUSINESS,True,ARCHIVE_IF_REFERENCED,False,ACTIVE,1,MATRICIA_GOLD_MASTER_BASELINE
Q-DIAG-BTP-ARCH-PERFORMANCE,DIAG_SERVICE_PERFORMANCE,BTP,BTP-STUDY,BTP-ARCH,DIAGNOSTIC,Diagnostic par service,15,Comment évaluez-vous la performance actuelle de « Conception architecturale » ?,La réponse peut générer une recommandation liée au service « Conception architecturale ».,RATING_5,True,False,[],{},{},diagnostic.btp_arch.performance,2,10,ANOM-BTP-ARCH-PERFORMANCE,RISK-BTP-ARCH-PERFORMANCE,REC-BTP-ARCH-PERFORMANCE,BTP-ARCH,BUSINESS,True,ARCHIVE_IF_REFERENCED,False,ACTIVE,1,MATRICIA_GOLD_MASTER_BASELINE
Q-DIAG-BTP-ARCH-ISSUES,DIAG_SERVICE_ISSUES,BTP,BTP-STUDY,BTP-ARCH,DIAGNOSTIC,Diagnostic par service,16,"Quels problèmes, retards, incidents ou insatisfactions rencontrez-vous concernant « Conception architecturale » ?",La réponse peut générer une recommandation liée au service « Conception architecturale ».,LONG_TEXT,False,False,[],{},{},diagnostic.btp_arch.issues,1,10,ANOM-BTP-ARCH-ISSUES,RISK-BTP-ARCH-ISSUES,REC-BTP-ARCH-ISSUES,BTP-ARCH,BUSINESS,True,ARCHIVE_IF_REFERENCED,False,ACTIVE,1,MATRICIA_GOLD_MASTER_BASELINE
Q-DIAG-BTP-STRUCT-EXISTS,DIAG_SERVICE_EXISTS,BTP,BTP-STUDY,BTP-STRUCT,DIAGNOSTIC,Diagnostic par service,17,Disposez-vous actuellement d’un dispositif ou processus formalisé pour « Étude de structure » ?,La réponse peut générer une recommandation liée au service « Étude de structure ».,SINGLE_CHOICE,True,False,"[""YES"", ""PARTIAL"", ""NO"", ""UNKNOWN""]",{},{},diagnostic.btp_struct.exists,2,10,ANOM-BTP-STRUCT-EXISTS,RISK-BTP-STRUCT-EXISTS,REC-BTP-STRUCT-EXISTS,BTP-STRUCT,BUSINESS,True,ARCHIVE_IF_REFERENCED,False,ACTIVE,1,MATRICIA_GOLD_MASTER_BASELINE
Q-DIAG-BTP-STRUCT-PERFORMANCE,DIAG_SERVICE_PERFORMANCE,BTP,BTP-STUDY,BTP-STRUCT,DIAGNOSTIC,Diagnostic par service,18,Comment évaluez-vous la performance actuelle de « Étude de structure » ?,La réponse peut générer une recommandation liée au service « Étude de structure ».,RATING_5,True,False,[],{},{},diagnostic.btp_struct.performance,2,10,ANOM-BTP-STRUCT-PERFORMANCE,RISK-BTP-STRUCT-PERFORMANCE,REC-BTP-STRUCT-PERFORMANCE,BTP-STRUCT,BUSINESS,True,ARCHIVE_IF_REFERENCED,False,ACTIVE,1,MATRICIA_GOLD_MASTER_BASELINE
Q-DIAG-BTP-STRUCT-ISSUES,DIAG_SERVICE_ISSUES,BTP,BTP-STUDY,BTP-STRUCT,DIAGNOSTIC,Diagnostic par service,19,"Quels problèmes, retards, incidents ou insatisfactions rencontrez-vous concernant « Étude de structure » ?",La réponse peut générer une recommandation liée au service « Étude de structure ».,LONG_TEXT,False,False,[],{},{},diagnostic.btp_struct.issues,1,10,ANOM-BTP-STRUCT-ISSUES,RISK-BTP-STRUCT-ISSUES,REC-BTP-STRUCT-ISSUES,BTP-STRUCT,BUSINESS,True,ARCHIVE_IF_REFERENCED,False,ACTIVE,1,MATRICIA_GOLD_MASTER_BASELINE
Q-DIAG-BTP-GEO-EXISTS,DIAG_SERVICE_EXISTS,BTP,BTP-STUDY,BTP-GEO,DIAGNOSTIC,Diagnostic par service,20,Disposez-vous actuellement d’un dispositif ou processus formalisé pour « Étude géotechnique » ?,La réponse peut générer une recommandation liée au service « Étude géotechnique ».,SINGLE_CHOICE,True,False,"[""YES"", ""PARTIAL"", ""NO"", ""UNKNOWN""]",{},{},diagnostic.btp_geo.exists,2,10,ANOM-BTP-GEO-EXISTS,RISK-BTP-GEO-EXISTS,REC-BTP-GEO-EXISTS,BTP-GEO,BUSINESS,True,ARCHIVE_IF_REFERENCED,False,ACTIVE,1,MATRICIA_GOLD_MASTER_BASELINE
Q-DIAG-BTP-GEO-PERFORMANCE,DIAG_SERVICE_PERFORMANCE,BTP,BTP-STUDY,BTP-GEO,DIAGNOSTIC,Diagnostic par service,21,Comment évaluez-vous la performance actuelle de « Étude géotechnique » ?,La réponse peut générer une recommandation liée au service « Étude géotechnique ».,RATING_5,True,False,[],{},{},diagnostic.btp_geo.performance,2,10,ANOM-BTP-GEO-PERFORMANCE,RISK-BTP-GEO-PERFORMANCE,REC-BTP-GEO-PERFORMANCE,BTP-GEO,BUSINESS,True,ARCHIVE_IF_REFERENCED,False,ACTIVE,1,MATRICIA_GOLD_MASTER_BASELINE
Q-DIAG-BTP-GEO-ISSUES,DIAG_SERVICE_ISSUES,BTP,BTP-STUDY,BTP-GEO,DIAGNOSTIC,Diagnostic par service,22,"Quels problèmes, retards, incidents ou insatisfactions rencontrez-vous concernant « Étude géotechnique » ?",La réponse peut générer une recommandation liée au service « Étude géotechnique ».,LONG_TEXT,False,False,[],{},{},diagnostic.btp_geo.issues,1,10,ANOM-BTP-GEO-ISSUES,RISK-BTP-GEO-ISSUES,REC-BTP-GEO-ISSUES,BTP-GEO,BUSINESS,True,ARCHIVE_IF_REFERENCED,False,ACTIVE,1,MATRICIA_GOLD_MASTER_BASELINE
Q-DIAG-BTP-MEP-DESIGN-EXISTS,DIAG_SERVICE_EXISTS,BTP,BTP-STUDY,BTP-MEP-DESIGN,DIAGNOSTIC,Diagnostic par service,23,"Disposez-vous actuellement d’un dispositif ou processus formalisé pour « Études électricité, plomberie et CVC » ?","La réponse peut générer une recommandation liée au service « Études électricité, plomberie et CVC ».",SINGLE_CHOICE,True,False,"[""YES"", ""PARTIAL"", ""NO"", ""UNKNOWN""]",{},{},diagnostic.btp_mep_design.exists,2,10,ANOM-BTP-MEP-DESIGN-EXISTS,RISK-BTP-MEP-DESIGN-EXISTS,REC-BTP-MEP-DESIGN-EXISTS,BTP-MEP-DESIGN,BUSINESS,True,ARCHIVE_IF_REFERENCED,False,ACTIVE,1,MATRICIA_GOLD_MASTER_BASELINE
Q-DIAG-BTP-MEP-DESIGN-PERFORMANCE,DIAG_SERVICE_PERFORMANCE,BTP,BTP-STUDY,BTP-MEP-DESIGN,DIAGNOSTIC,Diagnostic par service,24,"Comment évaluez-vous la performance actuelle de « Études électricité, plomberie et CVC » ?","La réponse peut générer une recommandation liée au service « Études électricité, plomberie et CVC ».",RATING_5,True,False,[],{},{},diagnostic.btp_mep_design.performance,2,10,ANOM-BTP-MEP-DESIGN-PERFORMANCE,RISK-BTP-MEP-DESIGN-PERFORMANCE,REC-BTP-MEP-DESIGN-PERFORMANCE,BTP-MEP-DESIGN,BUSINESS,True,ARCHIVE_IF_REFERENCED,False,ACTIVE,1,MATRICIA_GOLD_MASTER_BASELINE
Q-DIAG-BTP-MEP-DESIGN-ISSUES,DIAG_SERVICE_ISSUES,BTP,BTP-STUDY,BTP-MEP-DESIGN,DIAGNOSTIC,Diagnostic par service,25,"Quels problèmes, retards, incidents ou insatisfactions rencontrez-vous concernant « Études électricité, plomberie et CVC » ?","La réponse peut générer une recommandation liée au service « Études électricité, plomberie et CVC ».",LONG_TEXT,False,False,[],{},{},diagnostic.btp_mep_design.issues,1,10,ANOM-BTP-MEP-DESIGN-ISSUES,RISK-BTP-MEP-DESIGN-ISSUES,REC-BTP-MEP-DESIGN-ISSUES,BTP-MEP-DESIGN,BUSINESS,True,ARCHIVE_IF_REFERENCED,False,ACTIVE,1,MATRICIA_GOLD_MASTER_BASELINE
Q-DIAG-BTP-QS-EXISTS,DIAG_SERVICE_EXISTS,BTP,BTP-COST,BTP-QS,DIAGNOSTIC,Diagnostic par service,26,"Disposez-vous actuellement d’un dispositif ou processus formalisé pour « Métré, estimation et bordereau de prix » ?","La réponse peut générer une recommandation liée au service « Métré, estimation et bordereau de prix ».",SINGLE_CHOICE,True,False,"[""YES"", ""PARTIAL"", ""NO"", ""UNKNOWN""]",{},{},diagnostic.btp_qs.exists,2,10,ANOM-BTP-QS-EXISTS,RISK-BTP-QS-EXISTS,REC-BTP-QS-EXISTS,BTP-QS,BUSINESS,True,ARCHIVE_IF_REFERENCED,False,ACTIVE,1,MATRICIA_GOLD_MASTER_BASELINE
Q-DIAG-BTP-QS-PERFORMANCE,DIAG_SERVICE_PERFORMANCE,BTP,BTP-COST,BTP-QS,DIAGNOSTIC,Diagnostic par service,27,"Comment évaluez-vous la performance actuelle de « Métré, estimation et bordereau de prix » ?","La réponse peut générer une recommandation liée au service « Métré, estimation et bordereau de prix ».",RATING_5,True,False,[],{},{},diagnostic.btp_qs.performance,2,10,ANOM-BTP-QS-PERFORMANCE,RISK-BTP-QS-PERFORMANCE,REC-BTP-QS-PERFORMANCE,BTP-QS,BUSINESS,True,ARCHIVE_IF_REFERENCED,False,ACTIVE,1,MATRICIA_GOLD_MASTER_BASELINE
Q-DIAG-BTP-QS-ISSUES,DIAG_SERVICE_ISSUES,BTP,BTP-COST,BTP-QS,DIAGNOSTIC,Diagnostic par service,28,"Quels problèmes, retards, incidents ou insatisfactions rencontrez-vous concernant « Métré, estimation et bordereau de prix » ?","La réponse peut générer une recommandation liée au service « Métré, estimation et bordereau de prix ».",LONG_TEXT,False,False,[],{},{},diagnostic.btp_qs.issues,1,10,ANOM-BTP-QS-ISSUES,RISK-BTP-QS-ISSUES,REC-BTP-QS-ISSUES,BTP-QS,BUSINESS,True,ARCHIVE_IF_REFERENCED,False,ACTIVE,1,MATRICIA_GOLD_MASTER_BASELINE
Q-DIAG-BTP-PM-EXISTS,DIAG_SERVICE_EXISTS,BTP,BTP-COST,BTP-PM,DIAGNOSTIC,Diagnostic par service,29,Disposez-vous actuellement d’un dispositif ou processus formalisé pour « Maîtrise d’œuvre et gestion de projet chantier » ?,La réponse peut générer une recommandation liée au service « Maîtrise d’œuvre et gestion de projet chantier ».,SINGLE_CHOICE,True,False,"[""YES"", ""PARTIAL"", ""NO"", ""UNKNOWN""]",{},{},diagnostic.btp_pm.exists,2,10,ANOM-BTP-PM-EXISTS,RISK-BTP-PM-EXISTS,REC-BTP-PM-EXISTS,BTP-PM,BUSINESS,True,ARCHIVE_IF_REFERENCED,False,ACTIVE,1,MATRICIA_GOLD_MASTER_BASELINE
Q-DIAG-BTP-PM-PERFORMANCE,DIAG_SERVICE_PERFORMANCE,BTP,BTP-COST,BTP-PM,DIAGNOSTIC,Diagnostic par service,30,Comment évaluez-vous la performance actuelle de « Maîtrise d’œuvre et gestion de projet chantier » ?,La réponse peut générer une recommandation liée au service « Maîtrise d’œuvre et gestion de projet chantier ».,RATING_5,True,False,[],{},{},diagnostic.btp_pm.performance,2,10,ANOM-BTP-PM-PERFORMANCE,RISK-BTP-PM-PERFORMANCE,REC-BTP-PM-PERFORMANCE,BTP-PM,BUSINESS,True,ARCHIVE_IF_REFERENCED,False,ACTIVE,1,MATRICIA_GOLD_MASTER_BASELINE
Q-DIAG-BTP-PM-ISSUES,DIAG_SERVICE_ISSUES,BTP,BTP-COST,BTP-PM,DIAGNOSTIC,Diagnostic par service,31,"Quels problèmes, retards, incidents ou insatisfactions rencontrez-vous concernant « Maîtrise d’œuvre et gestion de projet chantier » ?",La réponse peut générer une recommandation liée au service « Maîtrise d’œuvre et gestion de projet chantier ».,LONG_TEXT,False,False,[],{},{},diagnostic.btp_pm.issues,1,10,ANOM-BTP-PM-ISSUES,RISK-BTP-PM-ISSUES,REC-BTP-PM-ISSUES,BTP-PM,BUSINESS,True,ARCHIVE_IF_REFERENCED,False,ACTIVE,1,MATRICIA_GOLD_MASTER_BASELINE
Q-DIAG-BTP-GC-EXISTS,DIAG_SERVICE_EXISTS,BTP,BTP-WORK,BTP-GC,DIAGNOSTIC,Diagnostic par service,32,Disposez-vous actuellement d’un dispositif ou processus formalisé pour « Construction tous corps d’état » ?,La réponse peut générer une recommandation liée au service « Construction tous corps d’état ».,SINGLE_CHOICE,True,False,"[""YES"", ""PARTIAL"", ""NO"", ""UNKNOWN""]",{},{},diagnostic.btp_gc.exists,2,10,ANOM-BTP-GC-EXISTS,RISK-BTP-GC-EXISTS,REC-BTP-GC-EXISTS,BTP-GC,BUSINESS,True,ARCHIVE_IF_REFERENCED,False,ACTIVE,1,MATRICIA_GOLD_MASTER_BASELINE
Q-DIAG-BTP-GC-PERFORMANCE,DIAG_SERVICE_PERFORMANCE,BTP,BTP-WORK,BTP-GC,DIAGNOSTIC,Diagnostic par service,33,Comment évaluez-vous la performance actuelle de « Construction tous corps d’état » ?,La réponse peut générer une recommandation liée au service « Construction tous corps d’état ».,RATING_5,True,False,[],{},{},diagnostic.btp_gc.performance,2,10,ANOM-BTP-GC-PERFORMANCE,RISK-BTP-GC-PERFORMANCE,REC-BTP-GC-PERFORMANCE,BTP-GC,BUSINESS,True,ARCHIVE_IF_REFERENCED,False,ACTIVE,1,MATRICIA_GOLD_MASTER_BASELINE
Q-DIAG-BTP-GC-ISSUES,DIAG_SERVICE_ISSUES,BTP,BTP-WORK,BTP-GC,DIAGNOSTIC,Diagnostic par service,34,"Quels problèmes, retards, incidents ou insatisfactions rencontrez-vous concernant « Construction tous corps d’état » ?",La réponse peut générer une recommandation liée au service « Construction tous corps d’état ».,LONG_TEXT,False,False,[],{},{},diagnostic.btp_gc.issues,1,10,ANOM-BTP-GC-ISSUES,RISK-BTP-GC-ISSUES,REC-BTP-GC-ISSUES,BTP-GC,BUSINESS,True,ARCHIVE_IF_REFERENCED,False,ACTIVE,1,MATRICIA_GOLD_MASTER_BASELINE
Q-DIAG-BTP-RENOV-EXISTS,DIAG_SERVICE_EXISTS,BTP,BTP-WORK,BTP-RENOV,DIAGNOSTIC,Diagnostic par service,35,Disposez-vous actuellement d’un dispositif ou processus formalisé pour « Rénovation de bâtiment ou local » ?,La réponse peut générer une recommandation liée au service « Rénovation de bâtiment ou local ».,SINGLE_CHOICE,True,False,"[""YES"", ""PARTIAL"", ""NO"", ""UNKNOWN""]",{},{},diagnostic.btp_renov.exists,2,10,ANOM-BTP-RENOV-EXISTS,RISK-BTP-RENOV-EXISTS,REC-BTP-RENOV-EXISTS,BTP-RENOV,BUSINESS,True,ARCHIVE_IF_REFERENCED,False,ACTIVE,1,MATRICIA_GOLD_MASTER_BASELINE
Q-DIAG-BTP-RENOV-PERFORMANCE,DIAG_SERVICE_PERFORMANCE,BTP,BTP-WORK,BTP-RENOV,DIAGNOSTIC,Diagnostic par service,36,Comment évaluez-vous la performance actuelle de « Rénovation de bâtiment ou local » ?,La réponse peut générer une recommandation liée au service « Rénovation de bâtiment ou local ».,RATING_5,True,False,[],{},{},diagnostic.btp_renov.performance,2,10,ANOM-BTP-RENOV-PERFORMANCE,RISK-BTP-RENOV-PERFORMANCE,REC-BTP-RENOV-PERFORMANCE,BTP-RENOV,BUSINESS,True,ARCHIVE_IF_REFERENCED,False,ACTIVE,1,MATRICIA_GOLD_MASTER_BASELINE
Q-DIAG-BTP-RENOV-ISSUES,DIAG_SERVICE_ISSUES,BTP,BTP-WORK,BTP-RENOV,DIAGNOSTIC,Diagnostic par service,37,"Quels problèmes, retards, incidents ou insatisfactions rencontrez-vous concernant « Rénovation de bâtiment ou local » ?",La réponse peut générer une recommandation liée au service « Rénovation de bâtiment ou local ».,LONG_TEXT,False,False,[],{},{},diagnostic.btp_renov.issues,1,10,ANOM-BTP-RENOV-ISSUES,RISK-BTP-RENOV-ISSUES,REC-BTP-RENOV-ISSUES,BTP-RENOV,BUSINESS,True,ARCHIVE_IF_REFERENCED,False,ACTIVE,1,MATRICIA_GOLD_MASTER_BASELINE
Q-DIAG-BTP-FITOUT-EXISTS,DIAG_SERVICE_EXISTS,BTP,BTP-WORK,BTP-FITOUT,DIAGNOSTIC,Diagnostic par service,38,Disposez-vous actuellement d’un dispositif ou processus formalisé pour « Aménagement intérieur et fit-out » ?,La réponse peut générer une recommandation liée au service « Aménagement intérieur et fit-out ».,SINGLE_CHOICE,True,False,"[""YES"", ""PARTIAL"", ""NO"", ""UNKNOWN""]",{},{},diagnostic.btp_fitout.exists,2,10,ANOM-BTP-FITOUT-EXISTS,RISK-BTP-FITOUT-EXISTS,REC-BTP-FITOUT-EXISTS,BTP-FITOUT,BUSINESS,True,ARCHIVE_IF_REFERENCED,False,ACTIVE,1,MATRICIA_GOLD_MASTER_BASELINE
Q-DIAG-BTP-FITOUT-PERFORMANCE,DIAG_SERVICE_PERFORMANCE,BTP,BTP-WORK,BTP-FITOUT,DIAGNOSTIC,Diagnostic par service,39,Comment évaluez-vous la performance actuelle de « Aménagement intérieur et fit-out » ?,La réponse peut générer une recommandation liée au service « Aménagement intérieur et fit-out ».,RATING_5,True,False,[],{},{},diagnostic.btp_fitout.performance,2,10,ANOM-BTP-FITOUT-PERFORMANCE,RISK-BTP-FITOUT-PERFORMANCE,REC-BTP-FITOUT-PERFORMANCE,BTP-FITOUT,BUSINESS,True,ARCHIVE_IF_REFERENCED,False,ACTIVE,1,MATRICIA_GOLD_MASTER_BASELINE
Q-DIAG-BTP-FITOUT-ISSUES,DIAG_SERVICE_ISSUES,BTP,BTP-WORK,BTP-FITOUT,DIAGNOSTIC,Diagnostic par service,40,"Quels problèmes, retards, incidents ou insatisfactions rencontrez-vous concernant « Aménagement intérieur et fit-out » ?",La réponse peut générer une recommandation liée au service « Aménagement intérieur et fit-out ».,LONG_TEXT,False,False,[],{},{},diagnostic.btp_fitout.issues,1,10,ANOM-BTP-FITOUT-ISSUES,RISK-BTP-FITOUT-ISSUES,REC-BTP-FITOUT-ISSUES,BTP-FITOUT,BUSINESS,True,ARCHIVE_IF_REFERENCED,False,ACTIVE,1,MATRICIA_GOLD_MASTER_BASELINE
Q-DIAG-BTP-ELEC-EXISTS,DIAG_SERVICE_EXISTS,BTP,BTP-MEP,BTP-ELEC,DIAGNOSTIC,Diagnostic par service,41,Disposez-vous actuellement d’un dispositif ou processus formalisé pour « Installation et mise à niveau électrique » ?,La réponse peut générer une recommandation liée au service « Installation et mise à niveau électrique ».,SINGLE_CHOICE,True,False,"[""YES"", ""PARTIAL"", ""NO"", ""UNKNOWN""]",{},{},diagnostic.btp_elec.exists,2,10,ANOM-BTP-ELEC-EXISTS,RISK-BTP-ELEC-EXISTS,REC-BTP-ELEC-EXISTS,BTP-ELEC,BUSINESS,True,ARCHIVE_IF_REFERENCED,False,ACTIVE,1,MATRICIA_GOLD_MASTER_BASELINE
Q-DIAG-BTP-ELEC-PERFORMANCE,DIAG_SERVICE_PERFORMANCE,BTP,BTP-MEP,BTP-ELEC,DIAGNOSTIC,Diagnostic par service,42,Comment évaluez-vous la performance actuelle de « Installation et mise à niveau électrique » ?,La réponse peut générer une recommandation liée au service « Installation et mise à niveau électrique ».,RATING_5,True,False,[],{},{},diagnostic.btp_elec.performance,2,10,ANOM-BTP-ELEC-PERFORMANCE,RISK-BTP-ELEC-PERFORMANCE,REC-BTP-ELEC-PERFORMANCE,BTP-ELEC,BUSINESS,True,ARCHIVE_IF_REFERENCED,False,ACTIVE,1,MATRICIA_GOLD_MASTER_BASELINE
Q-DIAG-BTP-ELEC-ISSUES,DIAG_SERVICE_ISSUES,BTP,BTP-MEP,BTP-ELEC,DIAGNOSTIC,Diagnostic par service,43,"Quels problèmes, retards, incidents ou insatisfactions rencontrez-vous concernant « Installation et mise à niveau électrique » ?",La réponse peut générer une recommandation liée au service « Installation et mise à niveau électrique ».,LONG_TEXT,False,False,[],{},{},diagnostic.btp_elec.issues,1,10,ANOM-BTP-ELEC-ISSUES,RISK-BTP-ELEC-ISSUES,REC-BTP-ELEC-ISSUES,BTP-ELEC,BUSINESS,True,ARCHIVE_IF_REFERENCED,False,ACTIVE,1,MATRICIA_GOLD_MASTER_BASELINE
Q-DIAG-BTP-PLUMB-EXISTS,DIAG_SERVICE_EXISTS,BTP,BTP-MEP,BTP-PLUMB,DIAGNOSTIC,Diagnostic par service,44,"Disposez-vous actuellement d’un dispositif ou processus formalisé pour « Plomberie, sanitaires et réseaux d’eau » ?","La réponse peut générer une recommandation liée au service « Plomberie, sanitaires et réseaux d’eau ».",SINGLE_CHOICE,True,False,"[""YES"", ""PARTIAL"", ""NO"", ""UNKNOWN""]",{},{},diagnostic.btp_plumb.exists,2,10,ANOM-BTP-PLUMB-EXISTS,RISK-BTP-PLUMB-EXISTS,REC-BTP-PLUMB-EXISTS,BTP-PLUMB,BUSINESS,True,ARCHIVE_IF_REFERENCED,False,ACTIVE,1,MATRICIA_GOLD_MASTER_BASELINE
Q-DIAG-BTP-PLUMB-PERFORMANCE,DIAG_SERVICE_PERFORMANCE,BTP,BTP-MEP,BTP-PLUMB,DIAGNOSTIC,Diagnostic par service,45,"Comment évaluez-vous la performance actuelle de « Plomberie, sanitaires et réseaux d’eau » ?","La réponse peut générer une recommandation liée au service « Plomberie, sanitaires et réseaux d’eau ».",RATING_5,True,False,[],{},{},diagnostic.btp_plumb.performance,2,10,ANOM-BTP-PLUMB-PERFORMANCE,RISK-BTP-PLUMB-PERFORMANCE,REC-BTP-PLUMB-PERFORMANCE,BTP-PLUMB,BUSINESS,True,ARCHIVE_IF_REFERENCED,False,ACTIVE,1,MATRICIA_GOLD_MASTER_BASELINE
Q-DIAG-BTP-PLUMB-ISSUES,DIAG_SERVICE_ISSUES,BTP,BTP-MEP,BTP-PLUMB,DIAGNOSTIC,Diagnostic par service,46,"Quels problèmes, retards, incidents ou insatisfactions rencontrez-vous concernant « Plomberie, sanitaires et réseaux d’eau » ?","La réponse peut générer une recommandation liée au service « Plomberie, sanitaires et réseaux d’eau ».",LONG_TEXT,False,False,[],{},{},diagnostic.btp_plumb.issues,1,10,ANOM-BTP-PLUMB-ISSUES,RISK-BTP-PLUMB-ISSUES,REC-BTP-PLUMB-ISSUES,BTP-PLUMB,BUSINESS,True,ARCHIVE_IF_REFERENCED,False,ACTIVE,1,MATRICIA_GOLD_MASTER_BASELINE
Q-DIAG-BTP-HVAC-EXISTS,DIAG_SERVICE_EXISTS,BTP,BTP-MEP,BTP-HVAC,DIAGNOSTIC,Diagnostic par service,47,"Disposez-vous actuellement d’un dispositif ou processus formalisé pour « Climatisation, ventilation et traitement d’air » ?","La réponse peut générer une recommandation liée au service « Climatisation, ventilation et traitement d’air ».",SINGLE_CHOICE,True,False,"[""YES"", ""PARTIAL"", ""NO"", ""UNKNOWN""]",{},{},diagnostic.btp_hvac.exists,2,10,ANOM-BTP-HVAC-EXISTS,RISK-BTP-HVAC-EXISTS,REC-BTP-HVAC-EXISTS,BTP-HVAC,BUSINESS,True,ARCHIVE_IF_REFERENCED,False,ACTIVE,1,MATRICIA_GOLD_MASTER_BASELINE
Q-DIAG-BTP-HVAC-PERFORMANCE,DIAG_SERVICE_PERFORMANCE,BTP,BTP-MEP,BTP-HVAC,DIAGNOSTIC,Diagnostic par service,48,"Comment évaluez-vous la performance actuelle de « Climatisation, ventilation et traitement d’air » ?","La réponse peut générer une recommandation liée au service « Climatisation, ventilation et traitement d’air ».",RATING_5,True,False,[],{},{},diagnostic.btp_hvac.performance,2,10,ANOM-BTP-HVAC-PERFORMANCE,RISK-BTP-HVAC-PERFORMANCE,REC-BTP-HVAC-PERFORMANCE,BTP-HVAC,BUSINESS,True,ARCHIVE_IF_REFERENCED,False,ACTIVE,1,MATRICIA_GOLD_MASTER_BASELINE
Q-DIAG-BTP-HVAC-ISSUES,DIAG_SERVICE_ISSUES,BTP,BTP-MEP,BTP-HVAC,DIAGNOSTIC,Diagnostic par service,49,"Quels problèmes, retards, incidents ou insatisfactions rencontrez-vous concernant « Climatisation, ventilation et traitement d’air » ?","La réponse peut générer une recommandation liée au service « Climatisation, ventilation et traitement d’air ».",LONG_TEXT,False,False,[],{},{},diagnostic.btp_hvac.issues,1,10,ANOM-BTP-HVAC-ISSUES,RISK-BTP-HVAC-ISSUES,REC-BTP-HVAC-ISSUES,BTP-HVAC,BUSINESS,True,ARCHIVE_IF_REFERENCED,False,ACTIVE,1,MATRICIA_GOLD_MASTER_BASELINE
Q-DIAG-BTP-FIRE-EXISTS,DIAG_SERVICE_EXISTS,BTP,BTP-SAFE,BTP-FIRE,DIAGNOSTIC,Diagnostic par service,50,Disposez-vous actuellement d’un dispositif ou processus formalisé pour « Détection et protection incendie » ?,La réponse peut générer une recommandation liée au service « Détection et protection incendie ».,SINGLE_CHOICE,True,False,"[""YES"", ""PARTIAL"", ""NO"", ""UNKNOWN""]",{},{},diagnostic.btp_fire.exists,2,10,ANOM-BTP-FIRE-EXISTS,RISK-BTP-FIRE-EXISTS,REC-BTP-FIRE-EXISTS,BTP-FIRE,BUSINESS,True,ARCHIVE_IF_REFERENCED,False,ACTIVE,1,MATRICIA_GOLD_MASTER_BASELINE
Q-DIAG-BTP-FIRE-PERFORMANCE,DIAG_SERVICE_PERFORMANCE,BTP,BTP-SAFE,BTP-FIRE,DIAGNOSTIC,Diagnostic par service,51,Comment évaluez-vous la performance actuelle de « Détection et protection incendie » ?,La réponse peut générer une recommandation liée au service « Détection et protection incendie ».,RATING_5,True,False,[],{},{},diagnostic.btp_fire.performance,2,10,ANOM-BTP-FIRE-PERFORMANCE,RISK-BTP-FIRE-PERFORMANCE,REC-BTP-FIRE-PERFORMANCE,BTP-FIRE,BUSINESS,True,ARCHIVE_IF_REFERENCED,False,ACTIVE,1,MATRICIA_GOLD_MASTER_BASELINE
Q-DIAG-BTP-FIRE-ISSUES,DIAG_SERVICE_ISSUES,BTP,BTP-SAFE,BTP-FIRE,DIAGNOSTIC,Diagnostic par service,52,"Quels problèmes, retards, incidents ou insatisfactions rencontrez-vous concernant « Détection et protection incendie » ?",La réponse peut générer une recommandation liée au service « Détection et protection incendie ».,LONG_TEXT,False,False,[],{},{},diagnostic.btp_fire.issues,1,10,ANOM-BTP-FIRE-ISSUES,RISK-BTP-FIRE-ISSUES,REC-BTP-FIRE-ISSUES,BTP-FIRE,BUSINESS,True,ARCHIVE_IF_REFERENCED,False,ACTIVE,1,MATRICIA_GOLD_MASTER_BASELINE
Q-DIAG-BTP-SECURITY-EXISTS,DIAG_SERVICE_EXISTS,BTP,BTP-SAFE,BTP-SECURITY,DIAGNOSTIC,Diagnostic par service,53,"Disposez-vous actuellement d’un dispositif ou processus formalisé pour « Contrôle d’accès, alarme et sûreté bâtiment » ?","La réponse peut générer une recommandation liée au service « Contrôle d’accès, alarme et sûreté bâtiment ».",SINGLE_CHOICE,True,False,"[""YES"", ""PARTIAL"", ""NO"", ""UNKNOWN""]",{},{},diagnostic.btp_security.exists,2,10,ANOM-BTP-SECURITY-EXISTS,RISK-BTP-SECURITY-EXISTS,REC-BTP-SECURITY-EXISTS,BTP-SECURITY,BUSINESS,True,ARCHIVE_IF_REFERENCED,False,ACTIVE,1,MATRICIA_GOLD_MASTER_BASELINE
Q-DIAG-BTP-SECURITY-PERFORMANCE,DIAG_SERVICE_PERFORMANCE,BTP,BTP-SAFE,BTP-SECURITY,DIAGNOSTIC,Diagnostic par service,54,"Comment évaluez-vous la performance actuelle de « Contrôle d’accès, alarme et sûreté bâtiment » ?","La réponse peut générer une recommandation liée au service « Contrôle d’accès, alarme et sûreté bâtiment ».",RATING_5,True,False,[],{},{},diagnostic.btp_security.performance,2,10,ANOM-BTP-SECURITY-PERFORMANCE,RISK-BTP-SECURITY-PERFORMANCE,REC-BTP-SECURITY-PERFORMANCE,BTP-SECURITY,BUSINESS,True,ARCHIVE_IF_REFERENCED,False,ACTIVE,1,MATRICIA_GOLD_MASTER_BASELINE
Q-DIAG-BTP-SECURITY-ISSUES,DIAG_SERVICE_ISSUES,BTP,BTP-SAFE,BTP-SECURITY,DIAGNOSTIC,Diagnostic par service,55,"Quels problèmes, retards, incidents ou insatisfactions rencontrez-vous concernant « Contrôle d’accès, alarme et sûreté bâtiment » ?","La réponse peut générer une recommandation liée au service « Contrôle d’accès, alarme et sûreté bâtiment ».",LONG_TEXT,False,False,[],{},{},diagnostic.btp_security.issues,1,10,ANOM-BTP-SECURITY-ISSUES,RISK-BTP-SECURITY-ISSUES,REC-BTP-SECURITY-ISSUES,BTP-SECURITY,BUSINESS,True,ARCHIVE_IF_REFERENCED,False,ACTIVE,1,MATRICIA_GOLD_MASTER_BASELINE
Q-DIAG-BTP-SOLAR-EXISTS,DIAG_SERVICE_EXISTS,BTP,BTP-ENERGY,BTP-SOLAR,DIAGNOSTIC,Diagnostic par service,56,Disposez-vous actuellement d’un dispositif ou processus formalisé pour « Installation solaire photovoltaïque » ?,La réponse peut générer une recommandation liée au service « Installation solaire photovoltaïque ».,SINGLE_CHOICE,True,False,"[""YES"", ""PARTIAL"", ""NO"", ""UNKNOWN""]",{},{},diagnostic.btp_solar.exists,2,10,ANOM-BTP-SOLAR-EXISTS,RISK-BTP-SOLAR-EXISTS,REC-BTP-SOLAR-EXISTS,BTP-SOLAR,BUSINESS,True,ARCHIVE_IF_REFERENCED,False,ACTIVE,1,MATRICIA_GOLD_MASTER_BASELINE
Q-DIAG-BTP-SOLAR-PERFORMANCE,DIAG_SERVICE_PERFORMANCE,BTP,BTP-ENERGY,BTP-SOLAR,DIAGNOSTIC,Diagnostic par service,57,Comment évaluez-vous la performance actuelle de « Installation solaire photovoltaïque » ?,La réponse peut générer une recommandation liée au service « Installation solaire photovoltaïque ».,RATING_5,True,False,[],{},{},diagnostic.btp_solar.performance,2,10,ANOM-BTP-SOLAR-PERFORMANCE,RISK-BTP-SOLAR-PERFORMANCE,REC-BTP-SOLAR-PERFORMANCE,BTP-SOLAR,BUSINESS,True,ARCHIVE_IF_REFERENCED,False,ACTIVE,1,MATRICIA_GOLD_MASTER_BASELINE
Q-DIAG-BTP-SOLAR-ISSUES,DIAG_SERVICE_ISSUES,BTP,BTP-ENERGY,BTP-SOLAR,DIAGNOSTIC,Diagnostic par service,58,"Quels problèmes, retards, incidents ou insatisfactions rencontrez-vous concernant « Installation solaire photovoltaïque » ?",La réponse peut générer une recommandation liée au service « Installation solaire photovoltaïque ».,LONG_TEXT,False,False,[],{},{},diagnostic.btp_solar.issues,1,10,ANOM-BTP-SOLAR-ISSUES,RISK-BTP-SOLAR-ISSUES,REC-BTP-SOLAR-ISSUES,BTP-SOLAR,BUSINESS,True,ARCHIVE_IF_REFERENCED,False,ACTIVE,1,MATRICIA_GOLD_MASTER_BASELINE
Q-DIAG-BTP-ENERGY-AUDIT-EXISTS,DIAG_SERVICE_EXISTS,BTP,BTP-ENERGY,BTP-ENERGY-AUDIT,DIAGNOSTIC,Diagnostic par service,59,Disposez-vous actuellement d’un dispositif ou processus formalisé pour « Audit énergétique de bâtiment » ?,La réponse peut générer une recommandation liée au service « Audit énergétique de bâtiment ».,SINGLE_CHOICE,True,False,"[""YES"", ""PARTIAL"", ""NO"", ""UNKNOWN""]",{},{},diagnostic.btp_energy_audit.exists,2,10,ANOM-BTP-ENERGY-AUDIT-EXISTS,RISK-BTP-ENERGY-AUDIT-EXISTS,REC-BTP-ENERGY-AUDIT-EXISTS,BTP-ENERGY-AUDIT,BUSINESS,True,ARCHIVE_IF_REFERENCED,False,ACTIVE,1,MATRICIA_GOLD_MASTER_BASELINE
Q-DIAG-BTP-ENERGY-AUDIT-PERFORMANCE,DIAG_SERVICE_PERFORMANCE,BTP,BTP-ENERGY,BTP-ENERGY-AUDIT,DIAGNOSTIC,Diagnostic par service,60,Comment évaluez-vous la performance actuelle de « Audit énergétique de bâtiment » ?,La réponse peut générer une recommandation liée au service « Audit énergétique de bâtiment ».,RATING_5,True,False,[],{},{},diagnostic.btp_energy_audit.performance,2,10,ANOM-BTP-ENERGY-AUDIT-PERFORMANCE,RISK-BTP-ENERGY-AUDIT-PERFORMANCE,REC-BTP-ENERGY-AUDIT-PERFORMANCE,BTP-ENERGY-AUDIT,BUSINESS,True,ARCHIVE_IF_REFERENCED,False,ACTIVE,1,MATRICIA_GOLD_MASTER_BASELINE
Q-DIAG-BTP-ENERGY-AUDIT-ISSUES,DIAG_SERVICE_ISSUES,BTP,BTP-ENERGY,BTP-ENERGY-AUDIT,DIAGNOSTIC,Diagnostic par service,61,"Quels problèmes, retards, incidents ou insatisfactions rencontrez-vous concernant « Audit énergétique de bâtiment » ?",La réponse peut générer une recommandation liée au service « Audit énergétique de bâtiment ».,LONG_TEXT,False,False,[],{},{},diagnostic.btp_energy_audit.issues,1,10,ANOM-BTP-ENERGY-AUDIT-ISSUES,RISK-BTP-ENERGY-AUDIT-ISSUES,REC-BTP-ENERGY-AUDIT-ISSUES,BTP-ENERGY-AUDIT,BUSINESS,True,ARCHIVE_IF_REFERENCED,False,ACTIVE,1,MATRICIA_GOLD_MASTER_BASELINE
Q-DIAG-BTP-MAINT-EXISTS,DIAG_SERVICE_EXISTS,BTP,BTP-FM,BTP-MAINT,DIAGNOSTIC,Diagnostic par service,62,Disposez-vous actuellement d’un dispositif ou processus formalisé pour « Contrat de maintenance multi-technique » ?,La réponse peut générer une recommandation liée au service « Contrat de maintenance multi-technique ».,SINGLE_CHOICE,True,False,"[""YES"", ""PARTIAL"", ""NO"", ""UNKNOWN""]",{},{},diagnostic.btp_maint.exists,2,10,ANOM-BTP-MAINT-EXISTS,RISK-BTP-MAINT-EXISTS,REC-BTP-MAINT-EXISTS,BTP-MAINT,BUSINESS,True,ARCHIVE_IF_REFERENCED,False,ACTIVE,1,MATRICIA_GOLD_MASTER_BASELINE
Q-DIAG-BTP-MAINT-PERFORMANCE,DIAG_SERVICE_PERFORMANCE,BTP,BTP-FM,BTP-MAINT,DIAGNOSTIC,Diagnostic par service,63,Comment évaluez-vous la performance actuelle de « Contrat de maintenance multi-technique » ?,La réponse peut générer une recommandation liée au service « Contrat de maintenance multi-technique ».,RATING_5,True,False,[],{},{},diagnostic.btp_maint.performance,2,10,ANOM-BTP-MAINT-PERFORMANCE,RISK-BTP-MAINT-PERFORMANCE,REC-BTP-MAINT-PERFORMANCE,BTP-MAINT,BUSINESS,True,ARCHIVE_IF_REFERENCED,False,ACTIVE,1,MATRICIA_GOLD_MASTER_BASELINE
Q-DIAG-BTP-MAINT-ISSUES,DIAG_SERVICE_ISSUES,BTP,BTP-FM,BTP-MAINT,DIAGNOSTIC,Diagnostic par service,64,"Quels problèmes, retards, incidents ou insatisfactions rencontrez-vous concernant « Contrat de maintenance multi-technique » ?",La réponse peut générer une recommandation liée au service « Contrat de maintenance multi-technique ».,LONG_TEXT,False,False,[],{},{},diagnostic.btp_maint.issues,1,10,ANOM-BTP-MAINT-ISSUES,RISK-BTP-MAINT-ISSUES,REC-BTP-MAINT-ISSUES,BTP-MAINT,BUSINESS,True,ARCHIVE_IF_REFERENCED,False,ACTIVE,1,MATRICIA_GOLD_MASTER_BASELINE
Q-DIAG-BTP-INSPECTION-EXISTS,DIAG_SERVICE_EXISTS,BTP,BTP-REAL,BTP-INSPECTION,DIAGNOSTIC,Diagnostic par service,65,Disposez-vous actuellement d’un dispositif ou processus formalisé pour « Inspection technique et diagnostic bâtiment » ?,La réponse peut générer une recommandation liée au service « Inspection technique et diagnostic bâtiment ».,SINGLE_CHOICE,True,False,"[""YES"", ""PARTIAL"", ""NO"", ""UNKNOWN""]",{},{},diagnostic.btp_inspection.exists,2,10,ANOM-BTP-INSPECTION-EXISTS,RISK-BTP-INSPECTION-EXISTS,REC-BTP-INSPECTION-EXISTS,BTP-INSPECTION,BUSINESS,True,ARCHIVE_IF_REFERENCED,False,ACTIVE,1,MATRICIA_GOLD_MASTER_BASELINE
Q-DIAG-BTP-INSPECTION-PERFORMANCE,DIAG_SERVICE_PERFORMANCE,BTP,BTP-REAL,BTP-INSPECTION,DIAGNOSTIC,Diagnostic par service,66,Comment évaluez-vous la performance actuelle de « Inspection technique et diagnostic bâtiment » ?,La réponse peut générer une recommandation liée au service « Inspection technique et diagnostic bâtiment ».,RATING_5,True,False,[],{},{},diagnostic.btp_inspection.performance,2,10,ANOM-BTP-INSPECTION-PERFORMANCE,RISK-BTP-INSPECTION-PERFORMANCE,REC-BTP-INSPECTION-PERFORMANCE,BTP-INSPECTION,BUSINESS,True,ARCHIVE_IF_REFERENCED,False,ACTIVE,1,MATRICIA_GOLD_MASTER_BASELINE
Q-DIAG-BTP-INSPECTION-ISSUES,DIAG_SERVICE_ISSUES,BTP,BTP-REAL,BTP-INSPECTION,DIAGNOSTIC,Diagnostic par service,67,"Quels problèmes, retards, incidents ou insatisfactions rencontrez-vous concernant « Inspection technique et diagnostic bâtiment » ?",La réponse peut générer une recommandation liée au service « Inspection technique et diagnostic bâtiment ».,LONG_TEXT,False,False,[],{},{},diagnostic.btp_inspection.issues,1,10,ANOM-BTP-INSPECTION-ISSUES,RISK-BTP-INSPECTION-ISSUES,REC-BTP-INSPECTION-ISSUES,BTP-INSPECTION,BUSINESS,True,ARCHIVE_IF_REFERENCED,False,ACTIVE,1,MATRICIA_GOLD_MASTER_BASELINE
Q-DIAG-BTP-LANDSCAPE-EXISTS,DIAG_SERVICE_EXISTS,BTP,BTP-REAL,BTP-LANDSCAPE,DIAGNOSTIC,Diagnostic par service,68,"Disposez-vous actuellement d’un dispositif ou processus formalisé pour « Aménagement paysager, piscine et extérieurs » ?","La réponse peut générer une recommandation liée au service « Aménagement paysager, piscine et extérieurs ».",SINGLE_CHOICE,True,False,"[""YES"", ""PARTIAL"", ""NO"", ""UNKNOWN""]",{},{},diagnostic.btp_landscape.exists,2,10,ANOM-BTP-LANDSCAPE-EXISTS,RISK-BTP-LANDSCAPE-EXISTS,REC-BTP-LANDSCAPE-EXISTS,BTP-LANDSCAPE,BUSINESS,True,ARCHIVE_IF_REFERENCED,False,ACTIVE,1,MATRICIA_GOLD_MASTER_BASELINE
Q-DIAG-BTP-LANDSCAPE-PERFORMANCE,DIAG_SERVICE_PERFORMANCE,BTP,BTP-REAL,BTP-LANDSCAPE,DIAGNOSTIC,Diagnostic par service,69,"Comment évaluez-vous la performance actuelle de « Aménagement paysager, piscine et extérieurs » ?","La réponse peut générer une recommandation liée au service « Aménagement paysager, piscine et extérieurs ».",RATING_5,True,False,[],{},{},diagnostic.btp_landscape.performance,2,10,ANOM-BTP-LANDSCAPE-PERFORMANCE,RISK-BTP-LANDSCAPE-PERFORMANCE,REC-BTP-LANDSCAPE-PERFORMANCE,BTP-LANDSCAPE,BUSINESS,True,ARCHIVE_IF_REFERENCED,False,ACTIVE,1,MATRICIA_GOLD_MASTER_BASELINE
Q-DIAG-BTP-LANDSCAPE-ISSUES,DIAG_SERVICE_ISSUES,BTP,BTP-REAL,BTP-LANDSCAPE,DIAGNOSTIC,Diagnostic par service,70,"Quels problèmes, retards, incidents ou insatisfactions rencontrez-vous concernant « Aménagement paysager, piscine et extérieurs » ?","La réponse peut générer une recommandation liée au service « Aménagement paysager, piscine et extérieurs ».",LONG_TEXT,False,False,[],{},{},diagnostic.btp_landscape.issues,1,10,ANOM-BTP-LANDSCAPE-ISSUES,RISK-BTP-LANDSCAPE-ISSUES,REC-BTP-LANDSCAPE-ISSUES,BTP-LANDSCAPE,BUSINESS,True,ARCHIVE_IF_REFERENCED,False,ACTIVE,1,MATRICIA_GOLD_MASTER_BASELINE
Q-DIAG-QHSE-BASE-01,DIAG_COMMON_MATURITY,QHSE,,,DIAGNOSTIC,Diagnostic général,1,"Quel est le niveau de formalisation actuel de vos pratiques dans la bibliothèque « Qualité, HSE et certifications » ?",Répondez selon la situation réelle de votre entreprise.,SINGLE_CHOICE,True,False,"[""INEXISTANT"", ""INFORMEL"", ""PARTIEL"", ""FORMALISE"", ""MESURE_ET_AMELIORE""]",{},{},diagnostic.qhse.base_maturity,2,10,ANOM-QHSE-BASE-MATURITY,RISK-QHSE-BASE-MATURITY,REC-QHSE-BASE-MATURITY,,BUSINESS,True,ARCHIVE_IF_REFERENCED,False,ACTIVE,1,MATRICIA_GOLD_MASTER_BASELINE
Q-DIAG-QHSE-BASE-02,DIAG_COMMON_OWNER,QHSE,,,DIAGNOSTIC,Diagnostic général,2,Un responsable clairement identifié pilote-t-il ce domaine ?,Répondez selon la situation réelle de votre entreprise.,YES_NO,True,False,"[""YES"", ""NO"", ""UNKNOWN""]",{},{},diagnostic.qhse.base_owner,1,10,ANOM-QHSE-BASE-OWNER,RISK-QHSE-BASE-OWNER,REC-QHSE-BASE-OWNER,,BUSINESS,True,ARCHIVE_IF_REFERENCED,False,ACTIVE,1,MATRICIA_GOLD_MASTER_BASELINE
Q-DIAG-QHSE-BASE-03,DIAG_COMMON_BUDGET,QHSE,,,DIAGNOSTIC,Diagnostic général,3,Un budget annuel est-il défini et suivi pour ce domaine ?,Répondez selon la situation réelle de votre entreprise.,YES_NO,True,False,"[""YES"", ""NO"", ""PARTIAL""]",{},{},diagnostic.qhse.base_budget,1,10,ANOM-QHSE-BASE-BUDGET,RISK-QHSE-BASE-BUDGET,REC-QHSE-BASE-BUDGET,,BUSINESS,True,ARCHIVE_IF_REFERENCED,False,ACTIVE,1,MATRICIA_GOLD_MASTER_BASELINE
Q-DIAG-QHSE-BASE-04,DIAG_COMMON_KPI,QHSE,,,DIAGNOSTIC,Diagnostic général,4,Disposez-vous d’indicateurs réguliers pour mesurer la performance de ce domaine ?,Répondez selon la situation réelle de votre entreprise.,YES_NO,True,False,"[""YES"", ""NO"", ""PARTIAL""]",{},{},diagnostic.qhse.base_kpi,1,10,ANOM-QHSE-BASE-KPI,RISK-QHSE-BASE-KPI,REC-QHSE-BASE-KPI,,BUSINESS,True,ARCHIVE_IF_REFERENCED,False,ACTIVE,1,MATRICIA_GOLD_MASTER_BASELINE
Q-DIAG-QHSE-BASE-05,DIAG_COMMON_RISKS,QHSE,,,DIAGNOSTIC,Diagnostic général,5,"Les risques majeurs de ce domaine sont-ils identifiés, évalués et suivis ?",Répondez selon la situation réelle de votre entreprise.,YES_NO,True,False,"[""YES"", ""NO"", ""PARTIAL""]",{},{},diagnostic.qhse.base_risks,2,10,ANOM-QHSE-BASE-RISKS,RISK-QHSE-BASE-RISKS,REC-QHSE-BASE-RISKS,,BUSINESS,True,ARCHIVE_IF_REFERENCED,True,ACTIVE,1,MATRICIA_GOLD_MASTER_BASELINE
Q-DIAG-QHSE-BASE-06,DIAG_COMMON_DOCUMENTATION,QHSE,,,DIAGNOSTIC,Diagnostic général,6,"Les politiques, procédures et responsabilités sont-elles documentées et à jour ?",Répondez selon la situation réelle de votre entreprise.,YES_NO,True,False,"[""YES"", ""NO"", ""PARTIAL""]",{},{},diagnostic.qhse.base_documentation,1,10,ANOM-QHSE-BASE-DOCUMENTATION,RISK-QHSE-BASE-DOCUMENTATION,REC-QHSE-BASE-DOCUMENTATION,,BUSINESS,True,ARCHIVE_IF_REFERENCED,False,ACTIVE,1,MATRICIA_GOLD_MASTER_BASELINE
Q-DIAG-QHSE-BASE-07,DIAG_COMMON_TOOLS,QHSE,,,DIAGNOSTIC,Diagnostic général,7,Les outils utilisés répondent-ils aux besoins et communiquent-ils correctement entre eux ?,Répondez selon la situation réelle de votre entreprise.,SINGLE_CHOICE,True,False,"[""YES"", ""PARTIAL"", ""NO"", ""UNKNOWN""]",{},{},diagnostic.qhse.base_tools,1,10,ANOM-QHSE-BASE-TOOLS,RISK-QHSE-BASE-TOOLS,REC-QHSE-BASE-TOOLS,,BUSINESS,True,ARCHIVE_IF_REFERENCED,False,ACTIVE,1,MATRICIA_GOLD_MASTER_BASELINE
Q-DIAG-QHSE-BASE-08,DIAG_COMMON_SKILLS,QHSE,,,DIAGNOSTIC,Diagnostic général,8,Les équipes disposent-elles des compétences et ressources nécessaires ?,Répondez selon la situation réelle de votre entreprise.,SINGLE_CHOICE,True,False,"[""YES"", ""PARTIAL"", ""NO"", ""UNKNOWN""]",{},{},diagnostic.qhse.base_skills,1,10,ANOM-QHSE-BASE-SKILLS,RISK-QHSE-BASE-SKILLS,REC-QHSE-BASE-SKILLS,,BUSINESS,True,ARCHIVE_IF_REFERENCED,False,ACTIVE,1,MATRICIA_GOLD_MASTER_BASELINE
Q-DIAG-QHSE-BASE-09,DIAG_COMMON_INCIDENTS,QHSE,,,DIAGNOSTIC,Diagnostic général,9,"Avez-vous connu des incidents, retards, pertes ou réclamations significatifs dans ce domaine au cours des 12 derniers mois ?",Répondez selon la situation réelle de votre entreprise.,YES_NO,True,False,"[""YES"", ""NO""]",{},{},diagnostic.qhse.base_incidents,2,10,ANOM-QHSE-BASE-INCIDENTS,RISK-QHSE-BASE-INCIDENTS,REC-QHSE-BASE-INCIDENTS,,BUSINESS,True,ARCHIVE_IF_REFERENCED,False,ACTIVE,1,MATRICIA_GOLD_MASTER_BASELINE
Q-DIAG-QHSE-BASE-10,DIAG_COMMON_PRIORITY,QHSE,,,DIAGNOSTIC,Diagnostic général,10,Souhaitez-vous faire de ce domaine une priorité d’amélioration dans les 12 prochains mois ?,Répondez selon la situation réelle de votre entreprise.,SINGLE_CHOICE,True,False,"[""HIGH"", ""MEDIUM"", ""LOW"", ""NO""]",{},{},diagnostic.qhse.base_priority,1,10,ANOM-QHSE-BASE-PRIORITY,RISK-QHSE-BASE-PRIORITY,REC-QHSE-BASE-PRIORITY,,BUSINESS,True,ARCHIVE_IF_REFERENCED,False,ACTIVE,1,MATRICIA_GOLD_MASTER_BASELINE
Q-DIAG-QHSE-ISO9001-EXISTS,DIAG_SERVICE_EXISTS,QHSE,QHSE-QMS,QHSE-ISO9001,DIAGNOSTIC,Diagnostic par service,11,Disposez-vous actuellement d’un dispositif ou processus formalisé pour « Mise en place ISO 9001 » ?,La réponse peut générer une recommandation liée au service « Mise en place ISO 9001 ».,SINGLE_CHOICE,True,False,"[""YES"", ""PARTIAL"", ""NO"", ""UNKNOWN""]",{},{},diagnostic.qhse_iso9001.exists,2,10,ANOM-QHSE-ISO9001-EXISTS,RISK-QHSE-ISO9001-EXISTS,REC-QHSE-ISO9001-EXISTS,QHSE-ISO9001,BUSINESS,True,ARCHIVE_IF_REFERENCED,False,ACTIVE,1,MATRICIA_GOLD_MASTER_BASELINE
Q-DIAG-QHSE-ISO9001-PERFORMANCE,DIAG_SERVICE_PERFORMANCE,QHSE,QHSE-QMS,QHSE-ISO9001,DIAGNOSTIC,Diagnostic par service,12,Comment évaluez-vous la performance actuelle de « Mise en place ISO 9001 » ?,La réponse peut générer une recommandation liée au service « Mise en place ISO 9001 ».,RATING_5,True,False,[],{},{},diagnostic.qhse_iso9001.performance,2,10,ANOM-QHSE-ISO9001-PERFORMANCE,RISK-QHSE-ISO9001-PERFORMANCE,REC-QHSE-ISO9001-PERFORMANCE,QHSE-ISO9001,BUSINESS,True,ARCHIVE_IF_REFERENCED,False,ACTIVE,1,MATRICIA_GOLD_MASTER_BASELINE
Q-DIAG-QHSE-ISO9001-ISSUES,DIAG_SERVICE_ISSUES,QHSE,QHSE-QMS,QHSE-ISO9001,DIAGNOSTIC,Diagnostic par service,13,"Quels problèmes, retards, incidents ou insatisfactions rencontrez-vous concernant « Mise en place ISO 9001 » ?",La réponse peut générer une recommandation liée au service « Mise en place ISO 9001 ».,LONG_TEXT,False,False,[],{},{},diagnostic.qhse_iso9001.issues,1,10,ANOM-QHSE-ISO9001-ISSUES,RISK-QHSE-ISO9001-ISSUES,REC-QHSE-ISO9001-ISSUES,QHSE-ISO9001,BUSINESS,True,ARCHIVE_IF_REFERENCED,False,ACTIVE,1,MATRICIA_GOLD_MASTER_BASELINE
Q-DIAG-QHSE-PROCESS-EXISTS,DIAG_SERVICE_EXISTS,QHSE,QHSE-QMS,QHSE-PROCESS,DIAGNOSTIC,Diagnostic par service,14,Disposez-vous actuellement d’un dispositif ou processus formalisé pour « Cartographie et optimisation des processus » ?,La réponse peut générer une recommandation liée au service « Cartographie et optimisation des processus ».,SINGLE_CHOICE,True,False,"[""YES"", ""PARTIAL"", ""NO"", ""UNKNOWN""]",{},{},diagnostic.qhse_process.exists,2,10,ANOM-QHSE-PROCESS-EXISTS,RISK-QHSE-PROCESS-EXISTS,REC-QHSE-PROCESS-EXISTS,QHSE-PROCESS,BUSINESS,True,ARCHIVE_IF_REFERENCED,False,ACTIVE,1,MATRICIA_GOLD_MASTER_BASELINE
Q-DIAG-QHSE-PROCESS-PERFORMANCE,DIAG_SERVICE_PERFORMANCE,QHSE,QHSE-QMS,QHSE-PROCESS,DIAGNOSTIC,Diagnostic par service,15,Comment évaluez-vous la performance actuelle de « Cartographie et optimisation des processus » ?,La réponse peut générer une recommandation liée au service « Cartographie et optimisation des processus ».,RATING_5,True,False,[],{},{},diagnostic.qhse_process.performance,2,10,ANOM-QHSE-PROCESS-PERFORMANCE,RISK-QHSE-PROCESS-PERFORMANCE,REC-QHSE-PROCESS-PERFORMANCE,QHSE-PROCESS,BUSINESS,True,ARCHIVE_IF_REFERENCED,False,ACTIVE,1,MATRICIA_GOLD_MASTER_BASELINE
Q-DIAG-QHSE-PROCESS-ISSUES,DIAG_SERVICE_ISSUES,QHSE,QHSE-QMS,QHSE-PROCESS,DIAGNOSTIC,Diagnostic par service,16,"Quels problèmes, retards, incidents ou insatisfactions rencontrez-vous concernant « Cartographie et optimisation des processus » ?",La réponse peut générer une recommandation liée au service « Cartographie et optimisation des processus ».,LONG_TEXT,False,False,[],{},{},diagnostic.qhse_process.issues,1,10,ANOM-QHSE-PROCESS-ISSUES,RISK-QHSE-PROCESS-ISSUES,REC-QHSE-PROCESS-ISSUES,QHSE-PROCESS,BUSINESS,True,ARCHIVE_IF_REFERENCED,False,ACTIVE,1,MATRICIA_GOLD_MASTER_BASELINE
Q-DIAG-QHSE-SUPPLIER-QUALITY-EXISTS,DIAG_SERVICE_EXISTS,QHSE,QHSE-QMS,QHSE-SUPPLIER-QUALITY,DIAGNOSTIC,Diagnostic par service,17,Disposez-vous actuellement d’un dispositif ou processus formalisé pour « Qualité fournisseurs » ?,La réponse peut générer une recommandation liée au service « Qualité fournisseurs ».,SINGLE_CHOICE,True,False,"[""YES"", ""PARTIAL"", ""NO"", ""UNKNOWN""]",{},{},diagnostic.qhse_supplier_quality.exists,2,10,ANOM-QHSE-SUPPLIER-QUALITY-EXISTS,RISK-QHSE-SUPPLIER-QUALITY-EXISTS,REC-QHSE-SUPPLIER-QUALITY-EXISTS,QHSE-SUPPLIER-QUALITY,BUSINESS,True,ARCHIVE_IF_REFERENCED,False,ACTIVE,1,MATRICIA_GOLD_MASTER_BASELINE
Q-DIAG-QHSE-SUPPLIER-QUALITY-PERFORMANCE,DIAG_SERVICE_PERFORMANCE,QHSE,QHSE-QMS,QHSE-SUPPLIER-QUALITY,DIAGNOSTIC,Diagnostic par service,18,Comment évaluez-vous la performance actuelle de « Qualité fournisseurs » ?,La réponse peut générer une recommandation liée au service « Qualité fournisseurs ».,RATING_5,True,False,[],{},{},diagnostic.qhse_supplier_quality.performance,2,10,ANOM-QHSE-SUPPLIER-QUALITY-PERFORMANCE,RISK-QHSE-SUPPLIER-QUALITY-PERFORMANCE,REC-QHSE-SUPPLIER-QUALITY-PERFORMANCE,QHSE-SUPPLIER-QUALITY,BUSINESS,True,ARCHIVE_IF_REFERENCED,False,ACTIVE,1,MATRICIA_GOLD_MASTER_BASELINE
Q-DIAG-QHSE-SUPPLIER-QUALITY-ISSUES,DIAG_SERVICE_ISSUES,QHSE,QHSE-QMS,QHSE-SUPPLIER-QUALITY,DIAGNOSTIC,Diagnostic par service,19,"Quels problèmes, retards, incidents ou insatisfactions rencontrez-vous concernant « Qualité fournisseurs » ?",La réponse peut générer une recommandation liée au service « Qualité fournisseurs ».,LONG_TEXT,False,False,[],{},{},diagnostic.qhse_supplier_quality.issues,1,10,ANOM-QHSE-SUPPLIER-QUALITY-ISSUES,RISK-QHSE-SUPPLIER-QUALITY-ISSUES,REC-QHSE-SUPPLIER-QUALITY-ISSUES,QHSE-SUPPLIER-QUALITY,BUSINESS,True,ARCHIVE_IF_REFERENCED,False,ACTIVE,1,MATRICIA_GOLD_MASTER_BASELINE
Q-DIAG-QHSE-ISO14001-EXISTS,DIAG_SERVICE_EXISTS,QHSE,QHSE-ENV,QHSE-ISO14001,DIAGNOSTIC,Diagnostic par service,20,Disposez-vous actuellement d’un dispositif ou processus formalisé pour « Mise en place ISO 14001 » ?,La réponse peut générer une recommandation liée au service « Mise en place ISO 14001 ».,SINGLE_CHOICE,True,False,"[""YES"", ""PARTIAL"", ""NO"", ""UNKNOWN""]",{},{},diagnostic.qhse_iso14001.exists,2,10,ANOM-QHSE-ISO14001-EXISTS,RISK-QHSE-ISO14001-EXISTS,REC-QHSE-ISO14001-EXISTS,QHSE-ISO14001,BUSINESS,True,ARCHIVE_IF_REFERENCED,False,ACTIVE,1,MATRICIA_GOLD_MASTER_BASELINE
Q-DIAG-QHSE-ISO14001-PERFORMANCE,DIAG_SERVICE_PERFORMANCE,QHSE,QHSE-ENV,QHSE-ISO14001,DIAGNOSTIC,Diagnostic par service,21,Comment évaluez-vous la performance actuelle de « Mise en place ISO 14001 » ?,La réponse peut générer une recommandation liée au service « Mise en place ISO 14001 ».,RATING_5,True,False,[],{},{},diagnostic.qhse_iso14001.performance,2,10,ANOM-QHSE-ISO14001-PERFORMANCE,RISK-QHSE-ISO14001-PERFORMANCE,REC-QHSE-ISO14001-PERFORMANCE,QHSE-ISO14001,BUSINESS,True,ARCHIVE_IF_REFERENCED,False,ACTIVE,1,MATRICIA_GOLD_MASTER_BASELINE
Q-DIAG-QHSE-ISO14001-ISSUES,DIAG_SERVICE_ISSUES,QHSE,QHSE-ENV,QHSE-ISO14001,DIAGNOSTIC,Diagnostic par service,22,"Quels problèmes, retards, incidents ou insatisfactions rencontrez-vous concernant « Mise en place ISO 14001 » ?",La réponse peut générer une recommandation liée au service « Mise en place ISO 14001 ».,LONG_TEXT,False,False,[],{},{},diagnostic.qhse_iso14001.issues,1,10,ANOM-QHSE-ISO14001-ISSUES,RISK-QHSE-ISO14001-ISSUES,REC-QHSE-ISO14001-ISSUES,QHSE-ISO14001,BUSINESS,True,ARCHIVE_IF_REFERENCED,False,ACTIVE,1,MATRICIA_GOLD_MASTER_BASELINE
Q-DIAG-QHSE-ENV-AUDIT-EXISTS,DIAG_SERVICE_EXISTS,QHSE,QHSE-ENV,QHSE-ENV-AUDIT,DIAGNOSTIC,Diagnostic par service,23,Disposez-vous actuellement d’un dispositif ou processus formalisé pour « Audit environnemental » ?,La réponse peut générer une recommandation liée au service « Audit environnemental ».,SINGLE_CHOICE,True,False,"[""YES"", ""PARTIAL"", ""NO"", ""UNKNOWN""]",{},{},diagnostic.qhse_env_audit.exists,2,10,ANOM-QHSE-ENV-AUDIT-EXISTS,RISK-QHSE-ENV-AUDIT-EXISTS,REC-QHSE-ENV-AUDIT-EXISTS,QHSE-ENV-AUDIT,BUSINESS,True,ARCHIVE_IF_REFERENCED,False,ACTIVE,1,MATRICIA_GOLD_MASTER_BASELINE
Q-DIAG-QHSE-ENV-AUDIT-PERFORMANCE,DIAG_SERVICE_PERFORMANCE,QHSE,QHSE-ENV,QHSE-ENV-AUDIT,DIAGNOSTIC,Diagnostic par service,24,Comment évaluez-vous la performance actuelle de « Audit environnemental » ?,La réponse peut générer une recommandation liée au service « Audit environnemental ».,RATING_5,True,False,[],{},{},diagnostic.qhse_env_audit.performance,2,10,ANOM-QHSE-ENV-AUDIT-PERFORMANCE,RISK-QHSE-ENV-AUDIT-PERFORMANCE,REC-QHSE-ENV-AUDIT-PERFORMANCE,QHSE-ENV-AUDIT,BUSINESS,True,ARCHIVE_IF_REFERENCED,False,ACTIVE,1,MATRICIA_GOLD_MASTER_BASELINE
Q-DIAG-QHSE-ENV-AUDIT-ISSUES,DIAG_SERVICE_ISSUES,QHSE,QHSE-ENV,QHSE-ENV-AUDIT,DIAGNOSTIC,Diagnostic par service,25,"Quels problèmes, retards, incidents ou insatisfactions rencontrez-vous concernant « Audit environnemental » ?",La réponse peut générer une recommandation liée au service « Audit environnemental ».,LONG_TEXT,False,False,[],{},{},diagnostic.qhse_env_audit.issues,1,10,ANOM-QHSE-ENV-AUDIT-ISSUES,RISK-QHSE-ENV-AUDIT-ISSUES,REC-QHSE-ENV-AUDIT-ISSUES,QHSE-ENV-AUDIT,BUSINESS,True,ARCHIVE_IF_REFERENCED,False,ACTIVE,1,MATRICIA_GOLD_MASTER_BASELINE
Q-DIAG-QHSE-WASTE-EXISTS,DIAG_SERVICE_EXISTS,QHSE,QHSE-ENV,QHSE-WASTE,DIAGNOSTIC,Diagnostic par service,26,Disposez-vous actuellement d’un dispositif ou processus formalisé pour « Plan de gestion des déchets » ?,La réponse peut générer une recommandation liée au service « Plan de gestion des déchets ».,SINGLE_CHOICE,True,False,"[""YES"", ""PARTIAL"", ""NO"", ""UNKNOWN""]",{},{},diagnostic.qhse_waste.exists,2,10,ANOM-QHSE-WASTE-EXISTS,RISK-QHSE-WASTE-EXISTS,REC-QHSE-WASTE-EXISTS,QHSE-WASTE,BUSINESS,True,ARCHIVE_IF_REFERENCED,False,ACTIVE,1,MATRICIA_GOLD_MASTER_BASELINE
Q-DIAG-QHSE-WASTE-PERFORMANCE,DIAG_SERVICE_PERFORMANCE,QHSE,QHSE-ENV,QHSE-WASTE,DIAGNOSTIC,Diagnostic par service,27,Comment évaluez-vous la performance actuelle de « Plan de gestion des déchets » ?,La réponse peut générer une recommandation liée au service « Plan de gestion des déchets ».,RATING_5,True,False,[],{},{},diagnostic.qhse_waste.performance,2,10,ANOM-QHSE-WASTE-PERFORMANCE,RISK-QHSE-WASTE-PERFORMANCE,REC-QHSE-WASTE-PERFORMANCE,QHSE-WASTE,BUSINESS,True,ARCHIVE_IF_REFERENCED,False,ACTIVE,1,MATRICIA_GOLD_MASTER_BASELINE
Q-DIAG-QHSE-WASTE-ISSUES,DIAG_SERVICE_ISSUES,QHSE,QHSE-ENV,QHSE-WASTE,DIAGNOSTIC,Diagnostic par service,28,"Quels problèmes, retards, incidents ou insatisfactions rencontrez-vous concernant « Plan de gestion des déchets » ?",La réponse peut générer une recommandation liée au service « Plan de gestion des déchets ».,LONG_TEXT,False,False,[],{},{},diagnostic.qhse_waste.issues,1,10,ANOM-QHSE-WASTE-ISSUES,RISK-QHSE-WASTE-ISSUES,REC-QHSE-WASTE-ISSUES,QHSE-WASTE,BUSINESS,True,ARCHIVE_IF_REFERENCED,False,ACTIVE,1,MATRICIA_GOLD_MASTER_BASELINE
Q-DIAG-QHSE-ISO45001-EXISTS,DIAG_SERVICE_EXISTS,QHSE,QHSE-OHS,QHSE-ISO45001,DIAGNOSTIC,Diagnostic par service,29,Disposez-vous actuellement d’un dispositif ou processus formalisé pour « Mise en place ISO 45001 » ?,La réponse peut générer une recommandation liée au service « Mise en place ISO 45001 ».,SINGLE_CHOICE,True,False,"[""YES"", ""PARTIAL"", ""NO"", ""UNKNOWN""]",{},{},diagnostic.qhse_iso45001.exists,2,10,ANOM-QHSE-ISO45001-EXISTS,RISK-QHSE-ISO45001-EXISTS,REC-QHSE-ISO45001-EXISTS,QHSE-ISO45001,BUSINESS,True,ARCHIVE_IF_REFERENCED,False,ACTIVE,1,MATRICIA_GOLD_MASTER_BASELINE
Q-DIAG-QHSE-ISO45001-PERFORMANCE,DIAG_SERVICE_PERFORMANCE,QHSE,QHSE-OHS,QHSE-ISO45001,DIAGNOSTIC,Diagnostic par service,30,Comment évaluez-vous la performance actuelle de « Mise en place ISO 45001 » ?,La réponse peut générer une recommandation liée au service « Mise en place ISO 45001 ».,RATING_5,True,False,[],{},{},diagnostic.qhse_iso45001.performance,2,10,ANOM-QHSE-ISO45001-PERFORMANCE,RISK-QHSE-ISO45001-PERFORMANCE,REC-QHSE-ISO45001-PERFORMANCE,QHSE-ISO45001,BUSINESS,True,ARCHIVE_IF_REFERENCED,False,ACTIVE,1,MATRICIA_GOLD_MASTER_BASELINE
Q-DIAG-QHSE-ISO45001-ISSUES,DIAG_SERVICE_ISSUES,QHSE,QHSE-OHS,QHSE-ISO45001,DIAGNOSTIC,Diagnostic par service,31,"Quels problèmes, retards, incidents ou insatisfactions rencontrez-vous concernant « Mise en place ISO 45001 » ?",La réponse peut générer une recommandation liée au service « Mise en place ISO 45001 ».,LONG_TEXT,False,False,[],{},{},diagnostic.qhse_iso45001.issues,1,10,ANOM-QHSE-ISO45001-ISSUES,RISK-QHSE-ISO45001-ISSUES,REC-QHSE-ISO45001-ISSUES,QHSE-ISO45001,BUSINESS,True,ARCHIVE_IF_REFERENCED,False,ACTIVE,1,MATRICIA_GOLD_MASTER_BASELINE
Q-DIAG-QHSE-SAFETY-AUDIT-EXISTS,DIAG_SERVICE_EXISTS,QHSE,QHSE-OHS,QHSE-SAFETY-AUDIT,DIAGNOSTIC,Diagnostic par service,32,Disposez-vous actuellement d’un dispositif ou processus formalisé pour « Audit santé et sécurité au travail » ?,La réponse peut générer une recommandation liée au service « Audit santé et sécurité au travail ».,SINGLE_CHOICE,True,False,"[""YES"", ""PARTIAL"", ""NO"", ""UNKNOWN""]",{},{},diagnostic.qhse_safety_audit.exists,2,10,ANOM-QHSE-SAFETY-AUDIT-EXISTS,RISK-QHSE-SAFETY-AUDIT-EXISTS,REC-QHSE-SAFETY-AUDIT-EXISTS,QHSE-SAFETY-AUDIT,BUSINESS,True,ARCHIVE_IF_REFERENCED,False,ACTIVE,1,MATRICIA_GOLD_MASTER_BASELINE
Q-DIAG-QHSE-SAFETY-AUDIT-PERFORMANCE,DIAG_SERVICE_PERFORMANCE,QHSE,QHSE-OHS,QHSE-SAFETY-AUDIT,DIAGNOSTIC,Diagnostic par service,33,Comment évaluez-vous la performance actuelle de « Audit santé et sécurité au travail » ?,La réponse peut générer une recommandation liée au service « Audit santé et sécurité au travail ».,RATING_5,True,False,[],{},{},diagnostic.qhse_safety_audit.performance,2,10,ANOM-QHSE-SAFETY-AUDIT-PERFORMANCE,RISK-QHSE-SAFETY-AUDIT-PERFORMANCE,REC-QHSE-SAFETY-AUDIT-PERFORMANCE,QHSE-SAFETY-AUDIT,BUSINESS,True,ARCHIVE_IF_REFERENCED,False,ACTIVE,1,MATRICIA_GOLD_MASTER_BASELINE
Q-DIAG-QHSE-SAFETY-AUDIT-ISSUES,DIAG_SERVICE_ISSUES,QHSE,QHSE-OHS,QHSE-SAFETY-AUDIT,DIAGNOSTIC,Diagnostic par service,34,"Quels problèmes, retards, incidents ou insatisfactions rencontrez-vous concernant « Audit santé et sécurité au travail » ?",La réponse peut générer une recommandation liée au service « Audit santé et sécurité au travail ».,LONG_TEXT,False,False,[],{},{},diagnostic.qhse_safety_audit.issues,1,10,ANOM-QHSE-SAFETY-AUDIT-ISSUES,RISK-QHSE-SAFETY-AUDIT-ISSUES,REC-QHSE-SAFETY-AUDIT-ISSUES,QHSE-SAFETY-AUDIT,BUSINESS,True,ARCHIVE_IF_REFERENCED,False,ACTIVE,1,MATRICIA_GOLD_MASTER_BASELINE
Q-DIAG-QHSE-RISK-ASSESS-EXISTS,DIAG_SERVICE_EXISTS,QHSE,QHSE-OHS,QHSE-RISK-ASSESS,DIAGNOSTIC,Diagnostic par service,35,Disposez-vous actuellement d’un dispositif ou processus formalisé pour « Évaluation des risques professionnels » ?,La réponse peut générer une recommandation liée au service « Évaluation des risques professionnels ».,SINGLE_CHOICE,True,False,"[""YES"", ""PARTIAL"", ""NO"", ""UNKNOWN""]",{},{},diagnostic.qhse_risk_assess.exists,2,10,ANOM-QHSE-RISK-ASSESS-EXISTS,RISK-QHSE-RISK-ASSESS-EXISTS,REC-QHSE-RISK-ASSESS-EXISTS,QHSE-RISK-ASSESS,BUSINESS,True,ARCHIVE_IF_REFERENCED,False,ACTIVE,1,MATRICIA_GOLD_MASTER_BASELINE
Q-DIAG-QHSE-RISK-ASSESS-PERFORMANCE,DIAG_SERVICE_PERFORMANCE,QHSE,QHSE-OHS,QHSE-RISK-ASSESS,DIAGNOSTIC,Diagnostic par service,36,Comment évaluez-vous la performance actuelle de « Évaluation des risques professionnels » ?,La réponse peut générer une recommandation liée au service « Évaluation des risques professionnels ».,RATING_5,True,False,[],{},{},diagnostic.qhse_risk_assess.performance,2,10,ANOM-QHSE-RISK-ASSESS-PERFORMANCE,RISK-QHSE-RISK-ASSESS-PERFORMANCE,REC-QHSE-RISK-ASSESS-PERFORMANCE,QHSE-RISK-ASSESS,BUSINESS,True,ARCHIVE_IF_REFERENCED,False,ACTIVE,1,MATRICIA_GOLD_MASTER_BASELINE
Q-DIAG-QHSE-RISK-ASSESS-ISSUES,DIAG_SERVICE_ISSUES,QHSE,QHSE-OHS,QHSE-RISK-ASSESS,DIAGNOSTIC,Diagnostic par service,37,"Quels problèmes, retards, incidents ou insatisfactions rencontrez-vous concernant « Évaluation des risques professionnels » ?",La réponse peut générer une recommandation liée au service « Évaluation des risques professionnels ».,LONG_TEXT,False,False,[],{},{},diagnostic.qhse_risk_assess.issues,1,10,ANOM-QHSE-RISK-ASSESS-ISSUES,RISK-QHSE-RISK-ASSESS-ISSUES,REC-QHSE-RISK-ASSESS-ISSUES,QHSE-RISK-ASSESS,BUSINESS,True,ARCHIVE_IF_REFERENCED,False,ACTIVE,1,MATRICIA_GOLD_MASTER_BASELINE
Q-DIAG-QHSE-HSE-PLAN-EXISTS,DIAG_SERVICE_EXISTS,QHSE,QHSE-OHS,QHSE-HSE-PLAN,DIAGNOSTIC,Diagnostic par service,38,Disposez-vous actuellement d’un dispositif ou processus formalisé pour « Plan HSE chantier ou site » ?,La réponse peut générer une recommandation liée au service « Plan HSE chantier ou site ».,SINGLE_CHOICE,True,False,"[""YES"", ""PARTIAL"", ""NO"", ""UNKNOWN""]",{},{},diagnostic.qhse_hse_plan.exists,2,10,ANOM-QHSE-HSE-PLAN-EXISTS,RISK-QHSE-HSE-PLAN-EXISTS,REC-QHSE-HSE-PLAN-EXISTS,QHSE-HSE-PLAN,BUSINESS,True,ARCHIVE_IF_REFERENCED,False,ACTIVE,1,MATRICIA_GOLD_MASTER_BASELINE
Q-DIAG-QHSE-HSE-PLAN-PERFORMANCE,DIAG_SERVICE_PERFORMANCE,QHSE,QHSE-OHS,QHSE-HSE-PLAN,DIAGNOSTIC,Diagnostic par service,39,Comment évaluez-vous la performance actuelle de « Plan HSE chantier ou site » ?,La réponse peut générer une recommandation liée au service « Plan HSE chantier ou site ».,RATING_5,True,False,[],{},{},diagnostic.qhse_hse_plan.performance,2,10,ANOM-QHSE-HSE-PLAN-PERFORMANCE,RISK-QHSE-HSE-PLAN-PERFORMANCE,REC-QHSE-HSE-PLAN-PERFORMANCE,QHSE-HSE-PLAN,BUSINESS,True,ARCHIVE_IF_REFERENCED,False,ACTIVE,1,MATRICIA_GOLD_MASTER_BASELINE
Q-DIAG-QHSE-HSE-PLAN-ISSUES,DIAG_SERVICE_ISSUES,QHSE,QHSE-OHS,QHSE-HSE-PLAN,DIAGNOSTIC,Diagnostic par service,40,"Quels problèmes, retards, incidents ou insatisfactions rencontrez-vous concernant « Plan HSE chantier ou site » ?",La réponse peut générer une recommandation liée au service « Plan HSE chantier ou site ».,LONG_TEXT,False,False,[],{},{},diagnostic.qhse_hse_plan.issues,1,10,ANOM-QHSE-HSE-PLAN-ISSUES,RISK-QHSE-HSE-PLAN-ISSUES,REC-QHSE-HSE-PLAN-ISSUES,QHSE-HSE-PLAN,BUSINESS,True,ARCHIVE_IF_REFERENCED,False,ACTIVE,1,MATRICIA_GOLD_MASTER_BASELINE
Q-DIAG-QHSE-HACCP-EXISTS,DIAG_SERVICE_EXISTS,QHSE,QHSE-FOOD,QHSE-HACCP,DIAGNOSTIC,Diagnostic par service,41,Disposez-vous actuellement d’un dispositif ou processus formalisé pour « Mise en place HACCP » ?,La réponse peut générer une recommandation liée au service « Mise en place HACCP ».,SINGLE_CHOICE,True,False,"[""YES"", ""PARTIAL"", ""NO"", ""UNKNOWN""]",{},{},diagnostic.qhse_haccp.exists,2,10,ANOM-QHSE-HACCP-EXISTS,RISK-QHSE-HACCP-EXISTS,REC-QHSE-HACCP-EXISTS,QHSE-HACCP,BUSINESS,True,ARCHIVE_IF_REFERENCED,False,ACTIVE,1,MATRICIA_GOLD_MASTER_BASELINE
Q-DIAG-QHSE-HACCP-PERFORMANCE,DIAG_SERVICE_PERFORMANCE,QHSE,QHSE-FOOD,QHSE-HACCP,DIAGNOSTIC,Diagnostic par service,42,Comment évaluez-vous la performance actuelle de « Mise en place HACCP » ?,La réponse peut générer une recommandation liée au service « Mise en place HACCP ».,RATING_5,True,False,[],{},{},diagnostic.qhse_haccp.performance,2,10,ANOM-QHSE-HACCP-PERFORMANCE,RISK-QHSE-HACCP-PERFORMANCE,REC-QHSE-HACCP-PERFORMANCE,QHSE-HACCP,BUSINESS,True,ARCHIVE_IF_REFERENCED,False,ACTIVE,1,MATRICIA_GOLD_MASTER_BASELINE
Q-DIAG-QHSE-HACCP-ISSUES,DIAG_SERVICE_ISSUES,QHSE,QHSE-FOOD,QHSE-HACCP,DIAGNOSTIC,Diagnostic par service,43,"Quels problèmes, retards, incidents ou insatisfactions rencontrez-vous concernant « Mise en place HACCP » ?",La réponse peut générer une recommandation liée au service « Mise en place HACCP ».,LONG_TEXT,False,False,[],{},{},diagnostic.qhse_haccp.issues,1,10,ANOM-QHSE-HACCP-ISSUES,RISK-QHSE-HACCP-ISSUES,REC-QHSE-HACCP-ISSUES,QHSE-HACCP,BUSINESS,True,ARCHIVE_IF_REFERENCED,False,ACTIVE,1,MATRICIA_GOLD_MASTER_BASELINE
Q-DIAG-QHSE-ISO22000-EXISTS,DIAG_SERVICE_EXISTS,QHSE,QHSE-FOOD,QHSE-ISO22000,DIAGNOSTIC,Diagnostic par service,44,Disposez-vous actuellement d’un dispositif ou processus formalisé pour « Mise en place ISO 22000 » ?,La réponse peut générer une recommandation liée au service « Mise en place ISO 22000 ».,SINGLE_CHOICE,True,False,"[""YES"", ""PARTIAL"", ""NO"", ""UNKNOWN""]",{},{},diagnostic.qhse_iso22000.exists,2,10,ANOM-QHSE-ISO22000-EXISTS,RISK-QHSE-ISO22000-EXISTS,REC-QHSE-ISO22000-EXISTS,QHSE-ISO22000,BUSINESS,True,ARCHIVE_IF_REFERENCED,False,ACTIVE,1,MATRICIA_GOLD_MASTER_BASELINE
Q-DIAG-QHSE-ISO22000-PERFORMANCE,DIAG_SERVICE_PERFORMANCE,QHSE,QHSE-FOOD,QHSE-ISO22000,DIAGNOSTIC,Diagnostic par service,45,Comment évaluez-vous la performance actuelle de « Mise en place ISO 22000 » ?,La réponse peut générer une recommandation liée au service « Mise en place ISO 22000 ».,RATING_5,True,False,[],{},{},diagnostic.qhse_iso22000.performance,2,10,ANOM-QHSE-ISO22000-PERFORMANCE,RISK-QHSE-ISO22000-PERFORMANCE,REC-QHSE-ISO22000-PERFORMANCE,QHSE-ISO22000,BUSINESS,True,ARCHIVE_IF_REFERENCED,False,ACTIVE,1,MATRICIA_GOLD_MASTER_BASELINE
Q-DIAG-QHSE-ISO22000-ISSUES,DIAG_SERVICE_ISSUES,QHSE,QHSE-FOOD,QHSE-ISO22000,DIAGNOSTIC,Diagnostic par service,46,"Quels problèmes, retards, incidents ou insatisfactions rencontrez-vous concernant « Mise en place ISO 22000 » ?",La réponse peut générer une recommandation liée au service « Mise en place ISO 22000 ».,LONG_TEXT,False,False,[],{},{},diagnostic.qhse_iso22000.issues,1,10,ANOM-QHSE-ISO22000-ISSUES,RISK-QHSE-ISO22000-ISSUES,REC-QHSE-ISO22000-ISSUES,QHSE-ISO22000,BUSINESS,True,ARCHIVE_IF_REFERENCED,False,ACTIVE,1,MATRICIA_GOLD_MASTER_BASELINE
Q-DIAG-QHSE-FOOD-AUDIT-EXISTS,DIAG_SERVICE_EXISTS,QHSE,QHSE-FOOD,QHSE-FOOD-AUDIT,DIAGNOSTIC,Diagnostic par service,47,Disposez-vous actuellement d’un dispositif ou processus formalisé pour « Audit hygiène et sécurité alimentaire » ?,La réponse peut générer une recommandation liée au service « Audit hygiène et sécurité alimentaire ».,SINGLE_CHOICE,True,False,"[""YES"", ""PARTIAL"", ""NO"", ""UNKNOWN""]",{},{},diagnostic.qhse_food_audit.exists,2,10,ANOM-QHSE-FOOD-AUDIT-EXISTS,RISK-QHSE-FOOD-AUDIT-EXISTS,REC-QHSE-FOOD-AUDIT-EXISTS,QHSE-FOOD-AUDIT,BUSINESS,True,ARCHIVE_IF_REFERENCED,False,ACTIVE,1,MATRICIA_GOLD_MASTER_BASELINE
Q-DIAG-QHSE-FOOD-AUDIT-PERFORMANCE,DIAG_SERVICE_PERFORMANCE,QHSE,QHSE-FOOD,QHSE-FOOD-AUDIT,DIAGNOSTIC,Diagnostic par service,48,Comment évaluez-vous la performance actuelle de « Audit hygiène et sécurité alimentaire » ?,La réponse peut générer une recommandation liée au service « Audit hygiène et sécurité alimentaire ».,RATING_5,True,False,[],{},{},diagnostic.qhse_food_audit.performance,2,10,ANOM-QHSE-FOOD-AUDIT-PERFORMANCE,RISK-QHSE-FOOD-AUDIT-PERFORMANCE,REC-QHSE-FOOD-AUDIT-PERFORMANCE,QHSE-FOOD-AUDIT,BUSINESS,True,ARCHIVE_IF_REFERENCED,False,ACTIVE,1,MATRICIA_GOLD_MASTER_BASELINE
Q-DIAG-QHSE-FOOD-AUDIT-ISSUES,DIAG_SERVICE_ISSUES,QHSE,QHSE-FOOD,QHSE-FOOD-AUDIT,DIAGNOSTIC,Diagnostic par service,49,"Quels problèmes, retards, incidents ou insatisfactions rencontrez-vous concernant « Audit hygiène et sécurité alimentaire » ?",La réponse peut générer une recommandation liée au service « Audit hygiène et sécurité alimentaire ».,LONG_TEXT,False,False,[],{},{},diagnostic.qhse_food_audit.issues,1,10,ANOM-QHSE-FOOD-AUDIT-ISSUES,RISK-QHSE-FOOD-AUDIT-ISSUES,REC-QHSE-FOOD-AUDIT-ISSUES,QHSE-FOOD-AUDIT,BUSINESS,True,ARCHIVE_IF_REFERENCED,False,ACTIVE,1,MATRICIA_GOLD_MASTER_BASELINE
Q-DIAG-QHSE-ISO17025-EXISTS,DIAG_SERVICE_EXISTS,QHSE,QHSE-LAB,QHSE-ISO17025,DIAGNOSTIC,Diagnostic par service,50,Disposez-vous actuellement d’un dispositif ou processus formalisé pour « Préparation ISO/IEC 17025 laboratoire » ?,La réponse peut générer une recommandation liée au service « Préparation ISO/IEC 17025 laboratoire ».,SINGLE_CHOICE,True,False,"[""YES"", ""PARTIAL"", ""NO"", ""UNKNOWN""]",{},{},diagnostic.qhse_iso17025.exists,2,10,ANOM-QHSE-ISO17025-EXISTS,RISK-QHSE-ISO17025-EXISTS,REC-QHSE-ISO17025-EXISTS,QHSE-ISO17025,BUSINESS,True,ARCHIVE_IF_REFERENCED,False,ACTIVE,1,MATRICIA_GOLD_MASTER_BASELINE
Q-DIAG-QHSE-ISO17025-PERFORMANCE,DIAG_SERVICE_PERFORMANCE,QHSE,QHSE-LAB,QHSE-ISO17025,DIAGNOSTIC,Diagnostic par service,51,Comment évaluez-vous la performance actuelle de « Préparation ISO/IEC 17025 laboratoire » ?,La réponse peut générer une recommandation liée au service « Préparation ISO/IEC 17025 laboratoire ».,RATING_5,True,False,[],{},{},diagnostic.qhse_iso17025.performance,2,10,ANOM-QHSE-ISO17025-PERFORMANCE,RISK-QHSE-ISO17025-PERFORMANCE,REC-QHSE-ISO17025-PERFORMANCE,QHSE-ISO17025,BUSINESS,True,ARCHIVE_IF_REFERENCED,False,ACTIVE,1,MATRICIA_GOLD_MASTER_BASELINE
Q-DIAG-QHSE-ISO17025-ISSUES,DIAG_SERVICE_ISSUES,QHSE,QHSE-LAB,QHSE-ISO17025,DIAGNOSTIC,Diagnostic par service,52,"Quels problèmes, retards, incidents ou insatisfactions rencontrez-vous concernant « Préparation ISO/IEC 17025 laboratoire » ?",La réponse peut générer une recommandation liée au service « Préparation ISO/IEC 17025 laboratoire ».,LONG_TEXT,False,False,[],{},{},diagnostic.qhse_iso17025.issues,1,10,ANOM-QHSE-ISO17025-ISSUES,RISK-QHSE-ISO17025-ISSUES,REC-QHSE-ISO17025-ISSUES,QHSE-ISO17025,BUSINESS,True,ARCHIVE_IF_REFERENCED,False,ACTIVE,1,MATRICIA_GOLD_MASTER_BASELINE
Q-DIAG-QHSE-METROLOGY-EXISTS,DIAG_SERVICE_EXISTS,QHSE,QHSE-LAB,QHSE-METROLOGY,DIAGNOSTIC,Diagnostic par service,53,Disposez-vous actuellement d’un dispositif ou processus formalisé pour « Gestion de métrologie et étalonnage » ?,La réponse peut générer une recommandation liée au service « Gestion de métrologie et étalonnage ».,SINGLE_CHOICE,True,False,"[""YES"", ""PARTIAL"", ""NO"", ""UNKNOWN""]",{},{},diagnostic.qhse_metrology.exists,2,10,ANOM-QHSE-METROLOGY-EXISTS,RISK-QHSE-METROLOGY-EXISTS,REC-QHSE-METROLOGY-EXISTS,QHSE-METROLOGY,BUSINESS,True,ARCHIVE_IF_REFERENCED,False,ACTIVE,1,MATRICIA_GOLD_MASTER_BASELINE
Q-DIAG-QHSE-METROLOGY-PERFORMANCE,DIAG_SERVICE_PERFORMANCE,QHSE,QHSE-LAB,QHSE-METROLOGY,DIAGNOSTIC,Diagnostic par service,54,Comment évaluez-vous la performance actuelle de « Gestion de métrologie et étalonnage » ?,La réponse peut générer une recommandation liée au service « Gestion de métrologie et étalonnage ».,RATING_5,True,False,[],{},{},diagnostic.qhse_metrology.performance,2,10,ANOM-QHSE-METROLOGY-PERFORMANCE,RISK-QHSE-METROLOGY-PERFORMANCE,REC-QHSE-METROLOGY-PERFORMANCE,QHSE-METROLOGY,BUSINESS,True,ARCHIVE_IF_REFERENCED,False,ACTIVE,1,MATRICIA_GOLD_MASTER_BASELINE
Q-DIAG-QHSE-METROLOGY-ISSUES,DIAG_SERVICE_ISSUES,QHSE,QHSE-LAB,QHSE-METROLOGY,DIAGNOSTIC,Diagnostic par service,55,"Quels problèmes, retards, incidents ou insatisfactions rencontrez-vous concernant « Gestion de métrologie et étalonnage » ?",La réponse peut générer une recommandation liée au service « Gestion de métrologie et étalonnage ».,LONG_TEXT,False,False,[],{},{},diagnostic.qhse_metrology.issues,1,10,ANOM-QHSE-METROLOGY-ISSUES,RISK-QHSE-METROLOGY-ISSUES,REC-QHSE-METROLOGY-ISSUES,QHSE-METROLOGY,BUSINESS,True,ARCHIVE_IF_REFERENCED,False,ACTIVE,1,MATRICIA_GOLD_MASTER_BASELINE
Q-DIAG-QHSE-INTERNAL-AUDIT-EXISTS,DIAG_SERVICE_EXISTS,QHSE,QHSE-AUDIT,QHSE-INTERNAL-AUDIT,DIAGNOSTIC,Diagnostic par service,56,Disposez-vous actuellement d’un dispositif ou processus formalisé pour « Audit interne de système de management » ?,La réponse peut générer une recommandation liée au service « Audit interne de système de management ».,SINGLE_CHOICE,True,False,"[""YES"", ""PARTIAL"", ""NO"", ""UNKNOWN""]",{},{},diagnostic.qhse_internal_audit.exists,2,10,ANOM-QHSE-INTERNAL-AUDIT-EXISTS,RISK-QHSE-INTERNAL-AUDIT-EXISTS,REC-QHSE-INTERNAL-AUDIT-EXISTS,QHSE-INTERNAL-AUDIT,BUSINESS,True,ARCHIVE_IF_REFERENCED,False,ACTIVE,1,MATRICIA_GOLD_MASTER_BASELINE
Q-DIAG-QHSE-INTERNAL-AUDIT-PERFORMANCE,DIAG_SERVICE_PERFORMANCE,QHSE,QHSE-AUDIT,QHSE-INTERNAL-AUDIT,DIAGNOSTIC,Diagnostic par service,57,Comment évaluez-vous la performance actuelle de « Audit interne de système de management » ?,La réponse peut générer une recommandation liée au service « Audit interne de système de management ».,RATING_5,True,False,[],{},{},diagnostic.qhse_internal_audit.performance,2,10,ANOM-QHSE-INTERNAL-AUDIT-PERFORMANCE,RISK-QHSE-INTERNAL-AUDIT-PERFORMANCE,REC-QHSE-INTERNAL-AUDIT-PERFORMANCE,QHSE-INTERNAL-AUDIT,BUSINESS,True,ARCHIVE_IF_REFERENCED,False,ACTIVE,1,MATRICIA_GOLD_MASTER_BASELINE
Q-DIAG-QHSE-INTERNAL-AUDIT-ISSUES,DIAG_SERVICE_ISSUES,QHSE,QHSE-AUDIT,QHSE-INTERNAL-AUDIT,DIAGNOSTIC,Diagnostic par service,58,"Quels problèmes, retards, incidents ou insatisfactions rencontrez-vous concernant « Audit interne de système de management » ?",La réponse peut générer une recommandation liée au service « Audit interne de système de management ».,LONG_TEXT,False,False,[],{},{},diagnostic.qhse_internal_audit.issues,1,10,ANOM-QHSE-INTERNAL-AUDIT-ISSUES,RISK-QHSE-INTERNAL-AUDIT-ISSUES,REC-QHSE-INTERNAL-AUDIT-ISSUES,QHSE-INTERNAL-AUDIT,BUSINESS,True,ARCHIVE_IF_REFERENCED,False,ACTIVE,1,MATRICIA_GOLD_MASTER_BASELINE
Q-DIAG-QHSE-CAPA-EXISTS,DIAG_SERVICE_EXISTS,QHSE,QHSE-AUDIT,QHSE-CAPA,DIAGNOSTIC,Diagnostic par service,59,Disposez-vous actuellement d’un dispositif ou processus formalisé pour « Gestion des non-conformités et CAPA » ?,La réponse peut générer une recommandation liée au service « Gestion des non-conformités et CAPA ».,SINGLE_CHOICE,True,False,"[""YES"", ""PARTIAL"", ""NO"", ""UNKNOWN""]",{},{},diagnostic.qhse_capa.exists,2,10,ANOM-QHSE-CAPA-EXISTS,RISK-QHSE-CAPA-EXISTS,REC-QHSE-CAPA-EXISTS,QHSE-CAPA,BUSINESS,True,ARCHIVE_IF_REFERENCED,False,ACTIVE,1,MATRICIA_GOLD_MASTER_BASELINE
Q-DIAG-QHSE-CAPA-PERFORMANCE,DIAG_SERVICE_PERFORMANCE,QHSE,QHSE-AUDIT,QHSE-CAPA,DIAGNOSTIC,Diagnostic par service,60,Comment évaluez-vous la performance actuelle de « Gestion des non-conformités et CAPA » ?,La réponse peut générer une recommandation liée au service « Gestion des non-conformités et CAPA ».,RATING_5,True,False,[],{},{},diagnostic.qhse_capa.performance,2,10,ANOM-QHSE-CAPA-PERFORMANCE,RISK-QHSE-CAPA-PERFORMANCE,REC-QHSE-CAPA-PERFORMANCE,QHSE-CAPA,BUSINESS,True,ARCHIVE_IF_REFERENCED,False,ACTIVE,1,MATRICIA_GOLD_MASTER_BASELINE
Q-DIAG-QHSE-CAPA-ISSUES,DIAG_SERVICE_ISSUES,QHSE,QHSE-AUDIT,QHSE-CAPA,DIAGNOSTIC,Diagnostic par service,61,"Quels problèmes, retards, incidents ou insatisfactions rencontrez-vous concernant « Gestion des non-conformités et CAPA » ?",La réponse peut générer une recommandation liée au service « Gestion des non-conformités et CAPA ».,LONG_TEXT,False,False,[],{},{},diagnostic.qhse_capa.issues,1,10,ANOM-QHSE-CAPA-ISSUES,RISK-QHSE-CAPA-ISSUES,REC-QHSE-CAPA-ISSUES,QHSE-CAPA,BUSINESS,True,ARCHIVE_IF_REFERENCED,False,ACTIVE,1,MATRICIA_GOLD_MASTER_BASELINE
Q-DIAG-QHSE-DOC-MGMT-EXISTS,DIAG_SERVICE_EXISTS,QHSE,QHSE-DOC,QHSE-DOC-MGMT,DIAGNOSTIC,Diagnostic par service,62,Disposez-vous actuellement d’un dispositif ou processus formalisé pour « Système documentaire qualité/HSE » ?,La réponse peut générer une recommandation liée au service « Système documentaire qualité/HSE ».,SINGLE_CHOICE,True,False,"[""YES"", ""PARTIAL"", ""NO"", ""UNKNOWN""]",{},{},diagnostic.qhse_doc_mgmt.exists,2,10,ANOM-QHSE-DOC-MGMT-EXISTS,RISK-QHSE-DOC-MGMT-EXISTS,REC-QHSE-DOC-MGMT-EXISTS,QHSE-DOC-MGMT,BUSINESS,True,ARCHIVE_IF_REFERENCED,False,ACTIVE,1,MATRICIA_GOLD_MASTER_BASELINE
Q-DIAG-QHSE-DOC-MGMT-PERFORMANCE,DIAG_SERVICE_PERFORMANCE,QHSE,QHSE-DOC,QHSE-DOC-MGMT,DIAGNOSTIC,Diagnostic par service,63,Comment évaluez-vous la performance actuelle de « Système documentaire qualité/HSE » ?,La réponse peut générer une recommandation liée au service « Système documentaire qualité/HSE ».,RATING_5,True,False,[],{},{},diagnostic.qhse_doc_mgmt.performance,2,10,ANOM-QHSE-DOC-MGMT-PERFORMANCE,RISK-QHSE-DOC-MGMT-PERFORMANCE,REC-QHSE-DOC-MGMT-PERFORMANCE,QHSE-DOC-MGMT,BUSINESS,True,ARCHIVE_IF_REFERENCED,False,ACTIVE,1,MATRICIA_GOLD_MASTER_BASELINE
Q-DIAG-QHSE-DOC-MGMT-ISSUES,DIAG_SERVICE_ISSUES,QHSE,QHSE-DOC,QHSE-DOC-MGMT,DIAGNOSTIC,Diagnostic par service,64,"Quels problèmes, retards, incidents ou insatisfactions rencontrez-vous concernant « Système documentaire qualité/HSE » ?",La réponse peut générer une recommandation liée au service « Système documentaire qualité/HSE ».,LONG_TEXT,False,False,[],{},{},diagnostic.qhse_doc_mgmt.issues,1,10,ANOM-QHSE-DOC-MGMT-ISSUES,RISK-QHSE-DOC-MGMT-ISSUES,REC-QHSE-DOC-MGMT-ISSUES,QHSE-DOC-MGMT,BUSINESS,True,ARCHIVE_IF_REFERENCED,False,ACTIVE,1,MATRICIA_GOLD_MASTER_BASELINE
Q-DIAG-QHSE-INTEGRATED-EXISTS,DIAG_SERVICE_EXISTS,QHSE,QHSE-CERT,QHSE-INTEGRATED,DIAGNOSTIC,Diagnostic par service,65,Disposez-vous actuellement d’un dispositif ou processus formalisé pour « Système intégré Qualité-Environnement-Sécurité » ?,La réponse peut générer une recommandation liée au service « Système intégré Qualité-Environnement-Sécurité ».,SINGLE_CHOICE,True,False,"[""YES"", ""PARTIAL"", ""NO"", ""UNKNOWN""]",{},{},diagnostic.qhse_integrated.exists,2,10,ANOM-QHSE-INTEGRATED-EXISTS,RISK-QHSE-INTEGRATED-EXISTS,REC-QHSE-INTEGRATED-EXISTS,QHSE-INTEGRATED,BUSINESS,True,ARCHIVE_IF_REFERENCED,False,ACTIVE,1,MATRICIA_GOLD_MASTER_BASELINE
Q-DIAG-QHSE-INTEGRATED-PERFORMANCE,DIAG_SERVICE_PERFORMANCE,QHSE,QHSE-CERT,QHSE-INTEGRATED,DIAGNOSTIC,Diagnostic par service,66,Comment évaluez-vous la performance actuelle de « Système intégré Qualité-Environnement-Sécurité » ?,La réponse peut générer une recommandation liée au service « Système intégré Qualité-Environnement-Sécurité ».,RATING_5,True,False,[],{},{},diagnostic.qhse_integrated.performance,2,10,ANOM-QHSE-INTEGRATED-PERFORMANCE,RISK-QHSE-INTEGRATED-PERFORMANCE,REC-QHSE-INTEGRATED-PERFORMANCE,QHSE-INTEGRATED,BUSINESS,True,ARCHIVE_IF_REFERENCED,False,ACTIVE,1,MATRICIA_GOLD_MASTER_BASELINE
Q-DIAG-QHSE-INTEGRATED-ISSUES,DIAG_SERVICE_ISSUES,QHSE,QHSE-CERT,QHSE-INTEGRATED,DIAGNOSTIC,Diagnostic par service,67,"Quels problèmes, retards, incidents ou insatisfactions rencontrez-vous concernant « Système intégré Qualité-Environnement-Sécurité » ?",La réponse peut générer une recommandation liée au service « Système intégré Qualité-Environnement-Sécurité ».,LONG_TEXT,False,False,[],{},{},diagnostic.qhse_integrated.issues,1,10,ANOM-QHSE-INTEGRATED-ISSUES,RISK-QHSE-INTEGRATED-ISSUES,REC-QHSE-INTEGRATED-ISSUES,QHSE-INTEGRATED,BUSINESS,True,ARCHIVE_IF_REFERENCED,False,ACTIVE,1,MATRICIA_GOLD_MASTER_BASELINE
Q-DIAG-QHSE-CERT-PREP-EXISTS,DIAG_SERVICE_EXISTS,QHSE,QHSE-CERT,QHSE-CERT-PREP,DIAGNOSTIC,Diagnostic par service,68,Disposez-vous actuellement d’un dispositif ou processus formalisé pour « Préparation et accompagnement à la certification » ?,La réponse peut générer une recommandation liée au service « Préparation et accompagnement à la certification ».,SINGLE_CHOICE,True,False,"[""YES"", ""PARTIAL"", ""NO"", ""UNKNOWN""]",{},{},diagnostic.qhse_cert_prep.exists,2,10,ANOM-QHSE-CERT-PREP-EXISTS,RISK-QHSE-CERT-PREP-EXISTS,REC-QHSE-CERT-PREP-EXISTS,QHSE-CERT-PREP,BUSINESS,True,ARCHIVE_IF_REFERENCED,False,ACTIVE,1,MATRICIA_GOLD_MASTER_BASELINE
Q-DIAG-QHSE-CERT-PREP-PERFORMANCE,DIAG_SERVICE_PERFORMANCE,QHSE,QHSE-CERT,QHSE-CERT-PREP,DIAGNOSTIC,Diagnostic par service,69,Comment évaluez-vous la performance actuelle de « Préparation et accompagnement à la certification » ?,La réponse peut générer une recommandation liée au service « Préparation et accompagnement à la certification ».,RATING_5,True,False,[],{},{},diagnostic.qhse_cert_prep.performance,2,10,ANOM-QHSE-CERT-PREP-PERFORMANCE,RISK-QHSE-CERT-PREP-PERFORMANCE,REC-QHSE-CERT-PREP-PERFORMANCE,QHSE-CERT-PREP,BUSINESS,True,ARCHIVE_IF_REFERENCED,False,ACTIVE,1,MATRICIA_GOLD_MASTER_BASELINE
Q-DIAG-QHSE-CERT-PREP-ISSUES,DIAG_SERVICE_ISSUES,QHSE,QHSE-CERT,QHSE-CERT-PREP,DIAGNOSTIC,Diagnostic par service,70,"Quels problèmes, retards, incidents ou insatisfactions rencontrez-vous concernant « Préparation et accompagnement à la certification » ?",La réponse peut générer une recommandation liée au service « Préparation et accompagnement à la certification ».,LONG_TEXT,False,False,[],{},{},diagnostic.qhse_cert_prep.issues,1,10,ANOM-QHSE-CERT-PREP-ISSUES,RISK-QHSE-CERT-PREP-ISSUES,REC-QHSE-CERT-PREP-ISSUES,QHSE-CERT-PREP,BUSINESS,True,ARCHIVE_IF_REFERENCED,False,ACTIVE,1,MATRICIA_GOLD_MASTER_BASELINE
Q-DIAG-SALES-BASE-01,DIAG_COMMON_MATURITY,SALES,,,DIAGNOSTIC,Diagnostic général,1,"Quel est le niveau de formalisation actuel de vos pratiques dans la bibliothèque « Commercial, vente et expérience client » ?",Répondez selon la situation réelle de votre entreprise.,SINGLE_CHOICE,True,False,"[""INEXISTANT"", ""INFORMEL"", ""PARTIEL"", ""FORMALISE"", ""MESURE_ET_AMELIORE""]",{},{},diagnostic.sales.base_maturity,2,10,ANOM-SALES-BASE-MATURITY,RISK-SALES-BASE-MATURITY,REC-SALES-BASE-MATURITY,,BUSINESS,True,ARCHIVE_IF_REFERENCED,False,ACTIVE,1,MATRICIA_GOLD_MASTER_BASELINE
Q-DIAG-SALES-BASE-02,DIAG_COMMON_OWNER,SALES,,,DIAGNOSTIC,Diagnostic général,2,Un responsable clairement identifié pilote-t-il ce domaine ?,Répondez selon la situation réelle de votre entreprise.,YES_NO,True,False,"[""YES"", ""NO"", ""UNKNOWN""]",{},{},diagnostic.sales.base_owner,1,10,ANOM-SALES-BASE-OWNER,RISK-SALES-BASE-OWNER,REC-SALES-BASE-OWNER,,BUSINESS,True,ARCHIVE_IF_REFERENCED,False,ACTIVE,1,MATRICIA_GOLD_MASTER_BASELINE
Q-DIAG-SALES-BASE-03,DIAG_COMMON_BUDGET,SALES,,,DIAGNOSTIC,Diagnostic général,3,Un budget annuel est-il défini et suivi pour ce domaine ?,Répondez selon la situation réelle de votre entreprise.,YES_NO,True,False,"[""YES"", ""NO"", ""PARTIAL""]",{},{},diagnostic.sales.base_budget,1,10,ANOM-SALES-BASE-BUDGET,RISK-SALES-BASE-BUDGET,REC-SALES-BASE-BUDGET,,BUSINESS,True,ARCHIVE_IF_REFERENCED,False,ACTIVE,1,MATRICIA_GOLD_MASTER_BASELINE
Q-DIAG-SALES-BASE-04,DIAG_COMMON_KPI,SALES,,,DIAGNOSTIC,Diagnostic général,4,Disposez-vous d’indicateurs réguliers pour mesurer la performance de ce domaine ?,Répondez selon la situation réelle de votre entreprise.,YES_NO,True,False,"[""YES"", ""NO"", ""PARTIAL""]",{},{},diagnostic.sales.base_kpi,1,10,ANOM-SALES-BASE-KPI,RISK-SALES-BASE-KPI,REC-SALES-BASE-KPI,,BUSINESS,True,ARCHIVE_IF_REFERENCED,False,ACTIVE,1,MATRICIA_GOLD_MASTER_BASELINE
Q-DIAG-SALES-BASE-05,DIAG_COMMON_RISKS,SALES,,,DIAGNOSTIC,Diagnostic général,5,"Les risques majeurs de ce domaine sont-ils identifiés, évalués et suivis ?",Répondez selon la situation réelle de votre entreprise.,YES_NO,True,False,"[""YES"", ""NO"", ""PARTIAL""]",{},{},diagnostic.sales.base_risks,2,10,ANOM-SALES-BASE-RISKS,RISK-SALES-BASE-RISKS,REC-SALES-BASE-RISKS,,BUSINESS,True,ARCHIVE_IF_REFERENCED,True,ACTIVE,1,MATRICIA_GOLD_MASTER_BASELINE
Q-DIAG-SALES-BASE-06,DIAG_COMMON_DOCUMENTATION,SALES,,,DIAGNOSTIC,Diagnostic général,6,"Les politiques, procédures et responsabilités sont-elles documentées et à jour ?",Répondez selon la situation réelle de votre entreprise.,YES_NO,True,False,"[""YES"", ""NO"", ""PARTIAL""]",{},{},diagnostic.sales.base_documentation,1,10,ANOM-SALES-BASE-DOCUMENTATION,RISK-SALES-BASE-DOCUMENTATION,REC-SALES-BASE-DOCUMENTATION,,BUSINESS,True,ARCHIVE_IF_REFERENCED,False,ACTIVE,1,MATRICIA_GOLD_MASTER_BASELINE
Q-DIAG-SALES-BASE-07,DIAG_COMMON_TOOLS,SALES,,,DIAGNOSTIC,Diagnostic général,7,Les outils utilisés répondent-ils aux besoins et communiquent-ils correctement entre eux ?,Répondez selon la situation réelle de votre entreprise.,SINGLE_CHOICE,True,False,"[""YES"", ""PARTIAL"", ""NO"", ""UNKNOWN""]",{},{},diagnostic.sales.base_tools,1,10,ANOM-SALES-BASE-TOOLS,RISK-SALES-BASE-TOOLS,REC-SALES-BASE-TOOLS,,BUSINESS,True,ARCHIVE_IF_REFERENCED,False,ACTIVE,1,MATRICIA_GOLD_MASTER_BASELINE
Q-DIAG-SALES-BASE-08,DIAG_COMMON_SKILLS,SALES,,,DIAGNOSTIC,Diagnostic général,8,Les équipes disposent-elles des compétences et ressources nécessaires ?,Répondez selon la situation réelle de votre entreprise.,SINGLE_CHOICE,True,False,"[""YES"", ""PARTIAL"", ""NO"", ""UNKNOWN""]",{},{},diagnostic.sales.base_skills,1,10,ANOM-SALES-BASE-SKILLS,RISK-SALES-BASE-SKILLS,REC-SALES-BASE-SKILLS,,BUSINESS,True,ARCHIVE_IF_REFERENCED,False,ACTIVE,1,MATRICIA_GOLD_MASTER_BASELINE
Q-DIAG-SALES-BASE-09,DIAG_COMMON_INCIDENTS,SALES,,,DIAGNOSTIC,Diagnostic général,9,"Avez-vous connu des incidents, retards, pertes ou réclamations significatifs dans ce domaine au cours des 12 derniers mois ?",Répondez selon la situation réelle de votre entreprise.,YES_NO,True,False,"[""YES"", ""NO""]",{},{},diagnostic.sales.base_incidents,2,10,ANOM-SALES-BASE-INCIDENTS,RISK-SALES-BASE-INCIDENTS,REC-SALES-BASE-INCIDENTS,,BUSINESS,True,ARCHIVE_IF_REFERENCED,False,ACTIVE,1,MATRICIA_GOLD_MASTER_BASELINE
Q-DIAG-SALES-BASE-10,DIAG_COMMON_PRIORITY,SALES,,,DIAGNOSTIC,Diagnostic général,10,Souhaitez-vous faire de ce domaine une priorité d’amélioration dans les 12 prochains mois ?,Répondez selon la situation réelle de votre entreprise.,SINGLE_CHOICE,True,False,"[""HIGH"", ""MEDIUM"", ""LOW"", ""NO""]",{},{},diagnostic.sales.base_priority,1,10,ANOM-SALES-BASE-PRIORITY,RISK-SALES-BASE-PRIORITY,REC-SALES-BASE-PRIORITY,,BUSINESS,True,ARCHIVE_IF_REFERENCED,False,ACTIVE,1,MATRICIA_GOLD_MASTER_BASELINE
Q-DIAG-SALES-AUDIT-EXISTS,DIAG_SERVICE_EXISTS,SALES,SALES-STRAT,SALES-AUDIT,DIAGNOSTIC,Diagnostic par service,11,Disposez-vous actuellement d’un dispositif ou processus formalisé pour « Audit commercial » ?,La réponse peut générer une recommandation liée au service « Audit commercial ».,SINGLE_CHOICE,True,False,"[""YES"", ""PARTIAL"", ""NO"", ""UNKNOWN""]",{},{},diagnostic.sales_audit.exists,2,10,ANOM-SALES-AUDIT-EXISTS,RISK-SALES-AUDIT-EXISTS,REC-SALES-AUDIT-EXISTS,SALES-AUDIT,BUSINESS,True,ARCHIVE_IF_REFERENCED,False,ACTIVE,1,MATRICIA_GOLD_MASTER_BASELINE
Q-DIAG-SALES-AUDIT-PERFORMANCE,DIAG_SERVICE_PERFORMANCE,SALES,SALES-STRAT,SALES-AUDIT,DIAGNOSTIC,Diagnostic par service,12,Comment évaluez-vous la performance actuelle de « Audit commercial » ?,La réponse peut générer une recommandation liée au service « Audit commercial ».,RATING_5,True,False,[],{},{},diagnostic.sales_audit.performance,2,10,ANOM-SALES-AUDIT-PERFORMANCE,RISK-SALES-AUDIT-PERFORMANCE,REC-SALES-AUDIT-PERFORMANCE,SALES-AUDIT,BUSINESS,True,ARCHIVE_IF_REFERENCED,False,ACTIVE,1,MATRICIA_GOLD_MASTER_BASELINE
Q-DIAG-SALES-AUDIT-ISSUES,DIAG_SERVICE_ISSUES,SALES,SALES-STRAT,SALES-AUDIT,DIAGNOSTIC,Diagnostic par service,13,"Quels problèmes, retards, incidents ou insatisfactions rencontrez-vous concernant « Audit commercial » ?",La réponse peut générer une recommandation liée au service « Audit commercial ».,LONG_TEXT,False,False,[],{},{},diagnostic.sales_audit.issues,1,10,ANOM-SALES-AUDIT-ISSUES,RISK-SALES-AUDIT-ISSUES,REC-SALES-AUDIT-ISSUES,SALES-AUDIT,BUSINESS,True,ARCHIVE_IF_REFERENCED,False,ACTIVE,1,MATRICIA_GOLD_MASTER_BASELINE
Q-DIAG-SALES-GTM-EXISTS,DIAG_SERVICE_EXISTS,SALES,SALES-STRAT,SALES-GTM,DIAGNOSTIC,Diagnostic par service,14,Disposez-vous actuellement d’un dispositif ou processus formalisé pour « Stratégie go-to-market » ?,La réponse peut générer une recommandation liée au service « Stratégie go-to-market ».,SINGLE_CHOICE,True,False,"[""YES"", ""PARTIAL"", ""NO"", ""UNKNOWN""]",{},{},diagnostic.sales_gtm.exists,2,10,ANOM-SALES-GTM-EXISTS,RISK-SALES-GTM-EXISTS,REC-SALES-GTM-EXISTS,SALES-GTM,BUSINESS,True,ARCHIVE_IF_REFERENCED,False,ACTIVE,1,MATRICIA_GOLD_MASTER_BASELINE
Q-DIAG-SALES-GTM-PERFORMANCE,DIAG_SERVICE_PERFORMANCE,SALES,SALES-STRAT,SALES-GTM,DIAGNOSTIC,Diagnostic par service,15,Comment évaluez-vous la performance actuelle de « Stratégie go-to-market » ?,La réponse peut générer une recommandation liée au service « Stratégie go-to-market ».,RATING_5,True,False,[],{},{},diagnostic.sales_gtm.performance,2,10,ANOM-SALES-GTM-PERFORMANCE,RISK-SALES-GTM-PERFORMANCE,REC-SALES-GTM-PERFORMANCE,SALES-GTM,BUSINESS,True,ARCHIVE_IF_REFERENCED,False,ACTIVE,1,MATRICIA_GOLD_MASTER_BASELINE
Q-DIAG-SALES-GTM-ISSUES,DIAG_SERVICE_ISSUES,SALES,SALES-STRAT,SALES-GTM,DIAGNOSTIC,Diagnostic par service,16,"Quels problèmes, retards, incidents ou insatisfactions rencontrez-vous concernant « Stratégie go-to-market » ?",La réponse peut générer une recommandation liée au service « Stratégie go-to-market ».,LONG_TEXT,False,False,[],{},{},diagnostic.sales_gtm.issues,1,10,ANOM-SALES-GTM-ISSUES,RISK-SALES-GTM-ISSUES,REC-SALES-GTM-ISSUES,SALES-GTM,BUSINESS,True,ARCHIVE_IF_REFERENCED,False,ACTIVE,1,MATRICIA_GOLD_MASTER_BASELINE
Q-DIAG-SALES-MARKET-RESEARCH-EXISTS,DIAG_SERVICE_EXISTS,SALES,SALES-STRAT,SALES-MARKET-RESEARCH,DIAGNOSTIC,Diagnostic par service,17,Disposez-vous actuellement d’un dispositif ou processus formalisé pour « Étude de marché et segmentation clients » ?,La réponse peut générer une recommandation liée au service « Étude de marché et segmentation clients ».,SINGLE_CHOICE,True,False,"[""YES"", ""PARTIAL"", ""NO"", ""UNKNOWN""]",{},{},diagnostic.sales_market_research.exists,2,10,ANOM-SALES-MARKET-RESEARCH-EXISTS,RISK-SALES-MARKET-RESEARCH-EXISTS,REC-SALES-MARKET-RESEARCH-EXISTS,SALES-MARKET-RESEARCH,BUSINESS,True,ARCHIVE_IF_REFERENCED,False,ACTIVE,1,MATRICIA_GOLD_MASTER_BASELINE
Q-DIAG-SALES-MARKET-RESEARCH-PERFORMANCE,DIAG_SERVICE_PERFORMANCE,SALES,SALES-STRAT,SALES-MARKET-RESEARCH,DIAGNOSTIC,Diagnostic par service,18,Comment évaluez-vous la performance actuelle de « Étude de marché et segmentation clients » ?,La réponse peut générer une recommandation liée au service « Étude de marché et segmentation clients ».,RATING_5,True,False,[],{},{},diagnostic.sales_market_research.performance,2,10,ANOM-SALES-MARKET-RESEARCH-PERFORMANCE,RISK-SALES-MARKET-RESEARCH-PERFORMANCE,REC-SALES-MARKET-RESEARCH-PERFORMANCE,SALES-MARKET-RESEARCH,BUSINESS,True,ARCHIVE_IF_REFERENCED,False,ACTIVE,1,MATRICIA_GOLD_MASTER_BASELINE
Q-DIAG-SALES-MARKET-RESEARCH-ISSUES,DIAG_SERVICE_ISSUES,SALES,SALES-STRAT,SALES-MARKET-RESEARCH,DIAGNOSTIC,Diagnostic par service,19,"Quels problèmes, retards, incidents ou insatisfactions rencontrez-vous concernant « Étude de marché et segmentation clients » ?",La réponse peut générer une recommandation liée au service « Étude de marché et segmentation clients ».,LONG_TEXT,False,False,[],{},{},diagnostic.sales_market_research.issues,1,10,ANOM-SALES-MARKET-RESEARCH-ISSUES,RISK-SALES-MARKET-RESEARCH-ISSUES,REC-SALES-MARKET-RESEARCH-ISSUES,SALES-MARKET-RESEARCH,BUSINESS,True,ARCHIVE_IF_REFERENCED,False,ACTIVE,1,MATRICIA_GOLD_MASTER_BASELINE
Q-DIAG-SALES-PRICING-EXISTS,DIAG_SERVICE_EXISTS,SALES,SALES-STRAT,SALES-PRICING,DIAGNOSTIC,Diagnostic par service,20,Disposez-vous actuellement d’un dispositif ou processus formalisé pour « Stratégie de prix et politique commerciale » ?,La réponse peut générer une recommandation liée au service « Stratégie de prix et politique commerciale ».,SINGLE_CHOICE,True,False,"[""YES"", ""PARTIAL"", ""NO"", ""UNKNOWN""]",{},{},diagnostic.sales_pricing.exists,2,10,ANOM-SALES-PRICING-EXISTS,RISK-SALES-PRICING-EXISTS,REC-SALES-PRICING-EXISTS,SALES-PRICING,BUSINESS,True,ARCHIVE_IF_REFERENCED,False,ACTIVE,1,MATRICIA_GOLD_MASTER_BASELINE
Q-DIAG-SALES-PRICING-PERFORMANCE,DIAG_SERVICE_PERFORMANCE,SALES,SALES-STRAT,SALES-PRICING,DIAGNOSTIC,Diagnostic par service,21,Comment évaluez-vous la performance actuelle de « Stratégie de prix et politique commerciale » ?,La réponse peut générer une recommandation liée au service « Stratégie de prix et politique commerciale ».,RATING_5,True,False,[],{},{},diagnostic.sales_pricing.performance,2,10,ANOM-SALES-PRICING-PERFORMANCE,RISK-SALES-PRICING-PERFORMANCE,REC-SALES-PRICING-PERFORMANCE,SALES-PRICING,BUSINESS,True,ARCHIVE_IF_REFERENCED,False,ACTIVE,1,MATRICIA_GOLD_MASTER_BASELINE
Q-DIAG-SALES-PRICING-ISSUES,DIAG_SERVICE_ISSUES,SALES,SALES-STRAT,SALES-PRICING,DIAGNOSTIC,Diagnostic par service,22,"Quels problèmes, retards, incidents ou insatisfactions rencontrez-vous concernant « Stratégie de prix et politique commerciale » ?",La réponse peut générer une recommandation liée au service « Stratégie de prix et politique commerciale ».,LONG_TEXT,False,False,[],{},{},diagnostic.sales_pricing.issues,1,10,ANOM-SALES-PRICING-ISSUES,RISK-SALES-PRICING-ISSUES,REC-SALES-PRICING-ISSUES,SALES-PRICING,BUSINESS,True,ARCHIVE_IF_REFERENCED,False,ACTIVE,1,MATRICIA_GOLD_MASTER_BASELINE
Q-DIAG-SALES-PROCESS-EXISTS,DIAG_SERVICE_EXISTS,SALES,SALES-PROC,SALES-PROCESS,DIAGNOSTIC,Diagnostic par service,23,Disposez-vous actuellement d’un dispositif ou processus formalisé pour « Conception du processus de vente » ?,La réponse peut générer une recommandation liée au service « Conception du processus de vente ».,SINGLE_CHOICE,True,False,"[""YES"", ""PARTIAL"", ""NO"", ""UNKNOWN""]",{},{},diagnostic.sales_process.exists,2,10,ANOM-SALES-PROCESS-EXISTS,RISK-SALES-PROCESS-EXISTS,REC-SALES-PROCESS-EXISTS,SALES-PROCESS,BUSINESS,True,ARCHIVE_IF_REFERENCED,False,ACTIVE,1,MATRICIA_GOLD_MASTER_BASELINE
Q-DIAG-SALES-PROCESS-PERFORMANCE,DIAG_SERVICE_PERFORMANCE,SALES,SALES-PROC,SALES-PROCESS,DIAGNOSTIC,Diagnostic par service,24,Comment évaluez-vous la performance actuelle de « Conception du processus de vente » ?,La réponse peut générer une recommandation liée au service « Conception du processus de vente ».,RATING_5,True,False,[],{},{},diagnostic.sales_process.performance,2,10,ANOM-SALES-PROCESS-PERFORMANCE,RISK-SALES-PROCESS-PERFORMANCE,REC-SALES-PROCESS-PERFORMANCE,SALES-PROCESS,BUSINESS,True,ARCHIVE_IF_REFERENCED,False,ACTIVE,1,MATRICIA_GOLD_MASTER_BASELINE
Q-DIAG-SALES-PROCESS-ISSUES,DIAG_SERVICE_ISSUES,SALES,SALES-PROC,SALES-PROCESS,DIAGNOSTIC,Diagnostic par service,25,"Quels problèmes, retards, incidents ou insatisfactions rencontrez-vous concernant « Conception du processus de vente » ?",La réponse peut générer une recommandation liée au service « Conception du processus de vente ».,LONG_TEXT,False,False,[],{},{},diagnostic.sales_process.issues,1,10,ANOM-SALES-PROCESS-ISSUES,RISK-SALES-PROCESS-ISSUES,REC-SALES-PROCESS-ISSUES,SALES-PROCESS,BUSINESS,True,ARCHIVE_IF_REFERENCED,False,ACTIVE,1,MATRICIA_GOLD_MASTER_BASELINE
Q-DIAG-SALES-PIPELINE-EXISTS,DIAG_SERVICE_EXISTS,SALES,SALES-PROC,SALES-PIPELINE,DIAGNOSTIC,Diagnostic par service,26,Disposez-vous actuellement d’un dispositif ou processus formalisé pour « Mise en place du pipeline et prévisions commerciales » ?,La réponse peut générer une recommandation liée au service « Mise en place du pipeline et prévisions commerciales ».,SINGLE_CHOICE,True,False,"[""YES"", ""PARTIAL"", ""NO"", ""UNKNOWN""]",{},{},diagnostic.sales_pipeline.exists,2,10,ANOM-SALES-PIPELINE-EXISTS,RISK-SALES-PIPELINE-EXISTS,REC-SALES-PIPELINE-EXISTS,SALES-PIPELINE,BUSINESS,True,ARCHIVE_IF_REFERENCED,False,ACTIVE,1,MATRICIA_GOLD_MASTER_BASELINE
Q-DIAG-SALES-PIPELINE-PERFORMANCE,DIAG_SERVICE_PERFORMANCE,SALES,SALES-PROC,SALES-PIPELINE,DIAGNOSTIC,Diagnostic par service,27,Comment évaluez-vous la performance actuelle de « Mise en place du pipeline et prévisions commerciales » ?,La réponse peut générer une recommandation liée au service « Mise en place du pipeline et prévisions commerciales ».,RATING_5,True,False,[],{},{},diagnostic.sales_pipeline.performance,2,10,ANOM-SALES-PIPELINE-PERFORMANCE,RISK-SALES-PIPELINE-PERFORMANCE,REC-SALES-PIPELINE-PERFORMANCE,SALES-PIPELINE,BUSINESS,True,ARCHIVE_IF_REFERENCED,False,ACTIVE,1,MATRICIA_GOLD_MASTER_BASELINE
Q-DIAG-SALES-PIPELINE-ISSUES,DIAG_SERVICE_ISSUES,SALES,SALES-PROC,SALES-PIPELINE,DIAGNOSTIC,Diagnostic par service,28,"Quels problèmes, retards, incidents ou insatisfactions rencontrez-vous concernant « Mise en place du pipeline et prévisions commerciales » ?",La réponse peut générer une recommandation liée au service « Mise en place du pipeline et prévisions commerciales ».,LONG_TEXT,False,False,[],{},{},diagnostic.sales_pipeline.issues,1,10,ANOM-SALES-PIPELINE-ISSUES,RISK-SALES-PIPELINE-ISSUES,REC-SALES-PIPELINE-ISSUES,SALES-PIPELINE,BUSINESS,True,ARCHIVE_IF_REFERENCED,False,ACTIVE,1,MATRICIA_GOLD_MASTER_BASELINE
Q-DIAG-SALES-TENDER-EXISTS,DIAG_SERVICE_EXISTS,SALES,SALES-PROC,SALES-TENDER,DIAGNOSTIC,Diagnostic par service,29,Disposez-vous actuellement d’un dispositif ou processus formalisé pour « Réponse aux appels d’offres commerciaux » ?,La réponse peut générer une recommandation liée au service « Réponse aux appels d’offres commerciaux ».,SINGLE_CHOICE,True,False,"[""YES"", ""PARTIAL"", ""NO"", ""UNKNOWN""]",{},{},diagnostic.sales_tender.exists,2,10,ANOM-SALES-TENDER-EXISTS,RISK-SALES-TENDER-EXISTS,REC-SALES-TENDER-EXISTS,SALES-TENDER,BUSINESS,True,ARCHIVE_IF_REFERENCED,False,ACTIVE,1,MATRICIA_GOLD_MASTER_BASELINE
Q-DIAG-SALES-TENDER-PERFORMANCE,DIAG_SERVICE_PERFORMANCE,SALES,SALES-PROC,SALES-TENDER,DIAGNOSTIC,Diagnostic par service,30,Comment évaluez-vous la performance actuelle de « Réponse aux appels d’offres commerciaux » ?,La réponse peut générer une recommandation liée au service « Réponse aux appels d’offres commerciaux ».,RATING_5,True,False,[],{},{},diagnostic.sales_tender.performance,2,10,ANOM-SALES-TENDER-PERFORMANCE,RISK-SALES-TENDER-PERFORMANCE,REC-SALES-TENDER-PERFORMANCE,SALES-TENDER,BUSINESS,True,ARCHIVE_IF_REFERENCED,False,ACTIVE,1,MATRICIA_GOLD_MASTER_BASELINE
Q-DIAG-SALES-TENDER-ISSUES,DIAG_SERVICE_ISSUES,SALES,SALES-PROC,SALES-TENDER,DIAGNOSTIC,Diagnostic par service,31,"Quels problèmes, retards, incidents ou insatisfactions rencontrez-vous concernant « Réponse aux appels d’offres commerciaux » ?",La réponse peut générer une recommandation liée au service « Réponse aux appels d’offres commerciaux ».,LONG_TEXT,False,False,[],{},{},diagnostic.sales_tender.issues,1,10,ANOM-SALES-TENDER-ISSUES,RISK-SALES-TENDER-ISSUES,REC-SALES-TENDER-ISSUES,SALES-TENDER,BUSINESS,True,ARCHIVE_IF_REFERENCED,False,ACTIVE,1,MATRICIA_GOLD_MASTER_BASELINE
Q-DIAG-SALES-CRM-IMPL-EXISTS,DIAG_SERVICE_EXISTS,SALES,SALES-CRM,SALES-CRM-IMPL,DIAGNOSTIC,Diagnostic par service,32,Disposez-vous actuellement d’un dispositif ou processus formalisé pour « Choix et déploiement CRM » ?,La réponse peut générer une recommandation liée au service « Choix et déploiement CRM ».,SINGLE_CHOICE,True,False,"[""YES"", ""PARTIAL"", ""NO"", ""UNKNOWN""]",{},{},diagnostic.sales_crm_impl.exists,2,10,ANOM-SALES-CRM-IMPL-EXISTS,RISK-SALES-CRM-IMPL-EXISTS,REC-SALES-CRM-IMPL-EXISTS,SALES-CRM-IMPL,BUSINESS,True,ARCHIVE_IF_REFERENCED,False,ACTIVE,1,MATRICIA_GOLD_MASTER_BASELINE
Q-DIAG-SALES-CRM-IMPL-PERFORMANCE,DIAG_SERVICE_PERFORMANCE,SALES,SALES-CRM,SALES-CRM-IMPL,DIAGNOSTIC,Diagnostic par service,33,Comment évaluez-vous la performance actuelle de « Choix et déploiement CRM » ?,La réponse peut générer une recommandation liée au service « Choix et déploiement CRM ».,RATING_5,True,False,[],{},{},diagnostic.sales_crm_impl.performance,2,10,ANOM-SALES-CRM-IMPL-PERFORMANCE,RISK-SALES-CRM-IMPL-PERFORMANCE,REC-SALES-CRM-IMPL-PERFORMANCE,SALES-CRM-IMPL,BUSINESS,True,ARCHIVE_IF_REFERENCED,False,ACTIVE,1,MATRICIA_GOLD_MASTER_BASELINE
Q-DIAG-SALES-CRM-IMPL-ISSUES,DIAG_SERVICE_ISSUES,SALES,SALES-CRM,SALES-CRM-IMPL,DIAGNOSTIC,Diagnostic par service,34,"Quels problèmes, retards, incidents ou insatisfactions rencontrez-vous concernant « Choix et déploiement CRM » ?",La réponse peut générer une recommandation liée au service « Choix et déploiement CRM ».,LONG_TEXT,False,False,[],{},{},diagnostic.sales_crm_impl.issues,1,10,ANOM-SALES-CRM-IMPL-ISSUES,RISK-SALES-CRM-IMPL-ISSUES,REC-SALES-CRM-IMPL-ISSUES,SALES-CRM-IMPL,BUSINESS,True,ARCHIVE_IF_REFERENCED,False,ACTIVE,1,MATRICIA_GOLD_MASTER_BASELINE
Q-DIAG-SALES-SALES-AUTO-EXISTS,DIAG_SERVICE_EXISTS,SALES,SALES-CRM,SALES-SALES-AUTO,DIAGNOSTIC,Diagnostic par service,35,Disposez-vous actuellement d’un dispositif ou processus formalisé pour « Automatisation commerciale et séquences » ?,La réponse peut générer une recommandation liée au service « Automatisation commerciale et séquences ».,SINGLE_CHOICE,True,False,"[""YES"", ""PARTIAL"", ""NO"", ""UNKNOWN""]",{},{},diagnostic.sales_sales_auto.exists,2,10,ANOM-SALES-SALES-AUTO-EXISTS,RISK-SALES-SALES-AUTO-EXISTS,REC-SALES-SALES-AUTO-EXISTS,SALES-SALES-AUTO,BUSINESS,True,ARCHIVE_IF_REFERENCED,False,ACTIVE,1,MATRICIA_GOLD_MASTER_BASELINE
Q-DIAG-SALES-SALES-AUTO-PERFORMANCE,DIAG_SERVICE_PERFORMANCE,SALES,SALES-CRM,SALES-SALES-AUTO,DIAGNOSTIC,Diagnostic par service,36,Comment évaluez-vous la performance actuelle de « Automatisation commerciale et séquences » ?,La réponse peut générer une recommandation liée au service « Automatisation commerciale et séquences ».,RATING_5,True,False,[],{},{},diagnostic.sales_sales_auto.performance,2,10,ANOM-SALES-SALES-AUTO-PERFORMANCE,RISK-SALES-SALES-AUTO-PERFORMANCE,REC-SALES-SALES-AUTO-PERFORMANCE,SALES-SALES-AUTO,BUSINESS,True,ARCHIVE_IF_REFERENCED,False,ACTIVE,1,MATRICIA_GOLD_MASTER_BASELINE
Q-DIAG-SALES-SALES-AUTO-ISSUES,DIAG_SERVICE_ISSUES,SALES,SALES-CRM,SALES-SALES-AUTO,DIAGNOSTIC,Diagnostic par service,37,"Quels problèmes, retards, incidents ou insatisfactions rencontrez-vous concernant « Automatisation commerciale et séquences » ?",La réponse peut générer une recommandation liée au service « Automatisation commerciale et séquences ».,LONG_TEXT,False,False,[],{},{},diagnostic.sales_sales_auto.issues,1,10,ANOM-SALES-SALES-AUTO-ISSUES,RISK-SALES-SALES-AUTO-ISSUES,REC-SALES-SALES-AUTO-ISSUES,SALES-SALES-AUTO,BUSINESS,True,ARCHIVE_IF_REFERENCED,False,ACTIVE,1,MATRICIA_GOLD_MASTER_BASELINE
Q-DIAG-SALES-LEADGEN-EXISTS,DIAG_SERVICE_EXISTS,SALES,SALES-LEAD,SALES-LEADGEN,DIAGNOSTIC,Diagnostic par service,38,Disposez-vous actuellement d’un dispositif ou processus formalisé pour « Génération de leads B2B/B2C » ?,La réponse peut générer une recommandation liée au service « Génération de leads B2B/B2C ».,SINGLE_CHOICE,True,False,"[""YES"", ""PARTIAL"", ""NO"", ""UNKNOWN""]",{},{},diagnostic.sales_leadgen.exists,2,10,ANOM-SALES-LEADGEN-EXISTS,RISK-SALES-LEADGEN-EXISTS,REC-SALES-LEADGEN-EXISTS,SALES-LEADGEN,BUSINESS,True,ARCHIVE_IF_REFERENCED,False,ACTIVE,1,MATRICIA_GOLD_MASTER_BASELINE
Q-DIAG-SALES-LEADGEN-PERFORMANCE,DIAG_SERVICE_PERFORMANCE,SALES,SALES-LEAD,SALES-LEADGEN,DIAGNOSTIC,Diagnostic par service,39,Comment évaluez-vous la performance actuelle de « Génération de leads B2B/B2C » ?,La réponse peut générer une recommandation liée au service « Génération de leads B2B/B2C ».,RATING_5,True,False,[],{},{},diagnostic.sales_leadgen.performance,2,10,ANOM-SALES-LEADGEN-PERFORMANCE,RISK-SALES-LEADGEN-PERFORMANCE,REC-SALES-LEADGEN-PERFORMANCE,SALES-LEADGEN,BUSINESS,True,ARCHIVE_IF_REFERENCED,False,ACTIVE,1,MATRICIA_GOLD_MASTER_BASELINE
Q-DIAG-SALES-LEADGEN-ISSUES,DIAG_SERVICE_ISSUES,SALES,SALES-LEAD,SALES-LEADGEN,DIAGNOSTIC,Diagnostic par service,40,"Quels problèmes, retards, incidents ou insatisfactions rencontrez-vous concernant « Génération de leads B2B/B2C » ?",La réponse peut générer une recommandation liée au service « Génération de leads B2B/B2C ».,LONG_TEXT,False,False,[],{},{},diagnostic.sales_leadgen.issues,1,10,ANOM-SALES-LEADGEN-ISSUES,RISK-SALES-LEADGEN-ISSUES,REC-SALES-LEADGEN-ISSUES,SALES-LEADGEN,BUSINESS,True,ARCHIVE_IF_REFERENCED,False,ACTIVE,1,MATRICIA_GOLD_MASTER_BASELINE
Q-DIAG-SALES-TELEMARKETING-EXISTS,DIAG_SERVICE_EXISTS,SALES,SALES-LEAD,SALES-TELEMARKETING,DIAGNOSTIC,Diagnostic par service,41,Disposez-vous actuellement d’un dispositif ou processus formalisé pour « Téléprospection et prise de rendez-vous » ?,La réponse peut générer une recommandation liée au service « Téléprospection et prise de rendez-vous ».,SINGLE_CHOICE,True,False,"[""YES"", ""PARTIAL"", ""NO"", ""UNKNOWN""]",{},{},diagnostic.sales_telemarketing.exists,2,10,ANOM-SALES-TELEMARKETING-EXISTS,RISK-SALES-TELEMARKETING-EXISTS,REC-SALES-TELEMARKETING-EXISTS,SALES-TELEMARKETING,BUSINESS,True,ARCHIVE_IF_REFERENCED,False,ACTIVE,1,MATRICIA_GOLD_MASTER_BASELINE
Q-DIAG-SALES-TELEMARKETING-PERFORMANCE,DIAG_SERVICE_PERFORMANCE,SALES,SALES-LEAD,SALES-TELEMARKETING,DIAGNOSTIC,Diagnostic par service,42,Comment évaluez-vous la performance actuelle de « Téléprospection et prise de rendez-vous » ?,La réponse peut générer une recommandation liée au service « Téléprospection et prise de rendez-vous ».,RATING_5,True,False,[],{},{},diagnostic.sales_telemarketing.performance,2,10,ANOM-SALES-TELEMARKETING-PERFORMANCE,RISK-SALES-TELEMARKETING-PERFORMANCE,REC-SALES-TELEMARKETING-PERFORMANCE,SALES-TELEMARKETING,BUSINESS,True,ARCHIVE_IF_REFERENCED,False,ACTIVE,1,MATRICIA_GOLD_MASTER_BASELINE
Q-DIAG-SALES-TELEMARKETING-ISSUES,DIAG_SERVICE_ISSUES,SALES,SALES-LEAD,SALES-TELEMARKETING,DIAGNOSTIC,Diagnostic par service,43,"Quels problèmes, retards, incidents ou insatisfactions rencontrez-vous concernant « Téléprospection et prise de rendez-vous » ?",La réponse peut générer une recommandation liée au service « Téléprospection et prise de rendez-vous ».,LONG_TEXT,False,False,[],{},{},diagnostic.sales_telemarketing.issues,1,10,ANOM-SALES-TELEMARKETING-ISSUES,RISK-SALES-TELEMARKETING-ISSUES,REC-SALES-TELEMARKETING-ISSUES,SALES-TELEMARKETING,BUSINESS,True,ARCHIVE_IF_REFERENCED,False,ACTIVE,1,MATRICIA_GOLD_MASTER_BASELINE
Q-DIAG-SALES-SCRIPTS-EXISTS,DIAG_SERVICE_EXISTS,SALES,SALES-LEAD,SALES-SCRIPTS,DIAGNOSTIC,Diagnostic par service,44,"Disposez-vous actuellement d’un dispositif ou processus formalisé pour « Scripts, argumentaires et outils d’aide à la vente » ?","La réponse peut générer une recommandation liée au service « Scripts, argumentaires et outils d’aide à la vente ».",SINGLE_CHOICE,True,False,"[""YES"", ""PARTIAL"", ""NO"", ""UNKNOWN""]",{},{},diagnostic.sales_scripts.exists,2,10,ANOM-SALES-SCRIPTS-EXISTS,RISK-SALES-SCRIPTS-EXISTS,REC-SALES-SCRIPTS-EXISTS,SALES-SCRIPTS,BUSINESS,True,ARCHIVE_IF_REFERENCED,False,ACTIVE,1,MATRICIA_GOLD_MASTER_BASELINE
Q-DIAG-SALES-SCRIPTS-PERFORMANCE,DIAG_SERVICE_PERFORMANCE,SALES,SALES-LEAD,SALES-SCRIPTS,DIAGNOSTIC,Diagnostic par service,45,"Comment évaluez-vous la performance actuelle de « Scripts, argumentaires et outils d’aide à la vente » ?","La réponse peut générer une recommandation liée au service « Scripts, argumentaires et outils d’aide à la vente ».",RATING_5,True,False,[],{},{},diagnostic.sales_scripts.performance,2,10,ANOM-SALES-SCRIPTS-PERFORMANCE,RISK-SALES-SCRIPTS-PERFORMANCE,REC-SALES-SCRIPTS-PERFORMANCE,SALES-SCRIPTS,BUSINESS,True,ARCHIVE_IF_REFERENCED,False,ACTIVE,1,MATRICIA_GOLD_MASTER_BASELINE
Q-DIAG-SALES-SCRIPTS-ISSUES,DIAG_SERVICE_ISSUES,SALES,SALES-LEAD,SALES-SCRIPTS,DIAGNOSTIC,Diagnostic par service,46,"Quels problèmes, retards, incidents ou insatisfactions rencontrez-vous concernant « Scripts, argumentaires et outils d’aide à la vente » ?","La réponse peut générer une recommandation liée au service « Scripts, argumentaires et outils d’aide à la vente ».",LONG_TEXT,False,False,[],{},{},diagnostic.sales_scripts.issues,1,10,ANOM-SALES-SCRIPTS-ISSUES,RISK-SALES-SCRIPTS-ISSUES,REC-SALES-SCRIPTS-ISSUES,SALES-SCRIPTS,BUSINESS,True,ARCHIVE_IF_REFERENCED,False,ACTIVE,1,MATRICIA_GOLD_MASTER_BASELINE
Q-DIAG-SALES-ORG-EXISTS,DIAG_SERVICE_EXISTS,SALES,SALES-TEAM,SALES-ORG,DIAGNOSTIC,Diagnostic par service,47,Disposez-vous actuellement d’un dispositif ou processus formalisé pour « Organisation et dimensionnement de la force de vente » ?,La réponse peut générer une recommandation liée au service « Organisation et dimensionnement de la force de vente ».,SINGLE_CHOICE,True,False,"[""YES"", ""PARTIAL"", ""NO"", ""UNKNOWN""]",{},{},diagnostic.sales_org.exists,2,10,ANOM-SALES-ORG-EXISTS,RISK-SALES-ORG-EXISTS,REC-SALES-ORG-EXISTS,SALES-ORG,BUSINESS,True,ARCHIVE_IF_REFERENCED,False,ACTIVE,1,MATRICIA_GOLD_MASTER_BASELINE
Q-DIAG-SALES-ORG-PERFORMANCE,DIAG_SERVICE_PERFORMANCE,SALES,SALES-TEAM,SALES-ORG,DIAGNOSTIC,Diagnostic par service,48,Comment évaluez-vous la performance actuelle de « Organisation et dimensionnement de la force de vente » ?,La réponse peut générer une recommandation liée au service « Organisation et dimensionnement de la force de vente ».,RATING_5,True,False,[],{},{},diagnostic.sales_org.performance,2,10,ANOM-SALES-ORG-PERFORMANCE,RISK-SALES-ORG-PERFORMANCE,REC-SALES-ORG-PERFORMANCE,SALES-ORG,BUSINESS,True,ARCHIVE_IF_REFERENCED,False,ACTIVE,1,MATRICIA_GOLD_MASTER_BASELINE
Q-DIAG-SALES-ORG-ISSUES,DIAG_SERVICE_ISSUES,SALES,SALES-TEAM,SALES-ORG,DIAGNOSTIC,Diagnostic par service,49,"Quels problèmes, retards, incidents ou insatisfactions rencontrez-vous concernant « Organisation et dimensionnement de la force de vente » ?",La réponse peut générer une recommandation liée au service « Organisation et dimensionnement de la force de vente ».,LONG_TEXT,False,False,[],{},{},diagnostic.sales_org.issues,1,10,ANOM-SALES-ORG-ISSUES,RISK-SALES-ORG-ISSUES,REC-SALES-ORG-ISSUES,SALES-ORG,BUSINESS,True,ARCHIVE_IF_REFERENCED,False,ACTIVE,1,MATRICIA_GOLD_MASTER_BASELINE
Q-DIAG-SALES-TRAIN-EXISTS,DIAG_SERVICE_EXISTS,SALES,SALES-TEAM,SALES-TRAIN,DIAGNOSTIC,Diagnostic par service,50,Disposez-vous actuellement d’un dispositif ou processus formalisé pour « Formation et coaching commercial » ?,La réponse peut générer une recommandation liée au service « Formation et coaching commercial ».,SINGLE_CHOICE,True,False,"[""YES"", ""PARTIAL"", ""NO"", ""UNKNOWN""]",{},{},diagnostic.sales_train.exists,2,10,ANOM-SALES-TRAIN-EXISTS,RISK-SALES-TRAIN-EXISTS,REC-SALES-TRAIN-EXISTS,SALES-TRAIN,BUSINESS,True,ARCHIVE_IF_REFERENCED,False,ACTIVE,1,MATRICIA_GOLD_MASTER_BASELINE
Q-DIAG-SALES-TRAIN-PERFORMANCE,DIAG_SERVICE_PERFORMANCE,SALES,SALES-TEAM,SALES-TRAIN,DIAGNOSTIC,Diagnostic par service,51,Comment évaluez-vous la performance actuelle de « Formation et coaching commercial » ?,La réponse peut générer une recommandation liée au service « Formation et coaching commercial ».,RATING_5,True,False,[],{},{},diagnostic.sales_train.performance,2,10,ANOM-SALES-TRAIN-PERFORMANCE,RISK-SALES-TRAIN-PERFORMANCE,REC-SALES-TRAIN-PERFORMANCE,SALES-TRAIN,BUSINESS,True,ARCHIVE_IF_REFERENCED,False,ACTIVE,1,MATRICIA_GOLD_MASTER_BASELINE
Q-DIAG-SALES-TRAIN-ISSUES,DIAG_SERVICE_ISSUES,SALES,SALES-TEAM,SALES-TRAIN,DIAGNOSTIC,Diagnostic par service,52,"Quels problèmes, retards, incidents ou insatisfactions rencontrez-vous concernant « Formation et coaching commercial » ?",La réponse peut générer une recommandation liée au service « Formation et coaching commercial ».,LONG_TEXT,False,False,[],{},{},diagnostic.sales_train.issues,1,10,ANOM-SALES-TRAIN-ISSUES,RISK-SALES-TRAIN-ISSUES,REC-SALES-TRAIN-ISSUES,SALES-TRAIN,BUSINESS,True,ARCHIVE_IF_REFERENCED,False,ACTIVE,1,MATRICIA_GOLD_MASTER_BASELINE
Q-DIAG-SALES-KAM-EXISTS,DIAG_SERVICE_EXISTS,SALES,SALES-TEAM,SALES-KAM,DIAGNOSTIC,Diagnostic par service,53,Disposez-vous actuellement d’un dispositif ou processus formalisé pour « Programme grands comptes et key account management » ?,La réponse peut générer une recommandation liée au service « Programme grands comptes et key account management ».,SINGLE_CHOICE,True,False,"[""YES"", ""PARTIAL"", ""NO"", ""UNKNOWN""]",{},{},diagnostic.sales_kam.exists,2,10,ANOM-SALES-KAM-EXISTS,RISK-SALES-KAM-EXISTS,REC-SALES-KAM-EXISTS,SALES-KAM,BUSINESS,True,ARCHIVE_IF_REFERENCED,False,ACTIVE,1,MATRICIA_GOLD_MASTER_BASELINE
Q-DIAG-SALES-KAM-PERFORMANCE,DIAG_SERVICE_PERFORMANCE,SALES,SALES-TEAM,SALES-KAM,DIAGNOSTIC,Diagnostic par service,54,Comment évaluez-vous la performance actuelle de « Programme grands comptes et key account management » ?,La réponse peut générer une recommandation liée au service « Programme grands comptes et key account management ».,RATING_5,True,False,[],{},{},diagnostic.sales_kam.performance,2,10,ANOM-SALES-KAM-PERFORMANCE,RISK-SALES-KAM-PERFORMANCE,REC-SALES-KAM-PERFORMANCE,SALES-KAM,BUSINESS,True,ARCHIVE_IF_REFERENCED,False,ACTIVE,1,MATRICIA_GOLD_MASTER_BASELINE
Q-DIAG-SALES-KAM-ISSUES,DIAG_SERVICE_ISSUES,SALES,SALES-TEAM,SALES-KAM,DIAGNOSTIC,Diagnostic par service,55,"Quels problèmes, retards, incidents ou insatisfactions rencontrez-vous concernant « Programme grands comptes et key account management » ?",La réponse peut générer une recommandation liée au service « Programme grands comptes et key account management ».,LONG_TEXT,False,False,[],{},{},diagnostic.sales_kam.issues,1,10,ANOM-SALES-KAM-ISSUES,RISK-SALES-KAM-ISSUES,REC-SALES-KAM-ISSUES,SALES-KAM,BUSINESS,True,ARCHIVE_IF_REFERENCED,False,ACTIVE,1,MATRICIA_GOLD_MASTER_BASELINE
Q-DIAG-SALES-CHANNEL-EXISTS,DIAG_SERVICE_EXISTS,SALES,SALES-CHANNEL,SALES-CHANNEL,DIAGNOSTIC,Diagnostic par service,56,Disposez-vous actuellement d’un dispositif ou processus formalisé pour « Réseau de distributeurs et partenaires » ?,La réponse peut générer une recommandation liée au service « Réseau de distributeurs et partenaires ».,SINGLE_CHOICE,True,False,"[""YES"", ""PARTIAL"", ""NO"", ""UNKNOWN""]",{},{},diagnostic.sales_channel.exists,2,10,ANOM-SALES-CHANNEL-EXISTS,RISK-SALES-CHANNEL-EXISTS,REC-SALES-CHANNEL-EXISTS,SALES-CHANNEL,BUSINESS,True,ARCHIVE_IF_REFERENCED,False,ACTIVE,1,MATRICIA_GOLD_MASTER_BASELINE
Q-DIAG-SALES-CHANNEL-PERFORMANCE,DIAG_SERVICE_PERFORMANCE,SALES,SALES-CHANNEL,SALES-CHANNEL,DIAGNOSTIC,Diagnostic par service,57,Comment évaluez-vous la performance actuelle de « Réseau de distributeurs et partenaires » ?,La réponse peut générer une recommandation liée au service « Réseau de distributeurs et partenaires ».,RATING_5,True,False,[],{},{},diagnostic.sales_channel.performance,2,10,ANOM-SALES-CHANNEL-PERFORMANCE,RISK-SALES-CHANNEL-PERFORMANCE,REC-SALES-CHANNEL-PERFORMANCE,SALES-CHANNEL,BUSINESS,True,ARCHIVE_IF_REFERENCED,False,ACTIVE,1,MATRICIA_GOLD_MASTER_BASELINE
Q-DIAG-SALES-CHANNEL-ISSUES,DIAG_SERVICE_ISSUES,SALES,SALES-CHANNEL,SALES-CHANNEL,DIAGNOSTIC,Diagnostic par service,58,"Quels problèmes, retards, incidents ou insatisfactions rencontrez-vous concernant « Réseau de distributeurs et partenaires » ?",La réponse peut générer une recommandation liée au service « Réseau de distributeurs et partenaires ».,LONG_TEXT,False,False,[],{},{},diagnostic.sales_channel.issues,1,10,ANOM-SALES-CHANNEL-ISSUES,RISK-SALES-CHANNEL-ISSUES,REC-SALES-CHANNEL-ISSUES,SALES-CHANNEL,BUSINESS,True,ARCHIVE_IF_REFERENCED,False,ACTIVE,1,MATRICIA_GOLD_MASTER_BASELINE
Q-DIAG-SALES-EXPORT-EXISTS,DIAG_SERVICE_EXISTS,SALES,SALES-CHANNEL,SALES-EXPORT,DIAGNOSTIC,Diagnostic par service,59,Disposez-vous actuellement d’un dispositif ou processus formalisé pour « Développement commercial à l’export » ?,La réponse peut générer une recommandation liée au service « Développement commercial à l’export ».,SINGLE_CHOICE,True,False,"[""YES"", ""PARTIAL"", ""NO"", ""UNKNOWN""]",{},{},diagnostic.sales_export.exists,2,10,ANOM-SALES-EXPORT-EXISTS,RISK-SALES-EXPORT-EXISTS,REC-SALES-EXPORT-EXISTS,SALES-EXPORT,BUSINESS,True,ARCHIVE_IF_REFERENCED,False,ACTIVE,1,MATRICIA_GOLD_MASTER_BASELINE
Q-DIAG-SALES-EXPORT-PERFORMANCE,DIAG_SERVICE_PERFORMANCE,SALES,SALES-CHANNEL,SALES-EXPORT,DIAGNOSTIC,Diagnostic par service,60,Comment évaluez-vous la performance actuelle de « Développement commercial à l’export » ?,La réponse peut générer une recommandation liée au service « Développement commercial à l’export ».,RATING_5,True,False,[],{},{},diagnostic.sales_export.performance,2,10,ANOM-SALES-EXPORT-PERFORMANCE,RISK-SALES-EXPORT-PERFORMANCE,REC-SALES-EXPORT-PERFORMANCE,SALES-EXPORT,BUSINESS,True,ARCHIVE_IF_REFERENCED,False,ACTIVE,1,MATRICIA_GOLD_MASTER_BASELINE
Q-DIAG-SALES-EXPORT-ISSUES,DIAG_SERVICE_ISSUES,SALES,SALES-CHANNEL,SALES-EXPORT,DIAGNOSTIC,Diagnostic par service,61,"Quels problèmes, retards, incidents ou insatisfactions rencontrez-vous concernant « Développement commercial à l’export » ?",La réponse peut générer une recommandation liée au service « Développement commercial à l’export ».,LONG_TEXT,False,False,[],{},{},diagnostic.sales_export.issues,1,10,ANOM-SALES-EXPORT-ISSUES,RISK-SALES-EXPORT-ISSUES,REC-SALES-EXPORT-ISSUES,SALES-EXPORT,BUSINESS,True,ARCHIVE_IF_REFERENCED,False,ACTIVE,1,MATRICIA_GOLD_MASTER_BASELINE
Q-DIAG-SALES-CX-MAP-EXISTS,DIAG_SERVICE_EXISTS,SALES,SALES-CX,SALES-CX-MAP,DIAGNOSTIC,Diagnostic par service,62,Disposez-vous actuellement d’un dispositif ou processus formalisé pour « Cartographie du parcours et expérience client » ?,La réponse peut générer une recommandation liée au service « Cartographie du parcours et expérience client ».,SINGLE_CHOICE,True,False,"[""YES"", ""PARTIAL"", ""NO"", ""UNKNOWN""]",{},{},diagnostic.sales_cx_map.exists,2,10,ANOM-SALES-CX-MAP-EXISTS,RISK-SALES-CX-MAP-EXISTS,REC-SALES-CX-MAP-EXISTS,SALES-CX-MAP,BUSINESS,True,ARCHIVE_IF_REFERENCED,False,ACTIVE,1,MATRICIA_GOLD_MASTER_BASELINE
Q-DIAG-SALES-CX-MAP-PERFORMANCE,DIAG_SERVICE_PERFORMANCE,SALES,SALES-CX,SALES-CX-MAP,DIAGNOSTIC,Diagnostic par service,63,Comment évaluez-vous la performance actuelle de « Cartographie du parcours et expérience client » ?,La réponse peut générer une recommandation liée au service « Cartographie du parcours et expérience client ».,RATING_5,True,False,[],{},{},diagnostic.sales_cx_map.performance,2,10,ANOM-SALES-CX-MAP-PERFORMANCE,RISK-SALES-CX-MAP-PERFORMANCE,REC-SALES-CX-MAP-PERFORMANCE,SALES-CX-MAP,BUSINESS,True,ARCHIVE_IF_REFERENCED,False,ACTIVE,1,MATRICIA_GOLD_MASTER_BASELINE
Q-DIAG-SALES-CX-MAP-ISSUES,DIAG_SERVICE_ISSUES,SALES,SALES-CX,SALES-CX-MAP,DIAGNOSTIC,Diagnostic par service,64,"Quels problèmes, retards, incidents ou insatisfactions rencontrez-vous concernant « Cartographie du parcours et expérience client » ?",La réponse peut générer une recommandation liée au service « Cartographie du parcours et expérience client ».,LONG_TEXT,False,False,[],{},{},diagnostic.sales_cx_map.issues,1,10,ANOM-SALES-CX-MAP-ISSUES,RISK-SALES-CX-MAP-ISSUES,REC-SALES-CX-MAP-ISSUES,SALES-CX-MAP,BUSINESS,True,ARCHIVE_IF_REFERENCED,False,ACTIVE,1,MATRICIA_GOLD_MASTER_BASELINE
Q-DIAG-SALES-LOYALTY-EXISTS,DIAG_SERVICE_EXISTS,SALES,SALES-CX,SALES-LOYALTY,DIAGNOSTIC,Diagnostic par service,65,Disposez-vous actuellement d’un dispositif ou processus formalisé pour « Programme de fidélité et rétention » ?,La réponse peut générer une recommandation liée au service « Programme de fidélité et rétention ».,SINGLE_CHOICE,True,False,"[""YES"", ""PARTIAL"", ""NO"", ""UNKNOWN""]",{},{},diagnostic.sales_loyalty.exists,2,10,ANOM-SALES-LOYALTY-EXISTS,RISK-SALES-LOYALTY-EXISTS,REC-SALES-LOYALTY-EXISTS,SALES-LOYALTY,BUSINESS,True,ARCHIVE_IF_REFERENCED,False,ACTIVE,1,MATRICIA_GOLD_MASTER_BASELINE
Q-DIAG-SALES-LOYALTY-PERFORMANCE,DIAG_SERVICE_PERFORMANCE,SALES,SALES-CX,SALES-LOYALTY,DIAGNOSTIC,Diagnostic par service,66,Comment évaluez-vous la performance actuelle de « Programme de fidélité et rétention » ?,La réponse peut générer une recommandation liée au service « Programme de fidélité et rétention ».,RATING_5,True,False,[],{},{},diagnostic.sales_loyalty.performance,2,10,ANOM-SALES-LOYALTY-PERFORMANCE,RISK-SALES-LOYALTY-PERFORMANCE,REC-SALES-LOYALTY-PERFORMANCE,SALES-LOYALTY,BUSINESS,True,ARCHIVE_IF_REFERENCED,False,ACTIVE,1,MATRICIA_GOLD_MASTER_BASELINE
Q-DIAG-SALES-LOYALTY-ISSUES,DIAG_SERVICE_ISSUES,SALES,SALES-CX,SALES-LOYALTY,DIAGNOSTIC,Diagnostic par service,67,"Quels problèmes, retards, incidents ou insatisfactions rencontrez-vous concernant « Programme de fidélité et rétention » ?",La réponse peut générer une recommandation liée au service « Programme de fidélité et rétention ».,LONG_TEXT,False,False,[],{},{},diagnostic.sales_loyalty.issues,1,10,ANOM-SALES-LOYALTY-ISSUES,RISK-SALES-LOYALTY-ISSUES,REC-SALES-LOYALTY-ISSUES,SALES-LOYALTY,BUSINESS,True,ARCHIVE_IF_REFERENCED,False,ACTIVE,1,MATRICIA_GOLD_MASTER_BASELINE
Q-DIAG-SALES-CUSTOMER-SERVICE-EXISTS,DIAG_SERVICE_EXISTS,SALES,SALES-SERVICE,SALES-CUSTOMER-SERVICE,DIAGNOSTIC,Diagnostic par service,68,Disposez-vous actuellement d’un dispositif ou processus formalisé pour « Mise en place ou optimisation du service client » ?,La réponse peut générer une recommandation liée au service « Mise en place ou optimisation du service client ».,SINGLE_CHOICE,True,False,"[""YES"", ""PARTIAL"", ""NO"", ""UNKNOWN""]",{},{},diagnostic.sales_customer_service.exists,2,10,ANOM-SALES-CUSTOMER-SERVICE-EXISTS,RISK-SALES-CUSTOMER-SERVICE-EXISTS,REC-SALES-CUSTOMER-SERVICE-EXISTS,SALES-CUSTOMER-SERVICE,BUSINESS,True,ARCHIVE_IF_REFERENCED,False,ACTIVE,1,MATRICIA_GOLD_MASTER_BASELINE
Q-DIAG-SALES-CUSTOMER-SERVICE-PERFORMANCE,DIAG_SERVICE_PERFORMANCE,SALES,SALES-SERVICE,SALES-CUSTOMER-SERVICE,DIAGNOSTIC,Diagnostic par service,69,Comment évaluez-vous la performance actuelle de « Mise en place ou optimisation du service client » ?,La réponse peut générer une recommandation liée au service « Mise en place ou optimisation du service client ».,RATING_5,True,False,[],{},{},diagnostic.sales_customer_service.performance,2,10,ANOM-SALES-CUSTOMER-SERVICE-PERFORMANCE,RISK-SALES-CUSTOMER-SERVICE-PERFORMANCE,REC-SALES-CUSTOMER-SERVICE-PERFORMANCE,SALES-CUSTOMER-SERVICE,BUSINESS,True,ARCHIVE_IF_REFERENCED,False,ACTIVE,1,MATRICIA_GOLD_MASTER_BASELINE
Q-DIAG-SALES-CUSTOMER-SERVICE-ISSUES,DIAG_SERVICE_ISSUES,SALES,SALES-SERVICE,SALES-CUSTOMER-SERVICE,DIAGNOSTIC,Diagnostic par service,70,"Quels problèmes, retards, incidents ou insatisfactions rencontrez-vous concernant « Mise en place ou optimisation du service client » ?",La réponse peut générer une recommandation liée au service « Mise en place ou optimisation du service client ».,LONG_TEXT,False,False,[],{},{},diagnostic.sales_customer_service.issues,1,10,ANOM-SALES-CUSTOMER-SERVICE-ISSUES,RISK-SALES-CUSTOMER-SERVICE-ISSUES,REC-SALES-CUSTOMER-SERVICE-ISSUES,SALES-CUSTOMER-SERVICE,BUSINESS,True,ARCHIVE_IF_REFERENCED,False,ACTIVE,1,MATRICIA_GOLD_MASTER_BASELINE
