library_code,category_code,code,name_fr,service_type,unit_label_fr,focus_terms,volume_eligible,recurring_eligible,credit_eligible,order,macro_category_code,subcategory_code,secondary_subcategory_codes_json,description_fr,standard_deliverables_fr,standard_proof_fr,status,version,franchisee_can_create,franchisee_can_edit,franchisee_delete_policy,central_approval_flags
IT,IT-GOV,IT-AUDIT-SI,Audit du système d’information et feuille de route,AUDIT,"utilisateurs, sites et applications","[""cartographie du SI"", ""gouvernance"", ""risques prioritaires"", ""budget numérique"", ""feuille de route""]",False,False,True,1,IT-MACRO-GOV,IT-GOV,[],"Prestation structurée de audit du système d’information et feuille de route comprenant cadrage, exécution, contrôle, documentation et réception.","rapport de diagnostic, constats, priorités et plan d’action",rapport signé et restitution,ACTIVE,1,True,True,ARCHIVE_IF_REFERENCED,"[""FINANCIAL_RULES"", ""CONTRACT_CLAUSES"", ""LEGAL_TEXT"", ""PENALTIES"", ""SCORING_BLOCKERS""]"
IT,IT-GOV,IT-ARCHI,Architecture et urbanisation du système d’information,ADVISORY,applications et flux,"[""architecture actuelle"", ""flux de données"", ""interopérabilité"", ""dette technique"", ""architecture cible""]",False,False,True,2,IT-MACRO-GOV,IT-GOV,[],"Prestation structurée de architecture et urbanisation du système d’information comprenant cadrage, exécution, contrôle, documentation et réception.","analyse, recommandations, feuille de route et ateliers",livrables validés et compte rendu,ACTIVE,1,True,True,ARCHIVE_IF_REFERENCED,"[""FINANCIAL_RULES"", ""CONTRACT_CLAUSES"", ""LEGAL_TEXT"", ""PENALTIES"", ""SCORING_BLOCKERS""]"
IT,IT-INFRA,IT-NETWORK,Conception et installation réseau LAN/Wi-Fi,IMPLEMENTATION,"sites, zones et points réseau","[""couverture Wi-Fi"", ""points réseau"", ""débits attendus"", ""segmentation"", ""câblage""]",True,False,True,3,IT-MACRO-INFRA,IT-INFRA,[],"Prestation structurée de conception et installation réseau lan/wi-fi comprenant cadrage, exécution, contrôle, documentation et réception.","solution installée, configurée, testée et documentée","PV de tests, documentation et réception",ACTIVE,1,True,True,ARCHIVE_IF_REFERENCED,"[""FINANCIAL_RULES"", ""CONTRACT_CLAUSES"", ""LEGAL_TEXT"", ""PENALTIES"", ""SCORING_BLOCKERS""]"
IT,IT-INFRA,IT-FIREWALL,Déploiement de pare-feu et sécurisation réseau,IMPLEMENTATION,sites et connexions,"[""pare-feu existant"", ""VPN"", ""filtrage"", ""haute disponibilité"", ""journalisation""]",True,False,True,4,IT-MACRO-INFRA,IT-INFRA,[],"Prestation structurée de déploiement de pare-feu et sécurisation réseau comprenant cadrage, exécution, contrôle, documentation et réception.","solution installée, configurée, testée et documentée","PV de tests, documentation et réception",ACTIVE,1,True,True,ARCHIVE_IF_REFERENCED,"[""FINANCIAL_RULES"", ""CONTRACT_CLAUSES"", ""LEGAL_TEXT"", ""PENALTIES"", ""SCORING_BLOCKERS""]"
IT,IT-INFRA,IT-VOIP,"Téléphonie IP, centre d’appels et communications unifiées",IMPLEMENTATION,"postes, numéros et sites","[""nombre de postes"", ""numéros existants"", ""files d’appels"", ""enregistrement"", ""intégration CRM""]",True,False,True,5,IT-MACRO-INFRA,IT-INFRA,[],"Prestation structurée de téléphonie ip, centre d’appels et communications unifiées comprenant cadrage, exécution, contrôle, documentation et réception.","solution installée, configurée, testée et documentée","PV de tests, documentation et réception",ACTIVE,1,True,True,ARCHIVE_IF_REFERENCED,"[""FINANCIAL_RULES"", ""CONTRACT_CLAUSES"", ""LEGAL_TEXT"", ""PENALTIES"", ""SCORING_BLOCKERS""]"
IT,IT-CYBER,IT-CYBER-AUDIT,Audit de cybersécurité,AUDIT,"utilisateurs, actifs et sites","[""périmètre d’audit"", ""normes visées"", ""vulnérabilités"", ""gestion des accès"", ""plan de remédiation""]",False,False,True,6,IT-MACRO-CYBER,IT-CYBER,[],"Prestation structurée de audit de cybersécurité comprenant cadrage, exécution, contrôle, documentation et réception.","rapport de diagnostic, constats, priorités et plan d’action",rapport signé et restitution,ACTIVE,1,True,True,ARCHIVE_IF_REFERENCED,"[""FINANCIAL_RULES"", ""CONTRACT_CLAUSES"", ""LEGAL_TEXT"", ""PENALTIES"", ""SCORING_BLOCKERS""]"
IT,IT-CYBER,IT-PENTEST,"Test d’intrusion Web, mobile ou infrastructure",AUDIT,"applications, IP et environnements","[""cibles autorisées"", ""type de test"", ""fenêtre de tir"", ""règles d’engagement"", ""rapport de preuve""]",False,False,True,7,IT-MACRO-CYBER,IT-CYBER,[],"Prestation structurée de test d’intrusion web, mobile ou infrastructure comprenant cadrage, exécution, contrôle, documentation et réception.","rapport de diagnostic, constats, priorités et plan d’action",rapport signé et restitution,ACTIVE,1,True,True,ARCHIVE_IF_REFERENCED,"[""FINANCIAL_RULES"", ""CONTRACT_CLAUSES"", ""LEGAL_TEXT"", ""PENALTIES"", ""SCORING_BLOCKERS""]"
IT,IT-CYBER,IT-SOC-MDR,Supervision SOC/MDR et réponse aux incidents,MANAGED_SERVICE,"postes, serveurs et journaux","[""sources de logs"", ""couverture 24/7"", ""temps de réponse"", ""EDR/XDR"", ""escalade incident""]",True,True,True,8,IT-MACRO-CYBER,IT-CYBER,"[""IT-SUPPORT""]","Prestation structurée de supervision soc/mdr et réponse aux incidents comprenant cadrage, exécution, contrôle, documentation et réception.","service récurrent, SLA, rapports et support",rapports périodiques et tickets,ACTIVE,1,True,True,ARCHIVE_IF_REFERENCED,"[""FINANCIAL_RULES"", ""CONTRACT_CLAUSES"", ""LEGAL_TEXT"", ""PENALTIES"", ""SCORING_BLOCKERS""]"
IT,IT-CYBER,IT-BACKUP,"Sauvegarde, restauration et archivage",IMPLEMENTATION,"Go/To, postes, serveurs et sites","[""volume de données"", ""fréquence"", ""rétention"", ""RPO/RTO"", ""tests de restauration""]",True,False,True,9,IT-MACRO-CYBER,IT-CYBER,[],"Prestation structurée de sauvegarde, restauration et archivage comprenant cadrage, exécution, contrôle, documentation et réception.","solution installée, configurée, testée et documentée","PV de tests, documentation et réception",ACTIVE,1,True,True,ARCHIVE_IF_REFERENCED,"[""FINANCIAL_RULES"", ""CONTRACT_CLAUSES"", ""LEGAL_TEXT"", ""PENALTIES"", ""SCORING_BLOCKERS""]"
IT,IT-CYBER,IT-BCP-DRP,Plan de continuité et plan de reprise informatique,ADVISORY,processus et systèmes critiques,"[""processus critiques"", ""RTO"", ""RPO"", ""sites de repli"", ""exercices de crise""]",False,False,True,10,IT-MACRO-CYBER,IT-CYBER,[],"Prestation structurée de plan de continuité et plan de reprise informatique comprenant cadrage, exécution, contrôle, documentation et réception.","analyse, recommandations, feuille de route et ateliers",livrables validés et compte rendu,ACTIVE,1,True,True,ARCHIVE_IF_REFERENCED,"[""FINANCIAL_RULES"", ""CONTRACT_CLAUSES"", ""LEGAL_TEXT"", ""PENALTIES"", ""SCORING_BLOCKERS""]"
IT,IT-CLOUD,IT-CLOUD-MIG,Migration vers le cloud,IMPLEMENTATION,"applications, serveurs et données","[""workloads à migrer"", ""cloud cible"", ""dépendances"", ""fenêtre de migration"", ""réversibilité""]",True,False,True,11,IT-MACRO-INFRA,IT-CLOUD,[],"Prestation structurée de migration vers le cloud comprenant cadrage, exécution, contrôle, documentation et réception.","solution installée, configurée, testée et documentée","PV de tests, documentation et réception",ACTIVE,1,True,True,ARCHIVE_IF_REFERENCED,"[""FINANCIAL_RULES"", ""CONTRACT_CLAUSES"", ""LEGAL_TEXT"", ""PENALTIES"", ""SCORING_BLOCKERS""]"
IT,IT-CLOUD,IT-M365,Déploiement Microsoft 365 ou Google Workspace,IMPLEMENTATION,comptes et domaines,"[""nombre de comptes"", ""messagerie actuelle"", ""domaines"", ""migration de fichiers"", ""sécurité des identités""]",True,False,True,12,IT-MACRO-INFRA,IT-CLOUD,"[""IT-SUPPORT""]","Prestation structurée de déploiement microsoft 365 ou google workspace comprenant cadrage, exécution, contrôle, documentation et réception.","solution installée, configurée, testée et documentée","PV de tests, documentation et réception",ACTIVE,1,True,True,ARCHIVE_IF_REFERENCED,"[""FINANCIAL_RULES"", ""CONTRACT_CLAUSES"", ""LEGAL_TEXT"", ""PENALTIES"", ""SCORING_BLOCKERS""]"
IT,IT-DEV,IT-WEB-SHOWCASE,Création de site Web vitrine,CREATIVE_TECH,"pages, langues et formulaires","[""nombre de pages"", ""langues"", ""identité visuelle"", ""contenus"", ""hébergement et domaine""]",False,False,True,13,IT-MACRO-DIGITAL,IT-DEV,[],"Prestation structurée de création de site web vitrine comprenant cadrage, exécution, contrôle, documentation et réception.","design, réalisation, intégration, mise en ligne et accès",site fonctionnel et recette,ACTIVE,1,True,True,ARCHIVE_IF_REFERENCED,"[""FINANCIAL_RULES"", ""CONTRACT_CLAUSES"", ""LEGAL_TEXT"", ""PENALTIES"", ""SCORING_BLOCKERS""]"
IT,IT-DEV,IT-ECOMMERCE,Création de boutique e-commerce,CREATIVE_TECH,"produits, commandes et langues","[""catalogue produits"", ""paiement"", ""livraison"", ""stock"", ""intégrations ERP""]",False,False,True,14,IT-MACRO-DIGITAL,IT-DEV,[],"Prestation structurée de création de boutique e-commerce comprenant cadrage, exécution, contrôle, documentation et réception.","design, réalisation, intégration, mise en ligne et accès",site fonctionnel et recette,ACTIVE,1,True,True,ARCHIVE_IF_REFERENCED,"[""FINANCIAL_RULES"", ""CONTRACT_CLAUSES"", ""LEGAL_TEXT"", ""PENALTIES"", ""SCORING_BLOCKERS""]"
IT,IT-DEV,IT-WEB-APP,Développement d’application Web métier,SOFTWARE_PROJECT,"utilisateurs, modules et workflows","[""rôles utilisateurs"", ""modules"", ""workflows"", ""intégrations"", ""données à migrer""]",False,False,True,15,IT-MACRO-DIGITAL,IT-DEV,[],"Prestation structurée de développement d’application web métier comprenant cadrage, exécution, contrôle, documentation et réception.","application, code, documentation, tests et déploiement",recette fonctionnelle et accès livrés,ACTIVE,1,True,True,ARCHIVE_IF_REFERENCED,"[""FINANCIAL_RULES"", ""CONTRACT_CLAUSES"", ""LEGAL_TEXT"", ""PENALTIES"", ""SCORING_BLOCKERS""]"
IT,IT-DEV,IT-MOBILE-APP,Développement d’application mobile,SOFTWARE_PROJECT,"plateformes, utilisateurs et écrans","[""iOS/Android"", ""fonctionnalités"", ""mode hors ligne"", ""notifications"", ""publication stores""]",False,False,True,16,IT-MACRO-DIGITAL,IT-DEV,[],"Prestation structurée de développement d’application mobile comprenant cadrage, exécution, contrôle, documentation et réception.","application, code, documentation, tests et déploiement",recette fonctionnelle et accès livrés,ACTIVE,1,True,True,ARCHIVE_IF_REFERENCED,"[""FINANCIAL_RULES"", ""CONTRACT_CLAUSES"", ""LEGAL_TEXT"", ""PENALTIES"", ""SCORING_BLOCKERS""]"
IT,IT-DEV,IT-ERP-CRM,Implémentation ou intégration ERP/CRM,SOFTWARE_PROJECT,"utilisateurs, modules et entités","[""processus métier"", ""modules"", ""reprise des données"", ""interfaces"", ""formation""]",False,False,True,17,IT-MACRO-DIGITAL,IT-DEV,"[""IT-SUPPORT""]","Prestation structurée de implémentation ou intégration erp/crm comprenant cadrage, exécution, contrôle, documentation et réception.","application, code, documentation, tests et déploiement",recette fonctionnelle et accès livrés,ACTIVE,1,True,True,ARCHIVE_IF_REFERENCED,"[""FINANCIAL_RULES"", ""CONTRACT_CLAUSES"", ""LEGAL_TEXT"", ""PENALTIES"", ""SCORING_BLOCKERS""]"
IT,IT-DATA,IT-BI,Data warehouse et tableaux de bord BI,DATA_PROJECT,"sources, indicateurs et utilisateurs","[""sources de données"", ""KPI"", ""fréquence de rafraîchissement"", ""qualité des données"", ""droits d’accès""]",False,False,True,18,IT-MACRO-DIGITAL,IT-DATA,[],"Prestation structurée de data warehouse et tableaux de bord bi comprenant cadrage, exécution, contrôle, documentation et réception.","modèle de données, pipelines, tableaux de bord et documentation",contrôles qualité et validation KPI,ACTIVE,1,True,True,ARCHIVE_IF_REFERENCED,"[""FINANCIAL_RULES"", ""CONTRACT_CLAUSES"", ""LEGAL_TEXT"", ""PENALTIES"", ""SCORING_BLOCKERS""]"
IT,IT-DATA,IT-AI-AUTO,"Automatisation IA, assistants et chatbots",AI_PROJECT,"processus, documents et utilisateurs","[""cas d’usage"", ""sources de connaissance"", ""actions automatisées"", ""validation humaine"", ""confidentialité""]",False,False,True,19,IT-MACRO-DIGITAL,IT-DATA,[],"Prestation structurée de automatisation ia, assistants et chatbots comprenant cadrage, exécution, contrôle, documentation et réception.","cas d’usage, prototype, intégrations, garde-fous et documentation","tests, mesures et validation métier",ACTIVE,1,True,True,ARCHIVE_IF_REFERENCED,"[""FINANCIAL_RULES"", ""CONTRACT_CLAUSES"", ""LEGAL_TEXT"", ""PENALTIES"", ""SCORING_BLOCKERS""]"
IT,IT-IOT,IT-CCTV-IOT,"Vidéosurveillance, contrôle d’accès et IoT",IMPLEMENTATION,"caméras, portes, capteurs et sites","[""zones à couvrir"", ""rétention vidéo"", ""accès distant"", ""détection intelligente"", ""alimentation et réseau""]",True,False,True,20,IT-MACRO-DIGITAL,IT-IOT,[],"Prestation structurée de vidéosurveillance, contrôle d’accès et iot comprenant cadrage, exécution, contrôle, documentation et réception.","solution installée, configurée, testée et documentée","PV de tests, documentation et réception",ACTIVE,1,True,True,ARCHIVE_IF_REFERENCED,"[""FINANCIAL_RULES"", ""CONTRACT_CLAUSES"", ""LEGAL_TEXT"", ""PENALTIES"", ""SCORING_BLOCKERS""]"
COM,COM-STRAT,COM-MKT-STRAT,Stratégie marketing globale,ADVISORY,"marchés, segments et offres","[""objectifs marketing"", ""segments cibles"", ""positionnement"", ""canaux"", ""indicateurs""]",False,False,True,1,COM-MACRO-BRAND,COM-STRAT,[],"Prestation structurée de stratégie marketing globale comprenant cadrage, exécution, contrôle, documentation et réception.","analyse, recommandations, feuille de route et ateliers",livrables validés et compte rendu,ACTIVE,1,True,True,ARCHIVE_IF_REFERENCED,"[""FINANCIAL_RULES"", ""CONTRACT_CLAUSES"", ""LEGAL_TEXT"", ""PENALTIES"", ""SCORING_BLOCKERS""]"
COM,COM-STRAT,COM-BRAND,Plateforme de marque et stratégie de branding,CREATIVE_STRATEGY,marques et gammes,"[""raison d’être"", ""positionnement"", ""promesse"", ""personnalité"", ""architecture de marque""]",False,False,True,2,COM-MACRO-BRAND,COM-STRAT,[],"Prestation structurée de plateforme de marque et stratégie de branding comprenant cadrage, exécution, contrôle, documentation et réception.","territoires créatifs, recommandations et sélection finale",présentation et validation,ACTIVE,1,True,True,ARCHIVE_IF_REFERENCED,"[""FINANCIAL_RULES"", ""CONTRACT_CLAUSES"", ""LEGAL_TEXT"", ""PENALTIES"", ""SCORING_BLOCKERS""]"
COM,COM-STRAT,COM-NAMING,"Naming de marque, produit ou service",CREATIVE_STRATEGY,noms et territoires,"[""univers lexical"", ""marchés linguistiques"", ""disponibilité souhaitée"", ""contraintes juridiques"", ""critères de sélection""]",False,False,True,3,COM-MACRO-BRAND,COM-STRAT,[],"Prestation structurée de naming de marque, produit ou service comprenant cadrage, exécution, contrôle, documentation et réception.","territoires créatifs, recommandations et sélection finale",présentation et validation,ACTIVE,1,True,True,ARCHIVE_IF_REFERENCED,"[""FINANCIAL_RULES"", ""CONTRACT_CLAUSES"", ""LEGAL_TEXT"", ""PENALTIES"", ""SCORING_BLOCKERS""]"
COM,COM-DESIGN,COM-VISUAL-ID,Identité visuelle et charte graphique,CREATIVE,supports et déclinaisons,"[""logo existant"", ""univers visuel"", ""supports prioritaires"", ""formats"", ""charte attendue""]",True,False,True,4,COM-MACRO-CONTENT,COM-DESIGN,[],"Prestation structurée de identité visuelle et charte graphique comprenant cadrage, exécution, contrôle, documentation et réception.","concepts, fichiers sources et déclinaisons finales",fichiers livrés aux formats convenus,ACTIVE,1,True,True,ARCHIVE_IF_REFERENCED,"[""FINANCIAL_RULES"", ""CONTRACT_CLAUSES"", ""LEGAL_TEXT"", ""PENALTIES"", ""SCORING_BLOCKERS""]"
COM,COM-DESIGN,COM-GRAPHIC,Création graphique et supports commerciaux,CREATIVE,visuels et formats,"[""type de support"", ""dimensions"", ""quantités"", ""contenus fournis"", ""contraintes d’impression""]",True,False,True,5,COM-MACRO-CONTENT,COM-DESIGN,[],"Prestation structurée de création graphique et supports commerciaux comprenant cadrage, exécution, contrôle, documentation et réception.","concepts, fichiers sources et déclinaisons finales",fichiers livrés aux formats convenus,ACTIVE,1,True,True,ARCHIVE_IF_REFERENCED,"[""FINANCIAL_RULES"", ""CONTRACT_CLAUSES"", ""LEGAL_TEXT"", ""PENALTIES"", ""SCORING_BLOCKERS""]"
COM,COM-CONTENT,COM-COPY,"Rédaction Web, commerciale et institutionnelle",CONTENT,"pages, articles et langues","[""ton éditorial"", ""cibles"", ""volumes de mots"", ""SEO"", ""sources disponibles""]",True,False,True,6,COM-MACRO-CONTENT,COM-CONTENT,"[""COM-DIGITAL""]","Prestation structurée de rédaction web, commerciale et institutionnelle comprenant cadrage, exécution, contrôle, documentation et réception.","contenus rédigés, relus et livrés aux formats convenus",contenus validés,ACTIVE,1,True,True,ARCHIVE_IF_REFERENCED,"[""FINANCIAL_RULES"", ""CONTRACT_CLAUSES"", ""LEGAL_TEXT"", ""PENALTIES"", ""SCORING_BLOCKERS""]"
COM,COM-CONTENT,COM-CONTENT-PLAN,Stratégie éditoriale et calendrier de contenu,CONTENT_STRATEGY,canaux et publications,"[""canaux"", ""fréquence"", ""thématiques"", ""formats"", ""processus de validation""]",False,True,True,7,COM-MACRO-CONTENT,COM-CONTENT,[],"Prestation structurée de stratégie éditoriale et calendrier de contenu comprenant cadrage, exécution, contrôle, documentation et réception.","ligne éditoriale, calendrier, formats et gouvernance",plan éditorial validé,ACTIVE,1,True,True,ARCHIVE_IF_REFERENCED,"[""FINANCIAL_RULES"", ""CONTRACT_CLAUSES"", ""LEGAL_TEXT"", ""PENALTIES"", ""SCORING_BLOCKERS""]"
COM,COM-DIGITAL,COM-SOCIAL-STRAT,Stratégie réseaux sociaux,ADVISORY,réseaux et audiences,"[""plateformes"", ""audiences"", ""objectifs"", ""ligne éditoriale"", ""indicateurs""]",False,False,True,8,COM-MACRO-ACQ,COM-DIGITAL,[],"Prestation structurée de stratégie réseaux sociaux comprenant cadrage, exécution, contrôle, documentation et réception.","analyse, recommandations, feuille de route et ateliers",livrables validés et compte rendu,ACTIVE,1,True,True,ARCHIVE_IF_REFERENCED,"[""FINANCIAL_RULES"", ""CONTRACT_CLAUSES"", ""LEGAL_TEXT"", ""PENALTIES"", ""SCORING_BLOCKERS""]"
COM,COM-DIGITAL,COM-COMMUNITY,Community management,MANAGED_SERVICE,comptes et publications,"[""réseaux"", ""fréquence"", ""modération"", ""réponses clients"", ""reporting""]",True,True,True,9,COM-MACRO-ACQ,COM-DIGITAL,[],"Prestation structurée de community management comprenant cadrage, exécution, contrôle, documentation et réception.","service récurrent, SLA, rapports et support",rapports périodiques et tickets,ACTIVE,1,True,True,ARCHIVE_IF_REFERENCED,"[""FINANCIAL_RULES"", ""CONTRACT_CLAUSES"", ""LEGAL_TEXT"", ""PENALTIES"", ""SCORING_BLOCKERS""]"
COM,COM-DIGITAL,COM-SEO,Référencement naturel SEO,MANAGED_SERVICE,"sites, pages et mots-clés","[""site cible"", ""marchés"", ""mots-clés"", ""contenus"", ""SEO technique""]",True,True,True,10,COM-MACRO-ACQ,COM-DIGITAL,[],"Prestation structurée de référencement naturel seo comprenant cadrage, exécution, contrôle, documentation et réception.","service récurrent, SLA, rapports et support",rapports périodiques et tickets,ACTIVE,1,True,True,ARCHIVE_IF_REFERENCED,"[""FINANCIAL_RULES"", ""CONTRACT_CLAUSES"", ""LEGAL_TEXT"", ""PENALTIES"", ""SCORING_BLOCKERS""]"
COM,COM-DIGITAL,COM-EMAIL,E-mail marketing et automatisation,CAMPAIGN,contacts et scénarios,"[""taille base"", ""consentements"", ""scénarios"", ""outil actuel"", ""objectifs de conversion""]",False,True,True,11,COM-MACRO-ACQ,COM-DIGITAL,[],"Prestation structurée de e-mail marketing et automatisation comprenant cadrage, exécution, contrôle, documentation et réception.","plan de campagne, paramétrage, créations, diffusion et reporting",rapports plateforme et bilan,ACTIVE,1,True,True,ARCHIVE_IF_REFERENCED,"[""FINANCIAL_RULES"", ""CONTRACT_CLAUSES"", ""LEGAL_TEXT"", ""PENALTIES"", ""SCORING_BLOCKERS""]"
COM,COM-ADS,COM-DIGITAL-ADS,Campagnes publicitaires digitales,CAMPAIGN,"campagnes, audiences et budgets","[""plateformes publicitaires"", ""budget média"", ""cibles"", ""créatifs"", ""conversion""]",False,True,True,12,COM-MACRO-ACQ,COM-ADS,[],"Prestation structurée de campagnes publicitaires digitales comprenant cadrage, exécution, contrôle, documentation et réception.","plan de campagne, paramétrage, créations, diffusion et reporting",rapports plateforme et bilan,ACTIVE,1,True,True,ARCHIVE_IF_REFERENCED,"[""FINANCIAL_RULES"", ""CONTRACT_CLAUSES"", ""LEGAL_TEXT"", ""PENALTIES"", ""SCORING_BLOCKERS""]"
COM,COM-ADS,COM-MEDIA,Plan média et achat d’espace,CAMPAIGN,supports et périodes,"[""zone"", ""audience"", ""budget"", ""supports"", ""mesure d’impact""]",False,True,True,13,COM-MACRO-ACQ,COM-ADS,[],"Prestation structurée de plan média et achat d’espace comprenant cadrage, exécution, contrôle, documentation et réception.","plan de campagne, paramétrage, créations, diffusion et reporting",rapports plateforme et bilan,ACTIVE,1,True,True,ARCHIVE_IF_REFERENCED,"[""FINANCIAL_RULES"", ""CONTRACT_CLAUSES"", ""LEGAL_TEXT"", ""PENALTIES"", ""SCORING_BLOCKERS""]"
COM,COM-AV,COM-PHOTO,"Photographie corporate, produit ou immobilière",CREATIVE_PRODUCTION,"photos, produits et lieux","[""type de shooting"", ""nombre de produits"", ""lieux"", ""retouches"", ""droits d’usage""]",True,False,True,14,COM-MACRO-CONTENT,COM-AV,[],"Prestation structurée de photographie corporate, produit ou immobilière comprenant cadrage, exécution, contrôle, documentation et réception.","production, fichiers maîtres et exports multi-formats",fichiers et droits d’usage,ACTIVE,1,True,True,ARCHIVE_IF_REFERENCED,"[""FINANCIAL_RULES"", ""CONTRACT_CLAUSES"", ""LEGAL_TEXT"", ""PENALTIES"", ""SCORING_BLOCKERS""]"
COM,COM-AV,COM-VIDEO,Production vidéo corporate ou publicitaire,CREATIVE_PRODUCTION,vidéos et durées,"[""objectif"", ""durée"", ""scénario"", ""lieux"", ""formats de diffusion""]",True,False,True,15,COM-MACRO-CONTENT,COM-AV,[],"Prestation structurée de production vidéo corporate ou publicitaire comprenant cadrage, exécution, contrôle, documentation et réception.","production, fichiers maîtres et exports multi-formats",fichiers et droits d’usage,ACTIVE,1,True,True,ARCHIVE_IF_REFERENCED,"[""FINANCIAL_RULES"", ""CONTRACT_CLAUSES"", ""LEGAL_TEXT"", ""PENALTIES"", ""SCORING_BLOCKERS""]"
COM,COM-AV,COM-MOTION,Motion design et animation,CREATIVE_PRODUCTION,séquences et durées,"[""style graphique"", ""durée"", ""voix-off"", ""langues"", ""formats""]",True,False,True,16,COM-MACRO-CONTENT,COM-AV,[],"Prestation structurée de motion design et animation comprenant cadrage, exécution, contrôle, documentation et réception.","production, fichiers maîtres et exports multi-formats",fichiers et droits d’usage,ACTIVE,1,True,True,ARCHIVE_IF_REFERENCED,"[""FINANCIAL_RULES"", ""CONTRACT_CLAUSES"", ""LEGAL_TEXT"", ""PENALTIES"", ""SCORING_BLOCKERS""]"
COM,COM-PR,COM-PR,Relations presse et relations publiques,MANAGED_SERVICE,campagnes et médias,"[""messages clés"", ""porte-parole"", ""médias cibles"", ""calendrier"", ""gestion de crise""]",True,True,True,17,COM-MACRO-INFLUENCE,COM-PR,[],"Prestation structurée de relations presse et relations publiques comprenant cadrage, exécution, contrôle, documentation et réception.","service récurrent, SLA, rapports et support",rapports périodiques et tickets,ACTIVE,1,True,True,ARCHIVE_IF_REFERENCED,"[""FINANCIAL_RULES"", ""CONTRACT_CLAUSES"", ""LEGAL_TEXT"", ""PENALTIES"", ""SCORING_BLOCKERS""]"
COM,COM-PR,COM-INFLUENCE,Marketing d’influence,CAMPAIGN,créateurs et contenus,"[""cible"", ""plateformes"", ""nombre de créateurs"", ""formats"", ""droits de réutilisation""]",False,True,True,18,COM-MACRO-INFLUENCE,COM-PR,[],"Prestation structurée de marketing d’influence comprenant cadrage, exécution, contrôle, documentation et réception.","plan de campagne, paramétrage, créations, diffusion et reporting",rapports plateforme et bilan,ACTIVE,1,True,True,ARCHIVE_IF_REFERENCED,"[""FINANCIAL_RULES"", ""CONTRACT_CLAUSES"", ""LEGAL_TEXT"", ""PENALTIES"", ""SCORING_BLOCKERS""]"
COM,COM-EVENT,COM-EVENT,Conception et communication événementielle,EVENT,"participants, jours et lieux","[""type d’événement"", ""participants"", ""lieu"", ""programme"", ""prestations techniques""]",False,False,True,19,COM-MACRO-INFLUENCE,COM-EVENT,[],"Prestation structurée de conception et communication événementielle comprenant cadrage, exécution, contrôle, documentation et réception.","concept, planning, coordination, exécution et bilan","PV, photos et bilan",ACTIVE,1,True,True,ARCHIVE_IF_REFERENCED,"[""FINANCIAL_RULES"", ""CONTRACT_CLAUSES"", ""LEGAL_TEXT"", ""PENALTIES"", ""SCORING_BLOCKERS""]"
COM,COM-EVENT,COM-PRINT-SIGN,"Impression, PLV et signalétique",PRODUCTION,"unités, formats et sites","[""supports"", ""dimensions"", ""quantités"", ""matières"", ""installation""]",True,False,True,20,COM-MACRO-INFLUENCE,COM-EVENT,[],"Prestation structurée de impression, plv et signalétique comprenant cadrage, exécution, contrôle, documentation et réception.","produits conformes, BAT et livraison/installation",BAT et bon de livraison,ACTIVE,1,True,True,ARCHIVE_IF_REFERENCED,"[""FINANCIAL_RULES"", ""CONTRACT_CLAUSES"", ""LEGAL_TEXT"", ""PENALTIES"", ""SCORING_BLOCKERS""]"
ACC,ACC-BOOK,ACC-BOOKKEEPING,Tenue comptable externalisée,OUTSOURCING,"écritures, comptes et mois","[""volume de pièces"", ""logiciel"", ""périodicité"", ""plan comptable"", ""mode de transmission""]",True,True,True,1,ACC-MACRO-ACCOUNTING,ACC-BOOK,[],"Prestation structurée de tenue comptable externalisée comprenant cadrage, exécution, contrôle, documentation et réception.","opérations exécutées, contrôles et reporting périodique",rapports et pièces de contrôle,ACTIVE,1,True,True,ARCHIVE_IF_REFERENCED,"[""FINANCIAL_RULES"", ""CONTRACT_CLAUSES"", ""LEGAL_TEXT"", ""PENALTIES"", ""SCORING_BLOCKERS""]"
ACC,ACC-BOOK,ACC-CLEANUP,Rattrapage et régularisation comptable,PROJECT,"mois, écritures et comptes","[""périodes en retard"", ""volume de pièces"", ""écarts connus"", ""logiciel"", ""date de clôture""]",False,False,True,2,ACC-MACRO-ACCOUNTING,ACC-BOOK,[],"Prestation structurée de rattrapage et régularisation comptable comprenant cadrage, exécution, contrôle, documentation et réception.","livrables du projet, planning, contrôles et clôture",livrables et PV,ACTIVE,1,True,True,ARCHIVE_IF_REFERENCED,"[""FINANCIAL_RULES"", ""CONTRACT_CLAUSES"", ""LEGAL_TEXT"", ""PENALTIES"", ""SCORING_BLOCKERS""]"
ACC,ACC-BOOK,ACC-CLOSE,Clôture mensuelle et annuelle,OUTSOURCING,entités et périodes,"[""calendrier de clôture"", ""réconciliations"", ""provisions"", ""immobilisations"", ""reporting attendu""]",True,True,True,3,ACC-MACRO-ACCOUNTING,ACC-BOOK,[],"Prestation structurée de clôture mensuelle et annuelle comprenant cadrage, exécution, contrôle, documentation et réception.","opérations exécutées, contrôles et reporting périodique",rapports et pièces de contrôle,ACTIVE,1,True,True,ARCHIVE_IF_REFERENCED,"[""FINANCIAL_RULES"", ""CONTRACT_CLAUSES"", ""LEGAL_TEXT"", ""PENALTIES"", ""SCORING_BLOCKERS""]"
ACC,ACC-BOOK,ACC-FS,Préparation des états financiers,PROJECT,entités et exercices,"[""référentiel"", ""période"", ""balances disponibles"", ""annexes"", ""date limite""]",False,False,True,4,ACC-MACRO-ACCOUNTING,ACC-BOOK,[],"Prestation structurée de préparation des états financiers comprenant cadrage, exécution, contrôle, documentation et réception.","livrables du projet, planning, contrôles et clôture",livrables et PV,ACTIVE,1,True,True,ARCHIVE_IF_REFERENCED,"[""FINANCIAL_RULES"", ""CONTRACT_CLAUSES"", ""LEGAL_TEXT"", ""PENALTIES"", ""SCORING_BLOCKERS""]"
ACC,ACC-TAX,ACC-VAT,Déclarations de TVA,OUTSOURCING,déclarations et périodes,"[""régime TVA"", ""fréquence"", ""volume factures"", ""opérations internationales"", ""crédits TVA""]",True,True,True,5,ACC-MACRO-ACCOUNTING,ACC-TAX,[],"Prestation structurée de déclarations de tva comprenant cadrage, exécution, contrôle, documentation et réception.","opérations exécutées, contrôles et reporting périodique",rapports et pièces de contrôle,ACTIVE,1,True,True,ARCHIVE_IF_REFERENCED,"[""FINANCIAL_RULES"", ""CONTRACT_CLAUSES"", ""LEGAL_TEXT"", ""PENALTIES"", ""SCORING_BLOCKERS""]"
ACC,ACC-TAX,ACC-CORP-TAX,Déclarations fiscales et impôt sur les sociétés,OUTSOURCING,entités et exercices,"[""régime fiscal"", ""résultat comptable"", ""réintégrations"", ""incitations"", ""échéances""]",True,True,True,6,ACC-MACRO-ACCOUNTING,ACC-TAX,[],"Prestation structurée de déclarations fiscales et impôt sur les sociétés comprenant cadrage, exécution, contrôle, documentation et réception.","opérations exécutées, contrôles et reporting périodique",rapports et pièces de contrôle,ACTIVE,1,True,True,ARCHIVE_IF_REFERENCED,"[""FINANCIAL_RULES"", ""CONTRACT_CLAUSES"", ""LEGAL_TEXT"", ""PENALTIES"", ""SCORING_BLOCKERS""]"
ACC,ACC-TAX,ACC-TAX-REVIEW,Revue fiscale et diagnostic de conformité,AUDIT,taxes et exercices,"[""impôts concernés"", ""années"", ""contrôles antérieurs"", ""risques identifiés"", ""documents disponibles""]",False,False,True,7,ACC-MACRO-ACCOUNTING,ACC-TAX,[],"Prestation structurée de revue fiscale et diagnostic de conformité comprenant cadrage, exécution, contrôle, documentation et réception.","rapport de diagnostic, constats, priorités et plan d’action",rapport signé et restitution,ACTIVE,1,True,True,ARCHIVE_IF_REFERENCED,"[""FINANCIAL_RULES"", ""CONTRACT_CLAUSES"", ""LEGAL_TEXT"", ""PENALTIES"", ""SCORING_BLOCKERS""]"
ACC,ACC-TAX,ACC-TAX-AUDIT,Assistance lors d’un contrôle fiscal,ADVISORY,notifications et exercices,"[""avis reçu"", ""périmètre"", ""délais"", ""montants en jeu"", ""pièces demandées""]",False,False,True,8,ACC-MACRO-ACCOUNTING,ACC-TAX,[],"Prestation structurée de assistance lors d’un contrôle fiscal comprenant cadrage, exécution, contrôle, documentation et réception.","analyse, recommandations, feuille de route et ateliers",livrables validés et compte rendu,ACTIVE,1,True,True,ARCHIVE_IF_REFERENCED,"[""FINANCIAL_RULES"", ""CONTRACT_CLAUSES"", ""LEGAL_TEXT"", ""PENALTIES"", ""SCORING_BLOCKERS""]"
ACC,ACC-CTRL,ACC-BUDGET,Budget annuel et prévisions,ADVISORY,"centres, scénarios et mois","[""horizon"", ""centres de coûts"", ""hypothèses"", ""scénarios"", ""format de restitution""]",False,False,True,9,ACC-MACRO-PERF,ACC-CTRL,[],"Prestation structurée de budget annuel et prévisions comprenant cadrage, exécution, contrôle, documentation et réception.","analyse, recommandations, feuille de route et ateliers",livrables validés et compte rendu,ACTIVE,1,True,True,ARCHIVE_IF_REFERENCED,"[""FINANCIAL_RULES"", ""CONTRACT_CLAUSES"", ""LEGAL_TEXT"", ""PENALTIES"", ""SCORING_BLOCKERS""]"
ACC,ACC-CTRL,ACC-MGMT-CONTROL,Mise en place du contrôle de gestion,ADVISORY,processus et indicateurs,"[""modèle économique"", ""axes analytiques"", ""KPI"", ""fréquence"", ""outils""]",False,False,True,10,ACC-MACRO-PERF,ACC-CTRL,[],"Prestation structurée de mise en place du contrôle de gestion comprenant cadrage, exécution, contrôle, documentation et réception.","analyse, recommandations, feuille de route et ateliers",livrables validés et compte rendu,ACTIVE,1,True,True,ARCHIVE_IF_REFERENCED,"[""FINANCIAL_RULES"", ""CONTRACT_CLAUSES"", ""LEGAL_TEXT"", ""PENALTIES"", ""SCORING_BLOCKERS""]"
ACC,ACC-CTRL,ACC-COSTING,Calcul des coûts et rentabilité par produit,ADVISORY,"produits, activités et centres","[""méthode actuelle"", ""charges directes"", ""inducteurs"", ""volumes"", ""marges attendues""]",False,False,True,11,ACC-MACRO-PERF,ACC-CTRL,[],"Prestation structurée de calcul des coûts et rentabilité par produit comprenant cadrage, exécution, contrôle, documentation et réception.","analyse, recommandations, feuille de route et ateliers",livrables validés et compte rendu,ACTIVE,1,True,True,ARCHIVE_IF_REFERENCED,"[""FINANCIAL_RULES"", ""CONTRACT_CLAUSES"", ""LEGAL_TEXT"", ""PENALTIES"", ""SCORING_BLOCKERS""]"
ACC,ACC-CASH,ACC-TREASURY,Gestion et prévision de trésorerie,ADVISORY,comptes et semaines,"[""comptes bancaires"", ""horizon"", ""encaissements"", ""décaissements"", ""alertes""]",False,False,True,12,ACC-MACRO-PERF,ACC-CASH,[],"Prestation structurée de gestion et prévision de trésorerie comprenant cadrage, exécution, contrôle, documentation et réception.","analyse, recommandations, feuille de route et ateliers",livrables validés et compte rendu,ACTIVE,1,True,True,ARCHIVE_IF_REFERENCED,"[""FINANCIAL_RULES"", ""CONTRACT_CLAUSES"", ""LEGAL_TEXT"", ""PENALTIES"", ""SCORING_BLOCKERS""]"
ACC,ACC-CASH,ACC-COLLECTION,Optimisation du recouvrement client,MANAGED_SERVICE,factures et clients,"[""balance âgée"", ""processus de relance"", ""litiges"", ""outils"", ""objectifs DSO""]",True,True,True,13,ACC-MACRO-PERF,ACC-CASH,[],"Prestation structurée de optimisation du recouvrement client comprenant cadrage, exécution, contrôle, documentation et réception.","service récurrent, SLA, rapports et support",rapports périodiques et tickets,ACTIVE,1,True,True,ARCHIVE_IF_REFERENCED,"[""FINANCIAL_RULES"", ""CONTRACT_CLAUSES"", ""LEGAL_TEXT"", ""PENALTIES"", ""SCORING_BLOCKERS""]"
ACC,ACC-CASH,ACC-INVOICING,Mise en place de la facturation et des contrôles,IMPLEMENTATION,factures et utilisateurs,"[""types de factures"", ""workflow"", ""taxes"", ""numérotation"", ""intégrations""]",True,False,True,14,ACC-MACRO-PERF,ACC-CASH,"[""ACC-SYS""]","Prestation structurée de mise en place de la facturation et des contrôles comprenant cadrage, exécution, contrôle, documentation et réception.","solution installée, configurée, testée et documentée","PV de tests, documentation et réception",ACTIVE,1,True,True,ARCHIVE_IF_REFERENCED,"[""FINANCIAL_RULES"", ""CONTRACT_CLAUSES"", ""LEGAL_TEXT"", ""PENALTIES"", ""SCORING_BLOCKERS""]"
ACC,ACC-FIN,ACC-FIN-MODEL,Modèle financier et business plan,ADVISORY,années et scénarios,"[""horizon"", ""sources de revenus"", ""charges"", ""investissements"", ""scénarios""]",False,False,True,15,ACC-MACRO-FIN,ACC-FIN,[],"Prestation structurée de modèle financier et business plan comprenant cadrage, exécution, contrôle, documentation et réception.","analyse, recommandations, feuille de route et ateliers",livrables validés et compte rendu,ACTIVE,1,True,True,ARCHIVE_IF_REFERENCED,"[""FINANCIAL_RULES"", ""CONTRACT_CLAUSES"", ""LEGAL_TEXT"", ""PENALTIES"", ""SCORING_BLOCKERS""]"
ACC,ACC-FIN,ACC-FUNDING,Préparation d’un dossier de financement,ADVISORY,banques et montants,"[""montant recherché"", ""usage des fonds"", ""garanties"", ""prévisions"", ""documents juridiques""]",False,False,True,16,ACC-MACRO-FIN,ACC-FIN,[],"Prestation structurée de préparation d’un dossier de financement comprenant cadrage, exécution, contrôle, documentation et réception.","analyse, recommandations, feuille de route et ateliers",livrables validés et compte rendu,ACTIVE,1,True,True,ARCHIVE_IF_REFERENCED,"[""FINANCIAL_RULES"", ""CONTRACT_CLAUSES"", ""LEGAL_TEXT"", ""PENALTIES"", ""SCORING_BLOCKERS""]"
ACC,ACC-AUDIT,ACC-AUDIT-PREP,Préparation à l’audit financier,AUDIT_SUPPORT,entités et cycles,"[""auditeur"", ""périmètre"", ""PBC list"", ""réconciliations"", ""deadline""]",False,False,True,17,ACC-MACRO-FIN,ACC-AUDIT,[],"Prestation structurée de préparation à l’audit financier comprenant cadrage, exécution, contrôle, documentation et réception.","dossier préparé, réponses et suivi des demandes",liste PBC clôturée,ACTIVE,1,True,True,ARCHIVE_IF_REFERENCED,"[""FINANCIAL_RULES"", ""CONTRACT_CLAUSES"", ""LEGAL_TEXT"", ""PENALTIES"", ""SCORING_BLOCKERS""]"
ACC,ACC-AUDIT,ACC-DUE-DIL,Due diligence financière,AUDIT,entités et années,"[""objectif transaction"", ""période"", ""data room"", ""qualité des résultats"", ""dette nette""]",False,False,True,18,ACC-MACRO-FIN,ACC-AUDIT,[],"Prestation structurée de due diligence financière comprenant cadrage, exécution, contrôle, documentation et réception.","rapport de diagnostic, constats, priorités et plan d’action",rapport signé et restitution,ACTIVE,1,True,True,ARCHIVE_IF_REFERENCED,"[""FINANCIAL_RULES"", ""CONTRACT_CLAUSES"", ""LEGAL_TEXT"", ""PENALTIES"", ""SCORING_BLOCKERS""]"
ACC,ACC-SYS,ACC-SOFTWARE,Choix et déploiement d’un logiciel comptable,IMPLEMENTATION,utilisateurs et entités,"[""processus"", ""utilisateurs"", ""fonctionnalités"", ""migration"", ""intégrations""]",True,False,True,19,ACC-MACRO-SYSTEMS,ACC-SYS,[],"Prestation structurée de choix et déploiement d’un logiciel comptable comprenant cadrage, exécution, contrôle, documentation et réception.","solution installée, configurée, testée et documentée","PV de tests, documentation et réception",ACTIVE,1,True,True,ARCHIVE_IF_REFERENCED,"[""FINANCIAL_RULES"", ""CONTRACT_CLAUSES"", ""LEGAL_TEXT"", ""PENALTIES"", ""SCORING_BLOCKERS""]"
ACC,ACC-SPECIAL,ACC-INVENTORY,Inventaire physique et valorisation des stocks,PROJECT,"références, sites et unités","[""nombre de références"", ""sites"", ""méthode de comptage"", ""valorisation"", ""écarts historiques""]",False,False,True,20,ACC-MACRO-SYSTEMS,ACC-SPECIAL,[],"Prestation structurée de inventaire physique et valorisation des stocks comprenant cadrage, exécution, contrôle, documentation et réception.","livrables du projet, planning, contrôles et clôture",livrables et PV,ACTIVE,1,True,True,ARCHIVE_IF_REFERENCED,"[""FINANCIAL_RULES"", ""CONTRACT_CLAUSES"", ""LEGAL_TEXT"", ""PENALTIES"", ""SCORING_BLOCKERS""]"
LEGAL,LEGAL-CORP,LEGAL-CREATE,Création et structuration de société,LEGAL_ADVISORY,associés et entités,"[""forme juridique"", ""associés"", ""capital"", ""activité"", ""gouvernance""]",False,False,False,1,LEGAL-MACRO-CORP,LEGAL-CORP,[],"Prestation structurée de création et structuration de société comprenant cadrage, exécution, contrôle, documentation et réception.","analyse juridique, options, risques et recommandations",note ou avis validé,ACTIVE,1,True,True,ARCHIVE_IF_REFERENCED,"[""FINANCIAL_RULES"", ""CONTRACT_CLAUSES"", ""LEGAL_TEXT"", ""PENALTIES"", ""SCORING_BLOCKERS""]"
LEGAL,LEGAL-CORP,LEGAL-CORP-SECRETARY,Secrétariat juridique annuel,MANAGED_SERVICE,entités et actes,"[""assemblées"", ""modifications"", ""registres"", ""mandats"", ""calendrier""]",True,True,True,2,LEGAL-MACRO-CORP,LEGAL-CORP,[],"Prestation structurée de secrétariat juridique annuel comprenant cadrage, exécution, contrôle, documentation et réception.","service récurrent, SLA, rapports et support",rapports périodiques et tickets,ACTIVE,1,True,True,ARCHIVE_IF_REFERENCED,"[""FINANCIAL_RULES"", ""CONTRACT_CLAUSES"", ""LEGAL_TEXT"", ""PENALTIES"", ""SCORING_BLOCKERS""]"
LEGAL,LEGAL-CORP,LEGAL-GOV,Mise en place de la gouvernance et délégations,LEGAL_ADVISORY,organes et décisions,"[""organes de gouvernance"", ""délégations"", ""seuils"", ""comités"", ""reporting""]",False,False,False,3,LEGAL-MACRO-CORP,LEGAL-CORP,[],"Prestation structurée de mise en place de la gouvernance et délégations comprenant cadrage, exécution, contrôle, documentation et réception.","analyse juridique, options, risques et recommandations",note ou avis validé,ACTIVE,1,True,True,ARCHIVE_IF_REFERENCED,"[""FINANCIAL_RULES"", ""CONTRACT_CLAUSES"", ""LEGAL_TEXT"", ""PENALTIES"", ""SCORING_BLOCKERS""]"
LEGAL,LEGAL-CONTRACT,LEGAL-CONTRACT-DRAFT,Rédaction de contrat commercial,LEGAL_SERVICE,contrats et parties,"[""objet"", ""parties"", ""prix"", ""responsabilités"", ""droit applicable""]",False,False,False,4,LEGAL-MACRO-CONTRACT,LEGAL-CONTRACT,[],"Prestation structurée de rédaction de contrat commercial comprenant cadrage, exécution, contrôle, documentation et réception.","document juridique versionné, commentaires et version finale",document final et validation du client,ACTIVE,1,True,True,ARCHIVE_IF_REFERENCED,"[""FINANCIAL_RULES"", ""CONTRACT_CLAUSES"", ""LEGAL_TEXT"", ""PENALTIES"", ""SCORING_BLOCKERS""]"
LEGAL,LEGAL-CONTRACT,LEGAL-CONTRACT-REVIEW,Revue et négociation de contrat,LEGAL_SERVICE,contrats et versions,"[""document source"", ""enjeux"", ""clauses critiques"", ""deadline"", ""pouvoir de négociation""]",False,False,False,5,LEGAL-MACRO-CONTRACT,LEGAL-CONTRACT,[],"Prestation structurée de revue et négociation de contrat comprenant cadrage, exécution, contrôle, documentation et réception.","document juridique versionné, commentaires et version finale",document final et validation du client,ACTIVE,1,True,True,ARCHIVE_IF_REFERENCED,"[""FINANCIAL_RULES"", ""CONTRACT_CLAUSES"", ""LEGAL_TEXT"", ""PENALTIES"", ""SCORING_BLOCKERS""]"
LEGAL,LEGAL-CONTRACT,LEGAL-GTC,Conditions générales de vente ou d’utilisation,LEGAL_SERVICE,canaux et offres,"[""modèle de vente"", ""clients"", ""paiement"", ""livraison"", ""réclamations""]",False,False,False,6,LEGAL-MACRO-CONTRACT,LEGAL-CONTRACT,[],"Prestation structurée de conditions générales de vente ou d’utilisation comprenant cadrage, exécution, contrôle, documentation et réception.","document juridique versionné, commentaires et version finale",document final et validation du client,ACTIVE,1,True,True,ARCHIVE_IF_REFERENCED,"[""FINANCIAL_RULES"", ""CONTRACT_CLAUSES"", ""LEGAL_TEXT"", ""PENALTIES"", ""SCORING_BLOCKERS""]"
LEGAL,LEGAL-LABOR,LEGAL-EMPLOYMENT,Contrats de travail et documents RH,LEGAL_SERVICE,salariés et modèles,"[""types de contrats"", ""catégories"", ""rémunération"", ""confidentialité"", ""mobilité""]",False,False,False,7,LEGAL-MACRO-CONTRACT,LEGAL-LABOR,[],"Prestation structurée de contrats de travail et documents rh comprenant cadrage, exécution, contrôle, documentation et réception.","document juridique versionné, commentaires et version finale",document final et validation du client,ACTIVE,1,True,True,ARCHIVE_IF_REFERENCED,"[""FINANCIAL_RULES"", ""CONTRACT_CLAUSES"", ""LEGAL_TEXT"", ""PENALTIES"", ""SCORING_BLOCKERS""]"
LEGAL,LEGAL-LABOR,LEGAL-HR-DISPUTE,Assistance en conflit ou procédure disciplinaire,LEGAL_ADVISORY,salariés et incidents,"[""faits"", ""preuves"", ""chronologie"", ""mesures prises"", ""urgence""]",False,False,False,8,LEGAL-MACRO-CONTRACT,LEGAL-LABOR,[],"Prestation structurée de assistance en conflit ou procédure disciplinaire comprenant cadrage, exécution, contrôle, documentation et réception.","analyse juridique, options, risques et recommandations",note ou avis validé,ACTIVE,1,True,True,ARCHIVE_IF_REFERENCED,"[""FINANCIAL_RULES"", ""CONTRACT_CLAUSES"", ""LEGAL_TEXT"", ""PENALTIES"", ""SCORING_BLOCKERS""]"
LEGAL,LEGAL-IP,LEGAL-TRADEMARK,Dépôt et protection de marque,LEGAL_SERVICE,marques et classes,"[""signe"", ""territoires"", ""classes"", ""recherche antérieure"", ""propriétaire""]",False,False,False,9,LEGAL-MACRO-COMP,LEGAL-IP,[],"Prestation structurée de dépôt et protection de marque comprenant cadrage, exécution, contrôle, documentation et réception.","document juridique versionné, commentaires et version finale",document final et validation du client,ACTIVE,1,True,True,ARCHIVE_IF_REFERENCED,"[""FINANCIAL_RULES"", ""CONTRACT_CLAUSES"", ""LEGAL_TEXT"", ""PENALTIES"", ""SCORING_BLOCKERS""]"
LEGAL,LEGAL-IP,LEGAL-IP-CONTRACT,Contrats de propriété intellectuelle et licences,LEGAL_SERVICE,"œuvres, logiciels et territoires","[""actifs"", ""droits cédés"", ""territoire"", ""durée"", ""rémunération""]",False,False,False,10,LEGAL-MACRO-COMP,LEGAL-IP,[],"Prestation structurée de contrats de propriété intellectuelle et licences comprenant cadrage, exécution, contrôle, documentation et réception.","document juridique versionné, commentaires et version finale",document final et validation du client,ACTIVE,1,True,True,ARCHIVE_IF_REFERENCED,"[""FINANCIAL_RULES"", ""CONTRACT_CLAUSES"", ""LEGAL_TEXT"", ""PENALTIES"", ""SCORING_BLOCKERS""]"
LEGAL,LEGAL-IP,LEGAL-PRIVACY,Conformité données personnelles et politique de confidentialité,COMPLIANCE,traitements et sites,"[""données collectées"", ""finalités"", ""sous-traitants"", ""consentements"", ""transferts""]",False,False,True,11,LEGAL-MACRO-COMP,LEGAL-IP,"[""LEGAL-IP""]","Prestation structurée de conformité données personnelles et politique de confidentialité comprenant cadrage, exécution, contrôle, documentation et réception.","diagnostic, registre, politiques et plan de mise en conformité",dossier de conformité et preuves,ACTIVE,1,True,True,ARCHIVE_IF_REFERENCED,"[""FINANCIAL_RULES"", ""CONTRACT_CLAUSES"", ""LEGAL_TEXT"", ""PENALTIES"", ""SCORING_BLOCKERS""]"
LEGAL,LEGAL-COMP,LEGAL-COMPLIANCE-AUDIT,Audit de conformité réglementaire,COMPLIANCE,réglementations et processus,"[""secteur"", ""textes applicables"", ""licences"", ""contrôles"", ""risques""]",False,False,True,12,LEGAL-MACRO-COMP,LEGAL-COMP,[],"Prestation structurée de audit de conformité réglementaire comprenant cadrage, exécution, contrôle, documentation et réception.","diagnostic, registre, politiques et plan de mise en conformité",dossier de conformité et preuves,ACTIVE,1,True,True,ARCHIVE_IF_REFERENCED,"[""FINANCIAL_RULES"", ""CONTRACT_CLAUSES"", ""LEGAL_TEXT"", ""PENALTIES"", ""SCORING_BLOCKERS""]"
LEGAL,LEGAL-COMP,LEGAL-ETHICS,"Code éthique, anticorruption et dispositif d’alerte",COMPLIANCE,entités et salariés,"[""risques d’intégrité"", ""cadeaux"", ""tiers"", ""canal d’alerte"", ""enquêtes""]",False,False,True,13,LEGAL-MACRO-COMP,LEGAL-COMP,[],"Prestation structurée de code éthique, anticorruption et dispositif d’alerte comprenant cadrage, exécution, contrôle, documentation et réception.","diagnostic, registre, politiques et plan de mise en conformité",dossier de conformité et preuves,ACTIVE,1,True,True,ARCHIVE_IF_REFERENCED,"[""FINANCIAL_RULES"", ""CONTRACT_CLAUSES"", ""LEGAL_TEXT"", ""PENALTIES"", ""SCORING_BLOCKERS""]"
LEGAL,LEGAL-COMP,LEGAL-LICENSE,Obtention ou renouvellement d’agrément/licence,LEGAL_SERVICE,autorisations et sites,"[""autorité"", ""activité"", ""conditions"", ""documents"", ""deadline""]",False,False,False,14,LEGAL-MACRO-COMP,LEGAL-COMP,[],"Prestation structurée de obtention ou renouvellement d’agrément/licence comprenant cadrage, exécution, contrôle, documentation et réception.","document juridique versionné, commentaires et version finale",document final et validation du client,ACTIVE,1,True,True,ARCHIVE_IF_REFERENCED,"[""FINANCIAL_RULES"", ""CONTRACT_CLAUSES"", ""LEGAL_TEXT"", ""PENALTIES"", ""SCORING_BLOCKERS""]"
LEGAL,LEGAL-DISPUTE,LEGAL-DEBT-RECOVERY,Recouvrement amiable et juridique,LEGAL_SERVICE,débiteurs et créances,"[""montants"", ""échéances"", ""preuves"", ""relances"", ""solvabilité""]",False,False,False,15,LEGAL-MACRO-DISPUTE,LEGAL-DISPUTE,[],"Prestation structurée de recouvrement amiable et juridique comprenant cadrage, exécution, contrôle, documentation et réception.","document juridique versionné, commentaires et version finale",document final et validation du client,ACTIVE,1,True,True,ARCHIVE_IF_REFERENCED,"[""FINANCIAL_RULES"", ""CONTRACT_CLAUSES"", ""LEGAL_TEXT"", ""PENALTIES"", ""SCORING_BLOCKERS""]"
LEGAL,LEGAL-DISPUTE,LEGAL-PRE-LITIGATION,Mise en demeure et stratégie précontentieuse,LEGAL_ADVISORY,litiges et parties,"[""faits"", ""contrat"", ""preuves"", ""préjudice"", ""objectif""]",False,False,False,16,LEGAL-MACRO-DISPUTE,LEGAL-DISPUTE,[],"Prestation structurée de mise en demeure et stratégie précontentieuse comprenant cadrage, exécution, contrôle, documentation et réception.","analyse juridique, options, risques et recommandations",note ou avis validé,ACTIVE,1,True,True,ARCHIVE_IF_REFERENCED,"[""FINANCIAL_RULES"", ""CONTRACT_CLAUSES"", ""LEGAL_TEXT"", ""PENALTIES"", ""SCORING_BLOCKERS""]"
LEGAL,LEGAL-DISPUTE,LEGAL-LITIGATION,Coordination et suivi d’un contentieux,LEGAL_SERVICE,dossiers et audiences,"[""juridiction"", ""étape"", ""avocat"", ""preuves"", ""échéances""]",False,False,False,17,LEGAL-MACRO-DISPUTE,LEGAL-DISPUTE,[],"Prestation structurée de coordination et suivi d’un contentieux comprenant cadrage, exécution, contrôle, documentation et réception.","document juridique versionné, commentaires et version finale",document final et validation du client,ACTIVE,1,True,True,ARCHIVE_IF_REFERENCED,"[""FINANCIAL_RULES"", ""CONTRACT_CLAUSES"", ""LEGAL_TEXT"", ""PENALTIES"", ""SCORING_BLOCKERS""]"
LEGAL,LEGAL-REAL,LEGAL-LEASE,Rédaction ou revue de bail commercial,LEGAL_SERVICE,locaux et parties,"[""local"", ""durée"", ""loyer"", ""charges"", ""travaux""]",False,False,False,18,LEGAL-MACRO-DISPUTE,LEGAL-REAL,[],"Prestation structurée de rédaction ou revue de bail commercial comprenant cadrage, exécution, contrôle, documentation et réception.","document juridique versionné, commentaires et version finale",document final et validation du client,ACTIVE,1,True,True,ARCHIVE_IF_REFERENCED,"[""FINANCIAL_RULES"", ""CONTRACT_CLAUSES"", ""LEGAL_TEXT"", ""PENALTIES"", ""SCORING_BLOCKERS""]"
LEGAL,LEGAL-TRANS,LEGAL-SHA,Pacte d’associés ou convention de partenariat,LEGAL_SERVICE,associés et décisions,"[""répartition capital"", ""gouvernance"", ""sortie"", ""financement"", ""non-concurrence""]",False,False,False,19,LEGAL-MACRO-CORP,LEGAL-TRANS,[],"Prestation structurée de pacte d’associés ou convention de partenariat comprenant cadrage, exécution, contrôle, documentation et réception.","document juridique versionné, commentaires et version finale",document final et validation du client,ACTIVE,1,True,True,ARCHIVE_IF_REFERENCED,"[""FINANCIAL_RULES"", ""CONTRACT_CLAUSES"", ""LEGAL_TEXT"", ""PENALTIES"", ""SCORING_BLOCKERS""]"
LEGAL,LEGAL-TRANS,LEGAL-FRANCHISE,Contrat et structuration de franchise,LEGAL_SERVICE,franchisés et territoires,"[""concept"", ""droits d’entrée"", ""redevances"", ""territoire"", ""assistance""]",False,False,False,20,LEGAL-MACRO-CORP,LEGAL-TRANS,[],"Prestation structurée de contrat et structuration de franchise comprenant cadrage, exécution, contrôle, documentation et réception.","document juridique versionné, commentaires et version finale",document final et validation du client,ACTIVE,1,True,True,ARCHIVE_IF_REFERENCED,"[""FINANCIAL_RULES"", ""CONTRACT_CLAUSES"", ""LEGAL_TEXT"", ""PENALTIES"", ""SCORING_BLOCKERS""]"
HR,HR-STRAT,HR-AUDIT,Audit RH et plan d’action,AUDIT,salariés et sites,"[""organisation RH"", ""effectifs"", ""processus"", ""risques sociaux"", ""priorités""]",False,False,True,1,HR-MACRO-ORG,HR-STRAT,[],"Prestation structurée de audit rh et plan d’action comprenant cadrage, exécution, contrôle, documentation et réception.","rapport de diagnostic, constats, priorités et plan d’action",rapport signé et restitution,ACTIVE,1,True,True,ARCHIVE_IF_REFERENCED,"[""FINANCIAL_RULES"", ""CONTRACT_CLAUSES"", ""LEGAL_TEXT"", ""PENALTIES"", ""SCORING_BLOCKERS""]"
HR,HR-STRAT,HR-WORKFORCE,Planification des effectifs et emplois,ADVISORY,postes et années,"[""prévisions activité"", ""effectifs"", ""compétences"", ""turnover"", ""scénarios""]",False,False,True,2,HR-MACRO-ORG,HR-STRAT,[],"Prestation structurée de planification des effectifs et emplois comprenant cadrage, exécution, contrôle, documentation et réception.","analyse, recommandations, feuille de route et ateliers",livrables validés et compte rendu,ACTIVE,1,True,True,ARCHIVE_IF_REFERENCED,"[""FINANCIAL_RULES"", ""CONTRACT_CLAUSES"", ""LEGAL_TEXT"", ""PENALTIES"", ""SCORING_BLOCKERS""]"
HR,HR-STRAT,HR-JOB-DESC,Fiches de poste et référentiel métiers,PROJECT,postes et familles,"[""organigramme"", ""missions"", ""responsabilités"", ""compétences"", ""indicateurs""]",False,False,True,3,HR-MACRO-ORG,HR-STRAT,[],"Prestation structurée de fiches de poste et référentiel métiers comprenant cadrage, exécution, contrôle, documentation et réception.","livrables du projet, planning, contrôles et clôture",livrables et PV,ACTIVE,1,True,True,ARCHIVE_IF_REFERENCED,"[""FINANCIAL_RULES"", ""CONTRACT_CLAUSES"", ""LEGAL_TEXT"", ""PENALTIES"", ""SCORING_BLOCKERS""]"
HR,HR-REC,HR-RECRUIT,Recrutement de profils,RECRUITMENT,postes et candidats,"[""poste"", ""niveau"", ""localisation"", ""rémunération"", ""date de prise de poste""]",True,False,True,4,HR-MACRO-TALENT,HR-REC,[],"Prestation structurée de recrutement de profils comprenant cadrage, exécution, contrôle, documentation et réception.","shortlist, évaluations, entretiens et accompagnement",candidats présentés et décisions,ACTIVE,1,True,True,ARCHIVE_IF_REFERENCED,"[""FINANCIAL_RULES"", ""CONTRACT_CLAUSES"", ""LEGAL_TEXT"", ""PENALTIES"", ""SCORING_BLOCKERS""]"
HR,HR-REC,HR-EXEC-SEARCH,Chasse de cadres et dirigeants,RECRUITMENT,postes et marchés,"[""mandat"", ""profil cible"", ""entreprises cibles"", ""confidentialité"", ""package""]",True,False,True,5,HR-MACRO-TALENT,HR-REC,[],"Prestation structurée de chasse de cadres et dirigeants comprenant cadrage, exécution, contrôle, documentation et réception.","shortlist, évaluations, entretiens et accompagnement",candidats présentés et décisions,ACTIVE,1,True,True,ARCHIVE_IF_REFERENCED,"[""FINANCIAL_RULES"", ""CONTRACT_CLAUSES"", ""LEGAL_TEXT"", ""PENALTIES"", ""SCORING_BLOCKERS""]"
HR,HR-REC,HR-ONBOARD,Parcours d’intégration des nouveaux salariés,PROJECT,postes et sites,"[""étapes"", ""responsables"", ""documents"", ""formation"", ""période d’essai""]",False,False,True,6,HR-MACRO-TALENT,HR-REC,[],"Prestation structurée de parcours d’intégration des nouveaux salariés comprenant cadrage, exécution, contrôle, documentation et réception.","livrables du projet, planning, contrôles et clôture",livrables et PV,ACTIVE,1,True,True,ARCHIVE_IF_REFERENCED,"[""FINANCIAL_RULES"", ""CONTRACT_CLAUSES"", ""LEGAL_TEXT"", ""PENALTIES"", ""SCORING_BLOCKERS""]"
HR,HR-PERF,HR-PERFORMANCE,Système d’évaluation de la performance,IMPLEMENTATION,salariés et cycles,"[""objectifs"", ""compétences"", ""fréquence"", ""workflow"", ""calibration""]",True,False,True,7,HR-MACRO-TALENT,HR-PERF,[],"Prestation structurée de système d’évaluation de la performance comprenant cadrage, exécution, contrôle, documentation et réception.","solution installée, configurée, testée et documentée","PV de tests, documentation et réception",ACTIVE,1,True,True,ARCHIVE_IF_REFERENCED,"[""FINANCIAL_RULES"", ""CONTRACT_CLAUSES"", ""LEGAL_TEXT"", ""PENALTIES"", ""SCORING_BLOCKERS""]"
HR,HR-PERF,HR-COMPETENCY,Référentiel de compétences et gestion des carrières,PROJECT,métiers et niveaux,"[""familles métiers"", ""niveaux"", ""compétences"", ""mobilité"", ""succession""]",False,False,True,8,HR-MACRO-TALENT,HR-PERF,[],"Prestation structurée de référentiel de compétences et gestion des carrières comprenant cadrage, exécution, contrôle, documentation et réception.","livrables du projet, planning, contrôles et clôture",livrables et PV,ACTIVE,1,True,True,ARCHIVE_IF_REFERENCED,"[""FINANCIAL_RULES"", ""CONTRACT_CLAUSES"", ""LEGAL_TEXT"", ""PENALTIES"", ""SCORING_BLOCKERS""]"
HR,HR-PERF,HR-SUCCESSION,Plans de succession et hauts potentiels,ADVISORY,postes clés et talents,"[""postes critiques"", ""critères"", ""talents"", ""plans de développement"", ""gouvernance""]",False,False,True,9,HR-MACRO-TALENT,HR-PERF,[],"Prestation structurée de plans de succession et hauts potentiels comprenant cadrage, exécution, contrôle, documentation et réception.","analyse, recommandations, feuille de route et ateliers",livrables validés et compte rendu,ACTIVE,1,True,True,ARCHIVE_IF_REFERENCED,"[""FINANCIAL_RULES"", ""CONTRACT_CLAUSES"", ""LEGAL_TEXT"", ""PENALTIES"", ""SCORING_BLOCKERS""]"
HR,HR-COMP,HR-COMP-BEN,Politique de rémunération et avantages,ADVISORY,postes et salariés,"[""grilles actuelles"", ""benchmark"", ""bonus"", ""avantages"", ""équité interne""]",False,False,True,10,HR-MACRO-REWARD,HR-COMP,[],"Prestation structurée de politique de rémunération et avantages comprenant cadrage, exécution, contrôle, documentation et réception.","analyse, recommandations, feuille de route et ateliers",livrables validés et compte rendu,ACTIVE,1,True,True,ARCHIVE_IF_REFERENCED,"[""FINANCIAL_RULES"", ""CONTRACT_CLAUSES"", ""LEGAL_TEXT"", ""PENALTIES"", ""SCORING_BLOCKERS""]"
HR,HR-COMP,HR-PAYROLL,Externalisation ou sécurisation de la paie,OUTSOURCING,bulletins et salariés,"[""effectif"", ""variables"", ""outil"", ""calendrier"", ""contrôles""]",True,True,True,11,HR-MACRO-REWARD,HR-COMP,"[""HR-ADMIN""]","Prestation structurée de externalisation ou sécurisation de la paie comprenant cadrage, exécution, contrôle, documentation et réception.","opérations exécutées, contrôles et reporting périodique",rapports et pièces de contrôle,ACTIVE,1,True,True,ARCHIVE_IF_REFERENCED,"[""FINANCIAL_RULES"", ""CONTRACT_CLAUSES"", ""LEGAL_TEXT"", ""PENALTIES"", ""SCORING_BLOCKERS""]"
HR,HR-ADMIN,HR-ADMIN,Administration du personnel externalisée,OUTSOURCING,salariés et actes,"[""contrats"", ""absences"", ""dossiers salariés"", ""attestations"", ""reporting""]",True,True,True,12,HR-MACRO-REWARD,HR-ADMIN,[],"Prestation structurée de administration du personnel externalisée comprenant cadrage, exécution, contrôle, documentation et réception.","opérations exécutées, contrôles et reporting périodique",rapports et pièces de contrôle,ACTIVE,1,True,True,ARCHIVE_IF_REFERENCED,"[""FINANCIAL_RULES"", ""CONTRACT_CLAUSES"", ""LEGAL_TEXT"", ""PENALTIES"", ""SCORING_BLOCKERS""]"
HR,HR-ADMIN,HR-TIME,"Gestion du temps, absences et planning",IMPLEMENTATION,salariés et sites,"[""horaires"", ""équipes"", ""badges"", ""règles absence"", ""intégration paie""]",True,False,True,13,HR-MACRO-REWARD,HR-ADMIN,[],"Prestation structurée de gestion du temps, absences et planning comprenant cadrage, exécution, contrôle, documentation et réception.","solution installée, configurée, testée et documentée","PV de tests, documentation et réception",ACTIVE,1,True,True,ARCHIVE_IF_REFERENCED,"[""FINANCIAL_RULES"", ""CONTRACT_CLAUSES"", ""LEGAL_TEXT"", ""PENALTIES"", ""SCORING_BLOCKERS""]"
HR,HR-TRAIN,HR-TRAIN-NEEDS,Analyse des besoins de formation,ADVISORY,salariés et métiers,"[""objectifs"", ""écarts compétences"", ""populations"", ""budget"", ""priorités""]",False,False,True,14,HR-MACRO-DEV,HR-TRAIN,[],"Prestation structurée de analyse des besoins de formation comprenant cadrage, exécution, contrôle, documentation et réception.","analyse, recommandations, feuille de route et ateliers",livrables validés et compte rendu,ACTIVE,1,True,True,ARCHIVE_IF_REFERENCED,"[""FINANCIAL_RULES"", ""CONTRACT_CLAUSES"", ""LEGAL_TEXT"", ""PENALTIES"", ""SCORING_BLOCKERS""]"
HR,HR-TRAIN,HR-TRAIN-DELIVERY,Conception et animation de formation,TRAINING,participants et sessions,"[""thème"", ""niveau"", ""participants"", ""format"", ""évaluation""]",True,False,True,15,HR-MACRO-DEV,HR-TRAIN,[],"Prestation structurée de conception et animation de formation comprenant cadrage, exécution, contrôle, documentation et réception.","supports, sessions, évaluations et attestations",feuilles de présence et évaluations,ACTIVE,1,True,True,ARCHIVE_IF_REFERENCED,"[""FINANCIAL_RULES"", ""CONTRACT_CLAUSES"", ""LEGAL_TEXT"", ""PENALTIES"", ""SCORING_BLOCKERS""]"
HR,HR-REL,HR-ENGAGEMENT,Enquête d’engagement et climat social,SURVEY,salariés et sites,"[""population"", ""anonymat"", ""thèmes"", ""communication"", ""plan d’action""]",False,False,True,16,HR-MACRO-DEV,HR-REL,[],"Prestation structurée de enquête d’engagement et climat social comprenant cadrage, exécution, contrôle, documentation et réception.","questionnaire, collecte, analyse et plan d’action",rapport agrégé et restitution,ACTIVE,1,True,True,ARCHIVE_IF_REFERENCED,"[""FINANCIAL_RULES"", ""CONTRACT_CLAUSES"", ""LEGAL_TEXT"", ""PENALTIES"", ""SCORING_BLOCKERS""]"
HR,HR-REL,HR-RELATIONS,Gestion des relations sociales,ADVISORY,sites et instances,"[""instances"", ""accords"", ""conflits"", ""calendrier"", ""priorités""]",False,False,True,17,HR-MACRO-DEV,HR-REL,[],"Prestation structurée de gestion des relations sociales comprenant cadrage, exécution, contrôle, documentation et réception.","analyse, recommandations, feuille de route et ateliers",livrables validés et compte rendu,ACTIVE,1,True,True,ARCHIVE_IF_REFERENCED,"[""FINANCIAL_RULES"", ""CONTRACT_CLAUSES"", ""LEGAL_TEXT"", ""PENALTIES"", ""SCORING_BLOCKERS""]"
HR,HR-REL,HR-DISCIPLINE,Processus disciplinaire et gestion des dossiers sensibles,ADVISORY,dossiers et salariés,"[""faits"", ""preuves"", ""règles internes"", ""chronologie"", ""mesures""]",False,False,True,18,HR-MACRO-DEV,HR-REL,[],"Prestation structurée de processus disciplinaire et gestion des dossiers sensibles comprenant cadrage, exécution, contrôle, documentation et réception.","analyse, recommandations, feuille de route et ateliers",livrables validés et compte rendu,ACTIVE,1,True,True,ARCHIVE_IF_REFERENCED,"[""FINANCIAL_RULES"", ""CONTRACT_CLAUSES"", ""LEGAL_TEXT"", ""PENALTIES"", ""SCORING_BLOCKERS""]"
HR,HR-DIGI,HR-HRIS,Choix et déploiement d’un SIRH,IMPLEMENTATION,"salariés, modules et utilisateurs","[""modules"", ""effectif"", ""intégrations"", ""migration"", ""droits""]",True,False,True,19,HR-MACRO-DEV,HR-DIGI,[],"Prestation structurée de choix et déploiement d’un sirh comprenant cadrage, exécution, contrôle, documentation et réception.","solution installée, configurée, testée et documentée","PV de tests, documentation et réception",ACTIVE,1,True,True,ARCHIVE_IF_REFERENCED,"[""FINANCIAL_RULES"", ""CONTRACT_CLAUSES"", ""LEGAL_TEXT"", ""PENALTIES"", ""SCORING_BLOCKERS""]"
HR,HR-DIGI,HR-OUTSOURCING,Direction RH externalisée,MANAGED_SERVICE,salariés et mois,"[""périmètre"", ""présence souhaitée"", ""processus"", ""reporting"", ""gouvernance""]",True,True,True,20,HR-MACRO-DEV,HR-DIGI,[],"Prestation structurée de direction rh externalisée comprenant cadrage, exécution, contrôle, documentation et réception.","service récurrent, SLA, rapports et support",rapports périodiques et tickets,ACTIVE,1,True,True,ARCHIVE_IF_REFERENCED,"[""FINANCIAL_RULES"", ""CONTRACT_CLAUSES"", ""LEGAL_TEXT"", ""PENALTIES"", ""SCORING_BLOCKERS""]"
INS,INS-RISK,INS-RISK-AUDIT,Audit global des risques assurables,RISK_AUDIT,sites et risques,"[""activités"", ""sites"", ""sinistres"", ""valeurs exposées"", ""tolérance au risque""]",False,False,True,1,INS-MACRO-RISK,INS-RISK,[],"Prestation structurée de audit global des risques assurables comprenant cadrage, exécution, contrôle, documentation et réception.","cartographie des risques, évaluation et plan de traitement",rapport et matrice des risques,ACTIVE,1,True,True,ARCHIVE_IF_REFERENCED,"[""FINANCIAL_RULES"", ""CONTRACT_CLAUSES"", ""LEGAL_TEXT"", ""PENALTIES"", ""SCORING_BLOCKERS""]"
INS,INS-RISK,INS-MAP,Cartographie et plan de traitement des risques,RISK_AUDIT,processus et risques,"[""processus critiques"", ""probabilité"", ""impact"", ""contrôles"", ""priorités""]",False,False,True,2,INS-MACRO-RISK,INS-RISK,[],"Prestation structurée de cartographie et plan de traitement des risques comprenant cadrage, exécution, contrôle, documentation et réception.","cartographie des risques, évaluation et plan de traitement",rapport et matrice des risques,ACTIVE,1,True,True,ARCHIVE_IF_REFERENCED,"[""FINANCIAL_RULES"", ""CONTRACT_CLAUSES"", ""LEGAL_TEXT"", ""PENALTIES"", ""SCORING_BLOCKERS""]"
INS,INS-PROP,INS-PROPERTY,Assurance multirisque des biens,INSURANCE_PLACEMENT,sites et valeurs,"[""bâtiments"", ""contenu"", ""stocks"", ""protections"", ""historique sinistres""]",False,True,False,3,INS-MACRO-RISK,INS-PROP,[],"Prestation structurée de assurance multirisque des biens comprenant cadrage, exécution, contrôle, documentation et réception.","analyse, consultation du marché, comparaison et proposition de couverture",comparatif et documents de souscription,ACTIVE,1,True,True,ARCHIVE_IF_REFERENCED,"[""FINANCIAL_RULES"", ""CONTRACT_CLAUSES"", ""LEGAL_TEXT"", ""PENALTIES"", ""SCORING_BLOCKERS""]"
INS,INS-PROP,INS-BI,Assurance pertes d’exploitation,INSURANCE_PLACEMENT,sites et mois,"[""marge brute"", ""période indemnisation"", ""dépendances"", ""plan de continuité"", ""scénario majeur""]",False,True,False,4,INS-MACRO-RISK,INS-PROP,[],"Prestation structurée de assurance pertes d’exploitation comprenant cadrage, exécution, contrôle, documentation et réception.","analyse, consultation du marché, comparaison et proposition de couverture",comparatif et documents de souscription,ACTIVE,1,True,True,ARCHIVE_IF_REFERENCED,"[""FINANCIAL_RULES"", ""CONTRACT_CLAUSES"", ""LEGAL_TEXT"", ""PENALTIES"", ""SCORING_BLOCKERS""]"
INS,INS-LIAB,INS-GL,Responsabilité civile exploitation,INSURANCE_PLACEMENT,activités et CA,"[""activités"", ""chiffre d’affaires"", ""territoires"", ""clients"", ""sinistres""]",False,True,False,5,INS-MACRO-LIAB,INS-LIAB,[],"Prestation structurée de responsabilité civile exploitation comprenant cadrage, exécution, contrôle, documentation et réception.","analyse, consultation du marché, comparaison et proposition de couverture",comparatif et documents de souscription,ACTIVE,1,True,True,ARCHIVE_IF_REFERENCED,"[""FINANCIAL_RULES"", ""CONTRACT_CLAUSES"", ""LEGAL_TEXT"", ""PENALTIES"", ""SCORING_BLOCKERS""]"
INS,INS-LIAB,INS-PRO-LIAB,Responsabilité civile professionnelle,INSURANCE_PLACEMENT,missions et CA,"[""services rendus"", ""contrats"", ""limites souhaitées"", ""territoires"", ""réclamations""]",False,True,False,6,INS-MACRO-LIAB,INS-LIAB,[],"Prestation structurée de responsabilité civile professionnelle comprenant cadrage, exécution, contrôle, documentation et réception.","analyse, consultation du marché, comparaison et proposition de couverture",comparatif et documents de souscription,ACTIVE,1,True,True,ARCHIVE_IF_REFERENCED,"[""FINANCIAL_RULES"", ""CONTRACT_CLAUSES"", ""LEGAL_TEXT"", ""PENALTIES"", ""SCORING_BLOCKERS""]"
INS,INS-LIAB,INS-PRODUCT,Responsabilité produits,INSURANCE_PLACEMENT,produits et marchés,"[""produits"", ""volumes"", ""pays"", ""traçabilité"", ""rappels""]",False,True,False,7,INS-MACRO-LIAB,INS-LIAB,[],"Prestation structurée de responsabilité produits comprenant cadrage, exécution, contrôle, documentation et réception.","analyse, consultation du marché, comparaison et proposition de couverture",comparatif et documents de souscription,ACTIVE,1,True,True,ARCHIVE_IF_REFERENCED,"[""FINANCIAL_RULES"", ""CONTRACT_CLAUSES"", ""LEGAL_TEXT"", ""PENALTIES"", ""SCORING_BLOCKERS""]"
INS,INS-LIAB,INS-DNO,Responsabilité des dirigeants,INSURANCE_PLACEMENT,dirigeants et entités,"[""structure"", ""gouvernance"", ""actionnariat"", ""litiges"", ""levées de fonds""]",False,True,False,8,INS-MACRO-LIAB,INS-LIAB,[],"Prestation structurée de responsabilité des dirigeants comprenant cadrage, exécution, contrôle, documentation et réception.","analyse, consultation du marché, comparaison et proposition de couverture",comparatif et documents de souscription,ACTIVE,1,True,True,ARCHIVE_IF_REFERENCED,"[""FINANCIAL_RULES"", ""CONTRACT_CLAUSES"", ""LEGAL_TEXT"", ""PENALTIES"", ""SCORING_BLOCKERS""]"
INS,INS-PEOPLE,INS-HEALTH,Assurance santé collective,INSURANCE_PLACEMENT,salariés et ayants droit,"[""effectif"", ""population"", ""garanties"", ""réseau"", ""budget""]",False,True,False,9,INS-MACRO-LIAB,INS-PEOPLE,[],"Prestation structurée de assurance santé collective comprenant cadrage, exécution, contrôle, documentation et réception.","analyse, consultation du marché, comparaison et proposition de couverture",comparatif et documents de souscription,ACTIVE,1,True,True,ARCHIVE_IF_REFERENCED,"[""FINANCIAL_RULES"", ""CONTRACT_CLAUSES"", ""LEGAL_TEXT"", ""PENALTIES"", ""SCORING_BLOCKERS""]"
INS,INS-PEOPLE,INS-LIFE,"Décès, invalidité et prévoyance collective",INSURANCE_PLACEMENT,salariés et catégories,"[""catégories"", ""capitaux"", ""invalidité"", ""bénéficiaires"", ""budget""]",False,True,False,10,INS-MACRO-LIAB,INS-PEOPLE,[],"Prestation structurée de décès, invalidité et prévoyance collective comprenant cadrage, exécution, contrôle, documentation et réception.","analyse, consultation du marché, comparaison et proposition de couverture",comparatif et documents de souscription,ACTIVE,1,True,True,ARCHIVE_IF_REFERENCED,"[""FINANCIAL_RULES"", ""CONTRACT_CLAUSES"", ""LEGAL_TEXT"", ""PENALTIES"", ""SCORING_BLOCKERS""]"
INS,INS-PEOPLE,INS-WORK-ACC,Accidents du travail et risques professionnels,INSURANCE_PLACEMENT,salariés et métiers,"[""métiers"", ""effectifs"", ""sites"", ""sinistres"", ""mesures prévention""]",False,True,False,11,INS-MACRO-LIAB,INS-PEOPLE,[],"Prestation structurée de accidents du travail et risques professionnels comprenant cadrage, exécution, contrôle, documentation et réception.","analyse, consultation du marché, comparaison et proposition de couverture",comparatif et documents de souscription,ACTIVE,1,True,True,ARCHIVE_IF_REFERENCED,"[""FINANCIAL_RULES"", ""CONTRACT_CLAUSES"", ""LEGAL_TEXT"", ""PENALTIES"", ""SCORING_BLOCKERS""]"
INS,INS-SPEC,INS-CYBER,Assurance cyber,INSURANCE_PLACEMENT,utilisateurs et CA,"[""données"", ""contrôles cyber"", ""incidents"", ""chiffre d’affaires"", ""limites""]",False,True,False,12,INS-MACRO-SPECIAL,INS-SPEC,"[""INS-RISK""]","Prestation structurée de assurance cyber comprenant cadrage, exécution, contrôle, documentation et réception.","analyse, consultation du marché, comparaison et proposition de couverture",comparatif et documents de souscription,ACTIVE,1,True,True,ARCHIVE_IF_REFERENCED,"[""FINANCIAL_RULES"", ""CONTRACT_CLAUSES"", ""LEGAL_TEXT"", ""PENALTIES"", ""SCORING_BLOCKERS""]"
INS,INS-SPEC,INS-CONSTRUCTION,Tous risques chantier et responsabilité décennale,INSURANCE_PLACEMENT,chantiers et montants,"[""nature chantier"", ""budget"", ""durée"", ""intervenants"", ""garanties""]",False,True,False,13,INS-MACRO-SPECIAL,INS-SPEC,[],"Prestation structurée de tous risques chantier et responsabilité décennale comprenant cadrage, exécution, contrôle, documentation et réception.","analyse, consultation du marché, comparaison et proposition de couverture",comparatif et documents de souscription,ACTIVE,1,True,True,ARCHIVE_IF_REFERENCED,"[""FINANCIAL_RULES"", ""CONTRACT_CLAUSES"", ""LEGAL_TEXT"", ""PENALTIES"", ""SCORING_BLOCKERS""]"
INS,INS-SPEC,INS-CREDIT,Assurance-crédit clients,INSURANCE_PLACEMENT,clients et encours,"[""encours"", ""pays"", ""concentration"", ""impayés"", ""politique crédit""]",False,True,False,14,INS-MACRO-SPECIAL,INS-SPEC,[],"Prestation structurée de assurance-crédit clients comprenant cadrage, exécution, contrôle, documentation et réception.","analyse, consultation du marché, comparaison et proposition de couverture",comparatif et documents de souscription,ACTIVE,1,True,True,ARCHIVE_IF_REFERENCED,"[""FINANCIAL_RULES"", ""CONTRACT_CLAUSES"", ""LEGAL_TEXT"", ""PENALTIES"", ""SCORING_BLOCKERS""]"
INS,INS-FLEET,INS-FLEET,Assurance flotte automobile,INSURANCE_PLACEMENT,véhicules et conducteurs,"[""parc"", ""usage"", ""conducteurs"", ""sinistres"", ""franchises""]",False,True,False,15,INS-MACRO-SPECIAL,INS-FLEET,[],"Prestation structurée de assurance flotte automobile comprenant cadrage, exécution, contrôle, documentation et réception.","analyse, consultation du marché, comparaison et proposition de couverture",comparatif et documents de souscription,ACTIVE,1,True,True,ARCHIVE_IF_REFERENCED,"[""FINANCIAL_RULES"", ""CONTRACT_CLAUSES"", ""LEGAL_TEXT"", ""PENALTIES"", ""SCORING_BLOCKERS""]"
INS,INS-FLEET,INS-CARGO,Assurance transport de marchandises,INSURANCE_PLACEMENT,expéditions et valeurs,"[""marchandises"", ""modes"", ""routes"", ""valeurs"", ""incoterms""]",False,True,False,16,INS-MACRO-SPECIAL,INS-FLEET,[],"Prestation structurée de assurance transport de marchandises comprenant cadrage, exécution, contrôle, documentation et réception.","analyse, consultation du marché, comparaison et proposition de couverture",comparatif et documents de souscription,ACTIVE,1,True,True,ARCHIVE_IF_REFERENCED,"[""FINANCIAL_RULES"", ""CONTRACT_CLAUSES"", ""LEGAL_TEXT"", ""PENALTIES"", ""SCORING_BLOCKERS""]"
INS,INS-CLAIM,INS-CLAIMS,Gestion et optimisation des sinistres,CLAIMS_MANAGEMENT,sinistres et polices,"[""type sinistre"", ""date"", ""montant"", ""preuves"", ""avancement""]",False,True,True,17,INS-MACRO-PROGRAM,INS-CLAIM,[],"Prestation structurée de gestion et optimisation des sinistres comprenant cadrage, exécution, contrôle, documentation et réception.","dossier sinistre, échanges, suivi et bilan d’indemnisation",dossier complet et décision,ACTIVE,1,True,True,ARCHIVE_IF_REFERENCED,"[""FINANCIAL_RULES"", ""CONTRACT_CLAUSES"", ""LEGAL_TEXT"", ""PENALTIES"", ""SCORING_BLOCKERS""]"
INS,INS-CLAIM,INS-PREVENTION,Plan de prévention et réduction des sinistres,RISK_ADVISORY,sites et actions,"[""risques dominants"", ""sinistres"", ""contrôles"", ""investissements"", ""KPI""]",False,False,True,18,INS-MACRO-PROGRAM,INS-CLAIM,[],"Prestation structurée de plan de prévention et réduction des sinistres comprenant cadrage, exécution, contrôle, documentation et réception.","plan de prévention, procédures et indicateurs",plan validé et preuves de mise en œuvre,ACTIVE,1,True,True,ARCHIVE_IF_REFERENCED,"[""FINANCIAL_RULES"", ""CONTRACT_CLAUSES"", ""LEGAL_TEXT"", ""PENALTIES"", ""SCORING_BLOCKERS""]"
INS,INS-PROGRAM,INS-POLICY-AUDIT,Audit des polices et garanties existantes,AUDIT,polices et entités,"[""polices"", ""exclusions"", ""limites"", ""franchises"", ""doublons""]",False,False,True,19,INS-MACRO-PROGRAM,INS-PROGRAM,[],"Prestation structurée de audit des polices et garanties existantes comprenant cadrage, exécution, contrôle, documentation et réception.","rapport de diagnostic, constats, priorités et plan d’action",rapport signé et restitution,ACTIVE,1,True,True,ARCHIVE_IF_REFERENCED,"[""FINANCIAL_RULES"", ""CONTRACT_CLAUSES"", ""LEGAL_TEXT"", ""PENALTIES"", ""SCORING_BLOCKERS""]"
INS,INS-PROGRAM,INS-TENDER,Appel d’offres assureurs et renouvellement,PROCUREMENT,polices et assureurs,"[""échéance"", ""périmètre"", ""sinistralité"", ""marché"", ""objectifs""]",False,False,True,20,INS-MACRO-PROGRAM,INS-PROGRAM,[],"Prestation structurée de appel d’offres assureurs et renouvellement comprenant cadrage, exécution, contrôle, documentation et réception.","dossier de consultation, analyse des offres et recommandation",comparatif et décision,ACTIVE,1,True,True,ARCHIVE_IF_REFERENCED,"[""FINANCIAL_RULES"", ""CONTRACT_CLAUSES"", ""LEGAL_TEXT"", ""PENALTIES"", ""SCORING_BLOCKERS""]"
LOG,LOG-PROC,LOG-PROC-AUDIT,Audit de la fonction achats,AUDIT,catégories et fournisseurs,"[""organisation"", ""dépenses"", ""processus"", ""contrats"", ""gouvernance""]",False,False,True,1,LOG-MACRO-PROC,LOG-PROC,[],"Prestation structurée de audit de la fonction achats comprenant cadrage, exécution, contrôle, documentation et réception.","rapport de diagnostic, constats, priorités et plan d’action",rapport signé et restitution,ACTIVE,1,True,True,ARCHIVE_IF_REFERENCED,"[""FINANCIAL_RULES"", ""CONTRACT_CLAUSES"", ""LEGAL_TEXT"", ""PENALTIES"", ""SCORING_BLOCKERS""]"
LOG,LOG-PROC,LOG-SOURCING-STRAT,Stratégie de sourcing et catégories,ADVISORY,catégories et marchés,"[""catégories"", ""enjeux"", ""marché fournisseurs"", ""risques"", ""objectifs""]",False,False,True,2,LOG-MACRO-PROC,LOG-PROC,[],"Prestation structurée de stratégie de sourcing et catégories comprenant cadrage, exécution, contrôle, documentation et réception.","analyse, recommandations, feuille de route et ateliers",livrables validés et compte rendu,ACTIVE,1,True,True,ARCHIVE_IF_REFERENCED,"[""FINANCIAL_RULES"", ""CONTRACT_CLAUSES"", ""LEGAL_TEXT"", ""PENALTIES"", ""SCORING_BLOCKERS""]"
LOG,LOG-PROC,LOG-SUPPLIER-SEARCH,Recherche et présélection de fournisseurs,SOURCING,fournisseurs et pays,"[""produit/service"", ""spécifications"", ""pays"", ""quantités"", ""certifications""]",False,False,True,3,LOG-MACRO-PROC,LOG-PROC,[],"Prestation structurée de recherche et présélection de fournisseurs comprenant cadrage, exécution, contrôle, documentation et réception.","longlist, shortlist, vérifications et recommandations",fiches fournisseurs,ACTIVE,1,True,True,ARCHIVE_IF_REFERENCED,"[""FINANCIAL_RULES"", ""CONTRACT_CLAUSES"", ""LEGAL_TEXT"", ""PENALTIES"", ""SCORING_BLOCKERS""]"
LOG,LOG-PROC,LOG-TENDER,Gestion d’appel d’offres fournisseurs,PROCUREMENT,lots et soumissionnaires,"[""cahier des charges"", ""lots"", ""critères"", ""calendrier"", ""négociation""]",False,False,True,4,LOG-MACRO-PROC,LOG-PROC,[],"Prestation structurée de gestion d’appel d’offres fournisseurs comprenant cadrage, exécution, contrôle, documentation et réception.","dossier de consultation, analyse des offres et recommandation",comparatif et décision,ACTIVE,1,True,True,ARCHIVE_IF_REFERENCED,"[""FINANCIAL_RULES"", ""CONTRACT_CLAUSES"", ""LEGAL_TEXT"", ""PENALTIES"", ""SCORING_BLOCKERS""]"
LOG,LOG-SUP,LOG-SUP-QUAL,Qualification et homologation fournisseurs,AUDIT,fournisseurs et sites,"[""critères"", ""documents"", ""audit"", ""échantillons"", ""risque""]",False,False,True,5,LOG-MACRO-PROC,LOG-SUP,[],"Prestation structurée de qualification et homologation fournisseurs comprenant cadrage, exécution, contrôle, documentation et réception.","rapport de diagnostic, constats, priorités et plan d’action",rapport signé et restitution,ACTIVE,1,True,True,ARCHIVE_IF_REFERENCED,"[""FINANCIAL_RULES"", ""CONTRACT_CLAUSES"", ""LEGAL_TEXT"", ""PENALTIES"", ""SCORING_BLOCKERS""]"
LOG,LOG-SUP,LOG-SUP-PERF,Évaluation et performance fournisseurs,ADVISORY,fournisseurs et KPI,"[""qualité"", ""délai"", ""coût"", ""service"", ""plans d’action""]",False,False,True,6,LOG-MACRO-PROC,LOG-SUP,[],"Prestation structurée de évaluation et performance fournisseurs comprenant cadrage, exécution, contrôle, documentation et réception.","analyse, recommandations, feuille de route et ateliers",livrables validés et compte rendu,ACTIVE,1,True,True,ARCHIVE_IF_REFERENCED,"[""FINANCIAL_RULES"", ""CONTRACT_CLAUSES"", ""LEGAL_TEXT"", ""PENALTIES"", ""SCORING_BLOCKERS""]"
LOG,LOG-SUP,LOG-CONTRACT-NEG,Négociation et optimisation des contrats achats,ADVISORY,contrats et catégories,"[""contrats"", ""volumes"", ""prix"", ""SLA"", ""clauses de sortie""]",False,False,True,7,LOG-MACRO-PROC,LOG-SUP,[],"Prestation structurée de négociation et optimisation des contrats achats comprenant cadrage, exécution, contrôle, documentation et réception.","analyse, recommandations, feuille de route et ateliers",livrables validés et compte rendu,ACTIVE,1,True,True,ARCHIVE_IF_REFERENCED,"[""FINANCIAL_RULES"", ""CONTRACT_CLAUSES"", ""LEGAL_TEXT"", ""PENALTIES"", ""SCORING_BLOCKERS""]"
LOG,LOG-SPEND,LOG-SPEND-ANALYSIS,Analyse des dépenses et économies,DATA_PROJECT,transactions et catégories,"[""sources"", ""période"", ""codification"", ""fournisseurs"", ""objectifs économies""]",False,False,True,8,LOG-MACRO-PLAN,LOG-SPEND,[],"Prestation structurée de analyse des dépenses et économies comprenant cadrage, exécution, contrôle, documentation et réception.","modèle de données, pipelines, tableaux de bord et documentation",contrôles qualité et validation KPI,ACTIVE,1,True,True,ARCHIVE_IF_REFERENCED,"[""FINANCIAL_RULES"", ""CONTRACT_CLAUSES"", ""LEGAL_TEXT"", ""PENALTIES"", ""SCORING_BLOCKERS""]"
LOG,LOG-SPEND,LOG-E-PROC,Mise en place d’un processus e-procurement,IMPLEMENTATION,utilisateurs et workflows,"[""processus"", ""catalogues"", ""approbations"", ""budgets"", ""intégrations""]",True,False,True,9,LOG-MACRO-PLAN,LOG-SPEND,[],"Prestation structurée de mise en place d’un processus e-procurement comprenant cadrage, exécution, contrôle, documentation et réception.","solution installée, configurée, testée et documentée","PV de tests, documentation et réception",ACTIVE,1,True,True,ARCHIVE_IF_REFERENCED,"[""FINANCIAL_RULES"", ""CONTRACT_CLAUSES"", ""LEGAL_TEXT"", ""PENALTIES"", ""SCORING_BLOCKERS""]"
LOG,LOG-INV,LOG-INVENTORY-OPT,Optimisation des niveaux de stock,ADVISORY,références et sites,"[""historique"", ""lead times"", ""service cible"", ""saisonnalité"", ""contraintes stockage""]",False,False,True,10,LOG-MACRO-PLAN,LOG-INV,[],"Prestation structurée de optimisation des niveaux de stock comprenant cadrage, exécution, contrôle, documentation et réception.","analyse, recommandations, feuille de route et ateliers",livrables validés et compte rendu,ACTIVE,1,True,True,ARCHIVE_IF_REFERENCED,"[""FINANCIAL_RULES"", ""CONTRACT_CLAUSES"", ""LEGAL_TEXT"", ""PENALTIES"", ""SCORING_BLOCKERS""]"
LOG,LOG-INV,LOG-FORECAST,Prévision de la demande et S&OP,DATA_PROJECT,références et mois,"[""historique ventes"", ""promotions"", ""horizon"", ""granularité"", ""processus S&OP""]",False,False,True,11,LOG-MACRO-PLAN,LOG-INV,[],"Prestation structurée de prévision de la demande et s&op comprenant cadrage, exécution, contrôle, documentation et réception.","modèle de données, pipelines, tableaux de bord et documentation",contrôles qualité et validation KPI,ACTIVE,1,True,True,ARCHIVE_IF_REFERENCED,"[""FINANCIAL_RULES"", ""CONTRACT_CLAUSES"", ""LEGAL_TEXT"", ""PENALTIES"", ""SCORING_BLOCKERS""]"
LOG,LOG-WH,LOG-WH-DESIGN,Conception ou optimisation d’entrepôt,ENGINEERING,"m², références et flux","[""surface"", ""flux"", ""volumes"", ""équipements"", ""contraintes bâtiment""]",False,False,True,12,LOG-MACRO-OPS,LOG-WH,[],"Prestation structurée de conception ou optimisation d’entrepôt comprenant cadrage, exécution, contrôle, documentation et réception.","études, plans, notes de calcul et estimations",documents approuvés,ACTIVE,1,True,True,ARCHIVE_IF_REFERENCED,"[""FINANCIAL_RULES"", ""CONTRACT_CLAUSES"", ""LEGAL_TEXT"", ""PENALTIES"", ""SCORING_BLOCKERS""]"
LOG,LOG-WH,LOG-WMS,Choix et déploiement WMS,IMPLEMENTATION,"utilisateurs, sites et références","[""processus"", ""volumes"", ""matériels"", ""intégrations"", ""migration""]",True,False,True,13,LOG-MACRO-OPS,LOG-WH,"[""LOG-DIGI""]","Prestation structurée de choix et déploiement wms comprenant cadrage, exécution, contrôle, documentation et réception.","solution installée, configurée, testée et documentée","PV de tests, documentation et réception",ACTIVE,1,True,True,ARCHIVE_IF_REFERENCED,"[""FINANCIAL_RULES"", ""CONTRACT_CLAUSES"", ""LEGAL_TEXT"", ""PENALTIES"", ""SCORING_BLOCKERS""]"
LOG,LOG-WH,LOG-PICKING,Optimisation préparation de commandes,ADVISORY,commandes et lignes,"[""profils commandes"", ""layout"", ""méthodes"", ""temps"", ""erreurs""]",False,False,True,14,LOG-MACRO-OPS,LOG-WH,[],"Prestation structurée de optimisation préparation de commandes comprenant cadrage, exécution, contrôle, documentation et réception.","analyse, recommandations, feuille de route et ateliers",livrables validés et compte rendu,ACTIVE,1,True,True,ARCHIVE_IF_REFERENCED,"[""FINANCIAL_RULES"", ""CONTRACT_CLAUSES"", ""LEGAL_TEXT"", ""PENALTIES"", ""SCORING_BLOCKERS""]"
LOG,LOG-TRANS,LOG-TRANS-TENDER,Appel d’offres transporteurs,PROCUREMENT,routes et expéditions,"[""routes"", ""volumes"", ""fréquence"", ""SLA"", ""contraintes marchandises""]",False,False,True,15,LOG-MACRO-OPS,LOG-TRANS,[],"Prestation structurée de appel d’offres transporteurs comprenant cadrage, exécution, contrôle, documentation et réception.","dossier de consultation, analyse des offres et recommandation",comparatif et décision,ACTIVE,1,True,True,ARCHIVE_IF_REFERENCED,"[""FINANCIAL_RULES"", ""CONTRACT_CLAUSES"", ""LEGAL_TEXT"", ""PENALTIES"", ""SCORING_BLOCKERS""]"
LOG,LOG-TRANS,LOG-ROUTE,Optimisation des tournées et du dernier kilomètre,DATA_PROJECT,livraisons et véhicules,"[""adresses"", ""fenêtres"", ""véhicules"", ""capacités"", ""KPI""]",False,False,True,16,LOG-MACRO-OPS,LOG-TRANS,[],"Prestation structurée de optimisation des tournées et du dernier kilomètre comprenant cadrage, exécution, contrôle, documentation et réception.","modèle de données, pipelines, tableaux de bord et documentation",contrôles qualité et validation KPI,ACTIVE,1,True,True,ARCHIVE_IF_REFERENCED,"[""FINANCIAL_RULES"", ""CONTRACT_CLAUSES"", ""LEGAL_TEXT"", ""PENALTIES"", ""SCORING_BLOCKERS""]"
LOG,LOG-TRADE,LOG-CUSTOMS,Assistance douane et conformité import-export,ADVISORY,produits et déclarations,"[""produits"", ""pays"", ""codes douaniers"", ""incoterms"", ""documents""]",False,False,True,17,LOG-MACRO-TRADE,LOG-TRADE,[],"Prestation structurée de assistance douane et conformité import-export comprenant cadrage, exécution, contrôle, documentation et réception.","analyse, recommandations, feuille de route et ateliers",livrables validés et compte rendu,ACTIVE,1,True,True,ARCHIVE_IF_REFERENCED,"[""FINANCIAL_RULES"", ""CONTRACT_CLAUSES"", ""LEGAL_TEXT"", ""PENALTIES"", ""SCORING_BLOCKERS""]"
LOG,LOG-TRADE,LOG-IMPORT,Organisation d’opérations import-export,MANAGED_SERVICE,expéditions et conteneurs,"[""origine/destination"", ""marchandises"", ""volumes"", ""délais"", ""assurance""]",True,True,True,18,LOG-MACRO-TRADE,LOG-TRADE,[],"Prestation structurée de organisation d’opérations import-export comprenant cadrage, exécution, contrôle, documentation et réception.","service récurrent, SLA, rapports et support",rapports périodiques et tickets,ACTIVE,1,True,True,ARCHIVE_IF_REFERENCED,"[""FINANCIAL_RULES"", ""CONTRACT_CLAUSES"", ""LEGAL_TEXT"", ""PENALTIES"", ""SCORING_BLOCKERS""]"
LOG,LOG-DIGI,LOG-SC-DIGITAL,Digitalisation et tableau de bord supply chain,DATA_PROJECT,sources et KPI,"[""systèmes"", ""KPI"", ""fréquence"", ""alertes"", ""utilisateurs""]",False,False,True,19,LOG-MACRO-TRADE,LOG-DIGI,[],"Prestation structurée de digitalisation et tableau de bord supply chain comprenant cadrage, exécution, contrôle, documentation et réception.","modèle de données, pipelines, tableaux de bord et documentation",contrôles qualité et validation KPI,ACTIVE,1,True,True,ARCHIVE_IF_REFERENCED,"[""FINANCIAL_RULES"", ""CONTRACT_CLAUSES"", ""LEGAL_TEXT"", ""PENALTIES"", ""SCORING_BLOCKERS""]"
LOG,LOG-DIGI,LOG-BCP,Plan de continuité supply chain,RISK_ADVISORY,fournisseurs et scénarios,"[""fournisseurs critiques"", ""single source"", ""stocks sécurité"", ""alternatives"", ""scénarios""]",False,False,True,20,LOG-MACRO-TRADE,LOG-DIGI,[],"Prestation structurée de plan de continuité supply chain comprenant cadrage, exécution, contrôle, documentation et réception.","plan de prévention, procédures et indicateurs",plan validé et preuves de mise en œuvre,ACTIVE,1,True,True,ARCHIVE_IF_REFERENCED,"[""FINANCIAL_RULES"", ""CONTRACT_CLAUSES"", ""LEGAL_TEXT"", ""PENALTIES"", ""SCORING_BLOCKERS""]"
BTP,BTP-STUDY,BTP-FEAS,Étude de faisabilité immobilière ou chantier,ENGINEERING,m² et sites,"[""objectif projet"", ""terrain/bâtiment"", ""programme"", ""budget"", ""contraintes""]",False,False,True,1,BTP-MACRO-DESIGN,BTP-STUDY,[],"Prestation structurée de étude de faisabilité immobilière ou chantier comprenant cadrage, exécution, contrôle, documentation et réception.","études, plans, notes de calcul et estimations",documents approuvés,ACTIVE,1,True,True,ARCHIVE_IF_REFERENCED,"[""FINANCIAL_RULES"", ""CONTRACT_CLAUSES"", ""LEGAL_TEXT"", ""PENALTIES"", ""SCORING_BLOCKERS""]"
BTP,BTP-STUDY,BTP-ARCH,Conception architecturale,DESIGN_ENGINEERING,"m², niveaux et espaces","[""programme"", ""surface"", ""style"", ""réglementation"", ""niveau de détail""]",False,False,True,2,BTP-MACRO-DESIGN,BTP-STUDY,[],"Prestation structurée de conception architecturale comprenant cadrage, exécution, contrôle, documentation et réception.","esquisses, plans, rendus et dossier de conception",plans validés,ACTIVE,1,True,True,ARCHIVE_IF_REFERENCED,"[""FINANCIAL_RULES"", ""CONTRACT_CLAUSES"", ""LEGAL_TEXT"", ""PENALTIES"", ""SCORING_BLOCKERS""]"
BTP,BTP-STUDY,BTP-STRUCT,Étude de structure,ENGINEERING,m² et éléments,"[""type structure"", ""plans"", ""charges"", ""sol"", ""normes""]",False,False,True,3,BTP-MACRO-DESIGN,BTP-STUDY,[],"Prestation structurée de étude de structure comprenant cadrage, exécution, contrôle, documentation et réception.","études, plans, notes de calcul et estimations",documents approuvés,ACTIVE,1,True,True,ARCHIVE_IF_REFERENCED,"[""FINANCIAL_RULES"", ""CONTRACT_CLAUSES"", ""LEGAL_TEXT"", ""PENALTIES"", ""SCORING_BLOCKERS""]"
BTP,BTP-STUDY,BTP-GEO,Étude géotechnique,ENGINEERING,sondages et parcelles,"[""site"", ""surface"", ""projet"", ""sondages"", ""accès""]",False,False,True,4,BTP-MACRO-DESIGN,BTP-STUDY,[],"Prestation structurée de étude géotechnique comprenant cadrage, exécution, contrôle, documentation et réception.","études, plans, notes de calcul et estimations",documents approuvés,ACTIVE,1,True,True,ARCHIVE_IF_REFERENCED,"[""FINANCIAL_RULES"", ""CONTRACT_CLAUSES"", ""LEGAL_TEXT"", ""PENALTIES"", ""SCORING_BLOCKERS""]"
BTP,BTP-STUDY,BTP-MEP-DESIGN,"Études électricité, plomberie et CVC",ENGINEERING,m² et systèmes,"[""usage bâtiment"", ""puissance"", ""besoins eau"", ""climatisation"", ""plans""]",False,False,True,5,BTP-MACRO-DESIGN,BTP-STUDY,[],"Prestation structurée de études électricité, plomberie et cvc comprenant cadrage, exécution, contrôle, documentation et réception.","études, plans, notes de calcul et estimations",documents approuvés,ACTIVE,1,True,True,ARCHIVE_IF_REFERENCED,"[""FINANCIAL_RULES"", ""CONTRACT_CLAUSES"", ""LEGAL_TEXT"", ""PENALTIES"", ""SCORING_BLOCKERS""]"
BTP,BTP-COST,BTP-QS,"Métré, estimation et bordereau de prix",ENGINEERING,lots et m²,"[""plans disponibles"", ""lots"", ""niveau précision"", ""base prix"", ""deadline""]",False,False,True,6,BTP-MACRO-DESIGN,BTP-COST,[],"Prestation structurée de métré, estimation et bordereau de prix comprenant cadrage, exécution, contrôle, documentation et réception.","études, plans, notes de calcul et estimations",documents approuvés,ACTIVE,1,True,True,ARCHIVE_IF_REFERENCED,"[""FINANCIAL_RULES"", ""CONTRACT_CLAUSES"", ""LEGAL_TEXT"", ""PENALTIES"", ""SCORING_BLOCKERS""]"
BTP,BTP-COST,BTP-PM,Maîtrise d’œuvre et gestion de projet chantier,PROJECT_MANAGEMENT,"lots, mois et sites","[""périmètre"", ""planning"", ""intervenants"", ""budget"", ""reporting""]",False,True,True,7,BTP-MACRO-DESIGN,BTP-COST,[],"Prestation structurée de maîtrise d’œuvre et gestion de projet chantier comprenant cadrage, exécution, contrôle, documentation et réception.","planning, coordination, contrôle budget/qualité et reporting",rapports et PV,ACTIVE,1,True,True,ARCHIVE_IF_REFERENCED,"[""FINANCIAL_RULES"", ""CONTRACT_CLAUSES"", ""LEGAL_TEXT"", ""PENALTIES"", ""SCORING_BLOCKERS""]"
BTP,BTP-WORK,BTP-GC,Construction tous corps d’état,CONSTRUCTION,m² et lots,"[""plans"", ""surface"", ""lots"", ""délai"", ""conditions site""]",False,False,True,8,BTP-MACRO-WORK,BTP-WORK,[],"Prestation structurée de construction tous corps d’état comprenant cadrage, exécution, contrôle, documentation et réception.","travaux exécutés, essais, DOE et réception","PV, photos et DOE",ACTIVE,1,True,True,ARCHIVE_IF_REFERENCED,"[""FINANCIAL_RULES"", ""CONTRACT_CLAUSES"", ""LEGAL_TEXT"", ""PENALTIES"", ""SCORING_BLOCKERS""]"
BTP,BTP-WORK,BTP-RENOV,Rénovation de bâtiment ou local,CONSTRUCTION,m² et espaces,"[""état existant"", ""travaux"", ""occupation"", ""finitions"", ""délai""]",False,False,True,9,BTP-MACRO-WORK,BTP-WORK,[],"Prestation structurée de rénovation de bâtiment ou local comprenant cadrage, exécution, contrôle, documentation et réception.","travaux exécutés, essais, DOE et réception","PV, photos et DOE",ACTIVE,1,True,True,ARCHIVE_IF_REFERENCED,"[""FINANCIAL_RULES"", ""CONTRACT_CLAUSES"", ""LEGAL_TEXT"", ""PENALTIES"", ""SCORING_BLOCKERS""]"
BTP,BTP-WORK,BTP-FITOUT,Aménagement intérieur et fit-out,CONSTRUCTION,m² et postes,"[""usage"", ""plans"", ""mobilier"", ""finitions"", ""contraintes exploitation""]",False,False,True,10,BTP-MACRO-WORK,BTP-WORK,[],"Prestation structurée de aménagement intérieur et fit-out comprenant cadrage, exécution, contrôle, documentation et réception.","travaux exécutés, essais, DOE et réception","PV, photos et DOE",ACTIVE,1,True,True,ARCHIVE_IF_REFERENCED,"[""FINANCIAL_RULES"", ""CONTRACT_CLAUSES"", ""LEGAL_TEXT"", ""PENALTIES"", ""SCORING_BLOCKERS""]"
BTP,BTP-MEP,BTP-ELEC,Installation et mise à niveau électrique,CONSTRUCTION,points et puissances,"[""puissance"", ""tableaux"", ""points"", ""mise à la terre"", ""tests""]",False,False,True,11,BTP-MACRO-WORK,BTP-MEP,[],"Prestation structurée de installation et mise à niveau électrique comprenant cadrage, exécution, contrôle, documentation et réception.","travaux exécutés, essais, DOE et réception","PV, photos et DOE",ACTIVE,1,True,True,ARCHIVE_IF_REFERENCED,"[""FINANCIAL_RULES"", ""CONTRACT_CLAUSES"", ""LEGAL_TEXT"", ""PENALTIES"", ""SCORING_BLOCKERS""]"
BTP,BTP-MEP,BTP-PLUMB,"Plomberie, sanitaires et réseaux d’eau",CONSTRUCTION,points et réseaux,"[""plans"", ""points"", ""pression"", ""évacuation"", ""équipements""]",False,False,True,12,BTP-MACRO-WORK,BTP-MEP,[],"Prestation structurée de plomberie, sanitaires et réseaux d’eau comprenant cadrage, exécution, contrôle, documentation et réception.","travaux exécutés, essais, DOE et réception","PV, photos et DOE",ACTIVE,1,True,True,ARCHIVE_IF_REFERENCED,"[""FINANCIAL_RULES"", ""CONTRACT_CLAUSES"", ""LEGAL_TEXT"", ""PENALTIES"", ""SCORING_BLOCKERS""]"
BTP,BTP-MEP,BTP-HVAC,"Climatisation, ventilation et traitement d’air",CONSTRUCTION,zones et kW,"[""surfaces"", ""occupation"", ""température"", ""qualité air"", ""équipements""]",False,False,True,13,BTP-MACRO-WORK,BTP-MEP,[],"Prestation structurée de climatisation, ventilation et traitement d’air comprenant cadrage, exécution, contrôle, documentation et réception.","travaux exécutés, essais, DOE et réception","PV, photos et DOE",ACTIVE,1,True,True,ARCHIVE_IF_REFERENCED,"[""FINANCIAL_RULES"", ""CONTRACT_CLAUSES"", ""LEGAL_TEXT"", ""PENALTIES"", ""SCORING_BLOCKERS""]"
BTP,BTP-SAFE,BTP-FIRE,Détection et protection incendie,CONSTRUCTION,zones et équipements,"[""usage"", ""surface"", ""risques"", ""système existant"", ""évacuation""]",False,False,True,14,BTP-MACRO-SAFE,BTP-SAFE,[],"Prestation structurée de détection et protection incendie comprenant cadrage, exécution, contrôle, documentation et réception.","travaux exécutés, essais, DOE et réception","PV, photos et DOE",ACTIVE,1,True,True,ARCHIVE_IF_REFERENCED,"[""FINANCIAL_RULES"", ""CONTRACT_CLAUSES"", ""LEGAL_TEXT"", ""PENALTIES"", ""SCORING_BLOCKERS""]"
BTP,BTP-SAFE,BTP-SECURITY,"Contrôle d’accès, alarme et sûreté bâtiment",CONSTRUCTION,"portes, zones et utilisateurs","[""zones"", ""portes"", ""badges"", ""intégrations"", ""supervision""]",False,False,True,15,BTP-MACRO-SAFE,BTP-SAFE,"[""BTP-FM""]","Prestation structurée de contrôle d’accès, alarme et sûreté bâtiment comprenant cadrage, exécution, contrôle, documentation et réception.","travaux exécutés, essais, DOE et réception","PV, photos et DOE",ACTIVE,1,True,True,ARCHIVE_IF_REFERENCED,"[""FINANCIAL_RULES"", ""CONTRACT_CLAUSES"", ""LEGAL_TEXT"", ""PENALTIES"", ""SCORING_BLOCKERS""]"
BTP,BTP-ENERGY,BTP-SOLAR,Installation solaire photovoltaïque,ENERGY_PROJECT,kWc et sites,"[""consommation"", ""toiture"", ""puissance"", ""autoconsommation"", ""raccordement""]",False,False,True,16,BTP-MACRO-SAFE,BTP-ENERGY,[],"Prestation structurée de installation solaire photovoltaïque comprenant cadrage, exécution, contrôle, documentation et réception.","étude, équipements, installation, tests et mise en service",mesures et PV de mise en service,ACTIVE,1,True,True,ARCHIVE_IF_REFERENCED,"[""FINANCIAL_RULES"", ""CONTRACT_CLAUSES"", ""LEGAL_TEXT"", ""PENALTIES"", ""SCORING_BLOCKERS""]"
BTP,BTP-ENERGY,BTP-ENERGY-AUDIT,Audit énergétique de bâtiment,AUDIT,sites et compteurs,"[""factures énergie"", ""surface"", ""équipements"", ""horaires"", ""objectifs""]",False,False,True,17,BTP-MACRO-SAFE,BTP-ENERGY,[],"Prestation structurée de audit énergétique de bâtiment comprenant cadrage, exécution, contrôle, documentation et réception.","rapport de diagnostic, constats, priorités et plan d’action",rapport signé et restitution,ACTIVE,1,True,True,ARCHIVE_IF_REFERENCED,"[""FINANCIAL_RULES"", ""CONTRACT_CLAUSES"", ""LEGAL_TEXT"", ""PENALTIES"", ""SCORING_BLOCKERS""]"
BTP,BTP-FM,BTP-MAINT,Contrat de maintenance multi-technique,MANAGED_SERVICE,sites et équipements,"[""inventaire actifs"", ""fréquence"", ""SLA"", ""astreinte"", ""pièces""]",True,True,True,18,BTP-MACRO-ASSET,BTP-FM,[],"Prestation structurée de contrat de maintenance multi-technique comprenant cadrage, exécution, contrôle, documentation et réception.","service récurrent, SLA, rapports et support",rapports périodiques et tickets,ACTIVE,1,True,True,ARCHIVE_IF_REFERENCED,"[""FINANCIAL_RULES"", ""CONTRACT_CLAUSES"", ""LEGAL_TEXT"", ""PENALTIES"", ""SCORING_BLOCKERS""]"
BTP,BTP-REAL,BTP-INSPECTION,Inspection technique et diagnostic bâtiment,AUDIT,m² et éléments,"[""objectif"", ""pathologies"", ""plans"", ""accès"", ""rapport attendu""]",False,False,True,19,BTP-MACRO-ASSET,BTP-REAL,[],"Prestation structurée de inspection technique et diagnostic bâtiment comprenant cadrage, exécution, contrôle, documentation et réception.","rapport de diagnostic, constats, priorités et plan d’action",rapport signé et restitution,ACTIVE,1,True,True,ARCHIVE_IF_REFERENCED,"[""FINANCIAL_RULES"", ""CONTRACT_CLAUSES"", ""LEGAL_TEXT"", ""PENALTIES"", ""SCORING_BLOCKERS""]"
BTP,BTP-REAL,BTP-LANDSCAPE,"Aménagement paysager, piscine et extérieurs",CONSTRUCTION,m² et zones,"[""terrain"", ""style"", ""végétation"", ""arrosage"", ""équipements""]",False,False,True,20,BTP-MACRO-ASSET,BTP-REAL,[],"Prestation structurée de aménagement paysager, piscine et extérieurs comprenant cadrage, exécution, contrôle, documentation et réception.","travaux exécutés, essais, DOE et réception","PV, photos et DOE",ACTIVE,1,True,True,ARCHIVE_IF_REFERENCED,"[""FINANCIAL_RULES"", ""CONTRACT_CLAUSES"", ""LEGAL_TEXT"", ""PENALTIES"", ""SCORING_BLOCKERS""]"
QHSE,QHSE-QMS,QHSE-ISO9001,Mise en place ISO 9001,COMPLIANCE_PROJECT,processus et sites,"[""périmètre"", ""processus"", ""documentation"", ""indicateurs"", ""certification cible""]",False,False,True,1,QHSE-MACRO-QE,QHSE-QMS,[],"Prestation structurée de mise en place iso 9001 comprenant cadrage, exécution, contrôle, documentation et réception.","système documenté, preuves de déploiement et préparation audit","documents, enregistrements et audit blanc",ACTIVE,1,True,True,ARCHIVE_IF_REFERENCED,"[""FINANCIAL_RULES"", ""CONTRACT_CLAUSES"", ""LEGAL_TEXT"", ""PENALTIES"", ""SCORING_BLOCKERS""]"
QHSE,QHSE-QMS,QHSE-PROCESS,Cartographie et optimisation des processus,ADVISORY,processus et départements,"[""processus"", ""interfaces"", ""irritants"", ""KPI"", ""outils""]",False,False,True,2,QHSE-MACRO-QE,QHSE-QMS,[],"Prestation structurée de cartographie et optimisation des processus comprenant cadrage, exécution, contrôle, documentation et réception.","analyse, recommandations, feuille de route et ateliers",livrables validés et compte rendu,ACTIVE,1,True,True,ARCHIVE_IF_REFERENCED,"[""FINANCIAL_RULES"", ""CONTRACT_CLAUSES"", ""LEGAL_TEXT"", ""PENALTIES"", ""SCORING_BLOCKERS""]"
QHSE,QHSE-QMS,QHSE-SUPPLIER-QUALITY,Qualité fournisseurs,COMPLIANCE_PROJECT,fournisseurs et familles,"[""critères"", ""contrôles"", ""non-conformités"", ""audits"", ""KPI""]",False,False,True,3,QHSE-MACRO-QE,QHSE-QMS,[],"Prestation structurée de qualité fournisseurs comprenant cadrage, exécution, contrôle, documentation et réception.","système documenté, preuves de déploiement et préparation audit","documents, enregistrements et audit blanc",ACTIVE,1,True,True,ARCHIVE_IF_REFERENCED,"[""FINANCIAL_RULES"", ""CONTRACT_CLAUSES"", ""LEGAL_TEXT"", ""PENALTIES"", ""SCORING_BLOCKERS""]"
QHSE,QHSE-ENV,QHSE-ISO14001,Mise en place ISO 14001,COMPLIANCE_PROJECT,sites et aspects,"[""aspects environnementaux"", ""obligations"", ""objectifs"", ""déchets"", ""urgence""]",False,False,True,4,QHSE-MACRO-QE,QHSE-ENV,[],"Prestation structurée de mise en place iso 14001 comprenant cadrage, exécution, contrôle, documentation et réception.","système documenté, preuves de déploiement et préparation audit","documents, enregistrements et audit blanc",ACTIVE,1,True,True,ARCHIVE_IF_REFERENCED,"[""FINANCIAL_RULES"", ""CONTRACT_CLAUSES"", ""LEGAL_TEXT"", ""PENALTIES"", ""SCORING_BLOCKERS""]"
QHSE,QHSE-ENV,QHSE-ENV-AUDIT,Audit environnemental,AUDIT,sites et impacts,"[""activités"", ""émissions"", ""rejets"", ""déchets"", ""autorisations""]",False,False,True,5,QHSE-MACRO-QE,QHSE-ENV,[],"Prestation structurée de audit environnemental comprenant cadrage, exécution, contrôle, documentation et réception.","rapport de diagnostic, constats, priorités et plan d’action",rapport signé et restitution,ACTIVE,1,True,True,ARCHIVE_IF_REFERENCED,"[""FINANCIAL_RULES"", ""CONTRACT_CLAUSES"", ""LEGAL_TEXT"", ""PENALTIES"", ""SCORING_BLOCKERS""]"
QHSE,QHSE-ENV,QHSE-WASTE,Plan de gestion des déchets,ADVISORY,flux et tonnes,"[""types déchets"", ""quantités"", ""stockage"", ""prestataires"", ""traçabilité""]",False,False,True,6,QHSE-MACRO-QE,QHSE-ENV,[],"Prestation structurée de plan de gestion des déchets comprenant cadrage, exécution, contrôle, documentation et réception.","analyse, recommandations, feuille de route et ateliers",livrables validés et compte rendu,ACTIVE,1,True,True,ARCHIVE_IF_REFERENCED,"[""FINANCIAL_RULES"", ""CONTRACT_CLAUSES"", ""LEGAL_TEXT"", ""PENALTIES"", ""SCORING_BLOCKERS""]"
QHSE,QHSE-OHS,QHSE-ISO45001,Mise en place ISO 45001,COMPLIANCE_PROJECT,sites et salariés,"[""dangers"", ""évaluation risques"", ""consultation"", ""incidents"", ""objectifs""]",False,False,True,7,QHSE-MACRO-HS,QHSE-OHS,[],"Prestation structurée de mise en place iso 45001 comprenant cadrage, exécution, contrôle, documentation et réception.","système documenté, preuves de déploiement et préparation audit","documents, enregistrements et audit blanc",ACTIVE,1,True,True,ARCHIVE_IF_REFERENCED,"[""FINANCIAL_RULES"", ""CONTRACT_CLAUSES"", ""LEGAL_TEXT"", ""PENALTIES"", ""SCORING_BLOCKERS""]"
QHSE,QHSE-OHS,QHSE-SAFETY-AUDIT,Audit santé et sécurité au travail,AUDIT,sites et postes,"[""activités"", ""dangers"", ""EPI"", ""formations"", ""incidents""]",False,False,True,8,QHSE-MACRO-HS,QHSE-OHS,[],"Prestation structurée de audit santé et sécurité au travail comprenant cadrage, exécution, contrôle, documentation et réception.","rapport de diagnostic, constats, priorités et plan d’action",rapport signé et restitution,ACTIVE,1,True,True,ARCHIVE_IF_REFERENCED,"[""FINANCIAL_RULES"", ""CONTRACT_CLAUSES"", ""LEGAL_TEXT"", ""PENALTIES"", ""SCORING_BLOCKERS""]"
QHSE,QHSE-OHS,QHSE-RISK-ASSESS,Évaluation des risques professionnels,AUDIT,postes et unités,"[""unités de travail"", ""tâches"", ""exposition"", ""mesures"", ""priorités""]",False,False,True,9,QHSE-MACRO-HS,QHSE-OHS,[],"Prestation structurée de évaluation des risques professionnels comprenant cadrage, exécution, contrôle, documentation et réception.","rapport de diagnostic, constats, priorités et plan d’action",rapport signé et restitution,ACTIVE,1,True,True,ARCHIVE_IF_REFERENCED,"[""FINANCIAL_RULES"", ""CONTRACT_CLAUSES"", ""LEGAL_TEXT"", ""PENALTIES"", ""SCORING_BLOCKERS""]"
QHSE,QHSE-OHS,QHSE-HSE-PLAN,Plan HSE chantier ou site,COMPLIANCE_PROJECT,sites et intervenants,"[""projet"", ""effectifs"", ""risques"", ""sous-traitants"", ""urgence""]",False,False,True,10,QHSE-MACRO-HS,QHSE-OHS,[],"Prestation structurée de plan hse chantier ou site comprenant cadrage, exécution, contrôle, documentation et réception.","système documenté, preuves de déploiement et préparation audit","documents, enregistrements et audit blanc",ACTIVE,1,True,True,ARCHIVE_IF_REFERENCED,"[""FINANCIAL_RULES"", ""CONTRACT_CLAUSES"", ""LEGAL_TEXT"", ""PENALTIES"", ""SCORING_BLOCKERS""]"
QHSE,QHSE-FOOD,QHSE-HACCP,Mise en place HACCP,COMPLIANCE_PROJECT,produits et lignes,"[""produits"", ""diagrammes"", ""dangers"", ""CCP"", ""traçabilité""]",False,False,True,11,QHSE-MACRO-HS,QHSE-FOOD,[],"Prestation structurée de mise en place haccp comprenant cadrage, exécution, contrôle, documentation et réception.","système documenté, preuves de déploiement et préparation audit","documents, enregistrements et audit blanc",ACTIVE,1,True,True,ARCHIVE_IF_REFERENCED,"[""FINANCIAL_RULES"", ""CONTRACT_CLAUSES"", ""LEGAL_TEXT"", ""PENALTIES"", ""SCORING_BLOCKERS""]"
QHSE,QHSE-FOOD,QHSE-ISO22000,Mise en place ISO 22000,COMPLIANCE_PROJECT,sites et produits,"[""périmètre"", ""PRP"", ""HACCP"", ""fournisseurs"", ""certification""]",False,False,True,12,QHSE-MACRO-HS,QHSE-FOOD,[],"Prestation structurée de mise en place iso 22000 comprenant cadrage, exécution, contrôle, documentation et réception.","système documenté, preuves de déploiement et préparation audit","documents, enregistrements et audit blanc",ACTIVE,1,True,True,ARCHIVE_IF_REFERENCED,"[""FINANCIAL_RULES"", ""CONTRACT_CLAUSES"", ""LEGAL_TEXT"", ""PENALTIES"", ""SCORING_BLOCKERS""]"
QHSE,QHSE-FOOD,QHSE-FOOD-AUDIT,Audit hygiène et sécurité alimentaire,AUDIT,sites et zones,"[""activité"", ""zones"", ""produits"", ""nettoyage"", ""contrôles""]",False,False,True,13,QHSE-MACRO-HS,QHSE-FOOD,[],"Prestation structurée de audit hygiène et sécurité alimentaire comprenant cadrage, exécution, contrôle, documentation et réception.","rapport de diagnostic, constats, priorités et plan d’action",rapport signé et restitution,ACTIVE,1,True,True,ARCHIVE_IF_REFERENCED,"[""FINANCIAL_RULES"", ""CONTRACT_CLAUSES"", ""LEGAL_TEXT"", ""PENALTIES"", ""SCORING_BLOCKERS""]"
QHSE,QHSE-LAB,QHSE-ISO17025,Préparation ISO/IEC 17025 laboratoire,COMPLIANCE_PROJECT,méthodes et équipements,"[""portée"", ""méthodes"", ""compétences"", ""métrologie"", ""essais aptitude""]",False,False,True,14,QHSE-MACRO-LAB,QHSE-LAB,[],"Prestation structurée de préparation iso/iec 17025 laboratoire comprenant cadrage, exécution, contrôle, documentation et réception.","système documenté, preuves de déploiement et préparation audit","documents, enregistrements et audit blanc",ACTIVE,1,True,True,ARCHIVE_IF_REFERENCED,"[""FINANCIAL_RULES"", ""CONTRACT_CLAUSES"", ""LEGAL_TEXT"", ""PENALTIES"", ""SCORING_BLOCKERS""]"
QHSE,QHSE-LAB,QHSE-METROLOGY,Gestion de métrologie et étalonnage,MANAGED_SERVICE,équipements et fréquences,"[""inventaire"", ""criticité"", ""tolérances"", ""fréquence"", ""prestataires""]",True,True,True,15,QHSE-MACRO-LAB,QHSE-LAB,[],"Prestation structurée de gestion de métrologie et étalonnage comprenant cadrage, exécution, contrôle, documentation et réception.","service récurrent, SLA, rapports et support",rapports périodiques et tickets,ACTIVE,1,True,True,ARCHIVE_IF_REFERENCED,"[""FINANCIAL_RULES"", ""CONTRACT_CLAUSES"", ""LEGAL_TEXT"", ""PENALTIES"", ""SCORING_BLOCKERS""]"
QHSE,QHSE-AUDIT,QHSE-INTERNAL-AUDIT,Audit interne de système de management,AUDIT,processus et jours,"[""référentiel"", ""périmètre"", ""sites"", ""auditeurs"", ""planning""]",False,False,True,16,QHSE-MACRO-LAB,QHSE-AUDIT,[],"Prestation structurée de audit interne de système de management comprenant cadrage, exécution, contrôle, documentation et réception.","rapport de diagnostic, constats, priorités et plan d’action",rapport signé et restitution,ACTIVE,1,True,True,ARCHIVE_IF_REFERENCED,"[""FINANCIAL_RULES"", ""CONTRACT_CLAUSES"", ""LEGAL_TEXT"", ""PENALTIES"", ""SCORING_BLOCKERS""]"
QHSE,QHSE-AUDIT,QHSE-CAPA,Gestion des non-conformités et CAPA,IMPLEMENTATION,incidents et processus,"[""sources"", ""workflow"", ""analyse causes"", ""délais"", ""efficacité""]",True,False,True,17,QHSE-MACRO-LAB,QHSE-AUDIT,"[""QHSE-QMS""]","Prestation structurée de gestion des non-conformités et capa comprenant cadrage, exécution, contrôle, documentation et réception.","solution installée, configurée, testée et documentée","PV de tests, documentation et réception",ACTIVE,1,True,True,ARCHIVE_IF_REFERENCED,"[""FINANCIAL_RULES"", ""CONTRACT_CLAUSES"", ""LEGAL_TEXT"", ""PENALTIES"", ""SCORING_BLOCKERS""]"
QHSE,QHSE-DOC,QHSE-DOC-MGMT,Système documentaire qualité/HSE,IMPLEMENTATION,documents et utilisateurs,"[""documents"", ""approbations"", ""versions"", ""diffusion"", ""outil""]",True,False,True,18,QHSE-MACRO-CERT,QHSE-DOC,[],"Prestation structurée de système documentaire qualité/hse comprenant cadrage, exécution, contrôle, documentation et réception.","solution installée, configurée, testée et documentée","PV de tests, documentation et réception",ACTIVE,1,True,True,ARCHIVE_IF_REFERENCED,"[""FINANCIAL_RULES"", ""CONTRACT_CLAUSES"", ""LEGAL_TEXT"", ""PENALTIES"", ""SCORING_BLOCKERS""]"
QHSE,QHSE-CERT,QHSE-INTEGRATED,Système intégré Qualité-Environnement-Sécurité,COMPLIANCE_PROJECT,référentiels et sites,"[""référentiels"", ""processus communs"", ""documentation"", ""audits"", ""certification""]",False,False,True,19,QHSE-MACRO-CERT,QHSE-CERT,[],"Prestation structurée de système intégré qualité-environnement-sécurité comprenant cadrage, exécution, contrôle, documentation et réception.","système documenté, preuves de déploiement et préparation audit","documents, enregistrements et audit blanc",ACTIVE,1,True,True,ARCHIVE_IF_REFERENCED,"[""FINANCIAL_RULES"", ""CONTRACT_CLAUSES"", ""LEGAL_TEXT"", ""PENALTIES"", ""SCORING_BLOCKERS""]"
QHSE,QHSE-CERT,QHSE-CERT-PREP,Préparation et accompagnement à la certification,COMPLIANCE_PROJECT,sites et audits,"[""référentiel"", ""organisme"", ""date cible"", ""écarts"", ""pré-audit""]",False,False,True,20,QHSE-MACRO-CERT,QHSE-CERT,[],"Prestation structurée de préparation et accompagnement à la certification comprenant cadrage, exécution, contrôle, documentation et réception.","système documenté, preuves de déploiement et préparation audit","documents, enregistrements et audit blanc",ACTIVE,1,True,True,ARCHIVE_IF_REFERENCED,"[""FINANCIAL_RULES"", ""CONTRACT_CLAUSES"", ""LEGAL_TEXT"", ""PENALTIES"", ""SCORING_BLOCKERS""]"
SALES,SALES-STRAT,SALES-AUDIT,Audit commercial,AUDIT,"équipes, canaux et offres","[""organisation"", ""pipeline"", ""conversion"", ""outils"", ""priorités""]",False,False,True,1,SALES-MACRO-STRAT,SALES-STRAT,[],"Prestation structurée de audit commercial comprenant cadrage, exécution, contrôle, documentation et réception.","rapport de diagnostic, constats, priorités et plan d’action",rapport signé et restitution,ACTIVE,1,True,True,ARCHIVE_IF_REFERENCED,"[""FINANCIAL_RULES"", ""CONTRACT_CLAUSES"", ""LEGAL_TEXT"", ""PENALTIES"", ""SCORING_BLOCKERS""]"
SALES,SALES-STRAT,SALES-GTM,Stratégie go-to-market,ADVISORY,"marchés, segments et offres","[""marché"", ""segments"", ""proposition de valeur"", ""canaux"", ""lancement""]",False,False,True,2,SALES-MACRO-STRAT,SALES-STRAT,[],"Prestation structurée de stratégie go-to-market comprenant cadrage, exécution, contrôle, documentation et réception.","analyse, recommandations, feuille de route et ateliers",livrables validés et compte rendu,ACTIVE,1,True,True,ARCHIVE_IF_REFERENCED,"[""FINANCIAL_RULES"", ""CONTRACT_CLAUSES"", ""LEGAL_TEXT"", ""PENALTIES"", ""SCORING_BLOCKERS""]"
SALES,SALES-STRAT,SALES-MARKET-RESEARCH,Étude de marché et segmentation clients,RESEARCH,segments et zones,"[""objectif"", ""marché"", ""géographie"", ""méthode"", ""décisions attendues""]",False,False,True,3,SALES-MACRO-STRAT,SALES-STRAT,[],"Prestation structurée de étude de marché et segmentation clients comprenant cadrage, exécution, contrôle, documentation et réception.","méthodologie, collecte, analyse et rapport",rapport et base anonymisée,ACTIVE,1,True,True,ARCHIVE_IF_REFERENCED,"[""FINANCIAL_RULES"", ""CONTRACT_CLAUSES"", ""LEGAL_TEXT"", ""PENALTIES"", ""SCORING_BLOCKERS""]"
SALES,SALES-STRAT,SALES-PRICING,Stratégie de prix et politique commerciale,ADVISORY,offres et segments,"[""coûts"", ""concurrence"", ""élasticité"", ""remises"", ""gouvernance""]",False,False,True,4,SALES-MACRO-STRAT,SALES-STRAT,[],"Prestation structurée de stratégie de prix et politique commerciale comprenant cadrage, exécution, contrôle, documentation et réception.","analyse, recommandations, feuille de route et ateliers",livrables validés et compte rendu,ACTIVE,1,True,True,ARCHIVE_IF_REFERENCED,"[""FINANCIAL_RULES"", ""CONTRACT_CLAUSES"", ""LEGAL_TEXT"", ""PENALTIES"", ""SCORING_BLOCKERS""]"
SALES,SALES-PROC,SALES-PROCESS,Conception du processus de vente,IMPLEMENTATION,étapes et équipes,"[""cycle de vente"", ""étapes"", ""critères"", ""approbations"", ""KPI""]",True,False,True,5,SALES-MACRO-STRAT,SALES-PROC,[],"Prestation structurée de conception du processus de vente comprenant cadrage, exécution, contrôle, documentation et réception.","solution installée, configurée, testée et documentée","PV de tests, documentation et réception",ACTIVE,1,True,True,ARCHIVE_IF_REFERENCED,"[""FINANCIAL_RULES"", ""CONTRACT_CLAUSES"", ""LEGAL_TEXT"", ""PENALTIES"", ""SCORING_BLOCKERS""]"
SALES,SALES-PROC,SALES-PIPELINE,Mise en place du pipeline et prévisions commerciales,IMPLEMENTATION,opportunités et équipes,"[""étapes"", ""probabilités"", ""forecast"", ""revues"", ""outils""]",True,False,True,6,SALES-MACRO-STRAT,SALES-PROC,[],"Prestation structurée de mise en place du pipeline et prévisions commerciales comprenant cadrage, exécution, contrôle, documentation et réception.","solution installée, configurée, testée et documentée","PV de tests, documentation et réception",ACTIVE,1,True,True,ARCHIVE_IF_REFERENCED,"[""FINANCIAL_RULES"", ""CONTRACT_CLAUSES"", ""LEGAL_TEXT"", ""PENALTIES"", ""SCORING_BLOCKERS""]"
SALES,SALES-PROC,SALES-TENDER,Réponse aux appels d’offres commerciaux,MANAGED_SERVICE,dossiers et lots,"[""dossier"", ""deadline"", ""exigences"", ""références"", ""prix""]",True,True,True,7,SALES-MACRO-STRAT,SALES-PROC,[],"Prestation structurée de réponse aux appels d’offres commerciaux comprenant cadrage, exécution, contrôle, documentation et réception.","service récurrent, SLA, rapports et support",rapports périodiques et tickets,ACTIVE,1,True,True,ARCHIVE_IF_REFERENCED,"[""FINANCIAL_RULES"", ""CONTRACT_CLAUSES"", ""LEGAL_TEXT"", ""PENALTIES"", ""SCORING_BLOCKERS""]"
SALES,SALES-CRM,SALES-CRM-IMPL,Choix et déploiement CRM,IMPLEMENTATION,utilisateurs et pipelines,"[""processus"", ""utilisateurs"", ""données"", ""intégrations"", ""automatisations""]",True,False,True,8,SALES-MACRO-ACQ,SALES-CRM,"[""SALES-PROC""]","Prestation structurée de choix et déploiement crm comprenant cadrage, exécution, contrôle, documentation et réception.","solution installée, configurée, testée et documentée","PV de tests, documentation et réception",ACTIVE,1,True,True,ARCHIVE_IF_REFERENCED,"[""FINANCIAL_RULES"", ""CONTRACT_CLAUSES"", ""LEGAL_TEXT"", ""PENALTIES"", ""SCORING_BLOCKERS""]"
SALES,SALES-CRM,SALES-SALES-AUTO,Automatisation commerciale et séquences,IMPLEMENTATION,contacts et scénarios,"[""sources leads"", ""séquences"", ""canaux"", ""règles"", ""mesure""]",True,False,True,9,SALES-MACRO-ACQ,SALES-CRM,[],"Prestation structurée de automatisation commerciale et séquences comprenant cadrage, exécution, contrôle, documentation et réception.","solution installée, configurée, testée et documentée","PV de tests, documentation et réception",ACTIVE,1,True,True,ARCHIVE_IF_REFERENCED,"[""FINANCIAL_RULES"", ""CONTRACT_CLAUSES"", ""LEGAL_TEXT"", ""PENALTIES"", ""SCORING_BLOCKERS""]"
SALES,SALES-LEAD,SALES-LEADGEN,Génération de leads B2B/B2C,CAMPAIGN,leads et marchés,"[""cible"", ""volume"", ""canaux"", ""critères qualité"", ""coût cible""]",False,True,True,10,SALES-MACRO-ACQ,SALES-LEAD,[],"Prestation structurée de génération de leads b2b/b2c comprenant cadrage, exécution, contrôle, documentation et réception.","plan de campagne, paramétrage, créations, diffusion et reporting",rapports plateforme et bilan,ACTIVE,1,True,True,ARCHIVE_IF_REFERENCED,"[""FINANCIAL_RULES"", ""CONTRACT_CLAUSES"", ""LEGAL_TEXT"", ""PENALTIES"", ""SCORING_BLOCKERS""]"
SALES,SALES-LEAD,SALES-TELEMARKETING,Téléprospection et prise de rendez-vous,MANAGED_SERVICE,contacts et rendez-vous,"[""cible"", ""script"", ""volume appels"", ""qualification"", ""planning""]",True,True,True,11,SALES-MACRO-ACQ,SALES-LEAD,[],"Prestation structurée de téléprospection et prise de rendez-vous comprenant cadrage, exécution, contrôle, documentation et réception.","service récurrent, SLA, rapports et support",rapports périodiques et tickets,ACTIVE,1,True,True,ARCHIVE_IF_REFERENCED,"[""FINANCIAL_RULES"", ""CONTRACT_CLAUSES"", ""LEGAL_TEXT"", ""PENALTIES"", ""SCORING_BLOCKERS""]"
SALES,SALES-LEAD,SALES-SCRIPTS,"Scripts, argumentaires et outils d’aide à la vente",CONTENT,offres et équipes,"[""offres"", ""objections"", ""personas"", ""canaux"", ""formats""]",True,False,True,12,SALES-MACRO-ACQ,SALES-LEAD,[],"Prestation structurée de scripts, argumentaires et outils d’aide à la vente comprenant cadrage, exécution, contrôle, documentation et réception.","contenus rédigés, relus et livrés aux formats convenus",contenus validés,ACTIVE,1,True,True,ARCHIVE_IF_REFERENCED,"[""FINANCIAL_RULES"", ""CONTRACT_CLAUSES"", ""LEGAL_TEXT"", ""PENALTIES"", ""SCORING_BLOCKERS""]"
SALES,SALES-TEAM,SALES-ORG,Organisation et dimensionnement de la force de vente,ADVISORY,commerciaux et territoires,"[""effectif"", ""territoires"", ""portefeuilles"", ""objectifs"", ""rémunération""]",False,False,True,13,SALES-MACRO-ORG,SALES-TEAM,[],"Prestation structurée de organisation et dimensionnement de la force de vente comprenant cadrage, exécution, contrôle, documentation et réception.","analyse, recommandations, feuille de route et ateliers",livrables validés et compte rendu,ACTIVE,1,True,True,ARCHIVE_IF_REFERENCED,"[""FINANCIAL_RULES"", ""CONTRACT_CLAUSES"", ""LEGAL_TEXT"", ""PENALTIES"", ""SCORING_BLOCKERS""]"
SALES,SALES-TEAM,SALES-TRAIN,Formation et coaching commercial,TRAINING,participants et sessions,"[""niveau"", ""compétences"", ""produits"", ""format"", ""évaluation""]",True,False,True,14,SALES-MACRO-ORG,SALES-TEAM,[],"Prestation structurée de formation et coaching commercial comprenant cadrage, exécution, contrôle, documentation et réception.","supports, sessions, évaluations et attestations",feuilles de présence et évaluations,ACTIVE,1,True,True,ARCHIVE_IF_REFERENCED,"[""FINANCIAL_RULES"", ""CONTRACT_CLAUSES"", ""LEGAL_TEXT"", ""PENALTIES"", ""SCORING_BLOCKERS""]"
SALES,SALES-TEAM,SALES-KAM,Programme grands comptes et key account management,ADVISORY,comptes et responsables,"[""comptes stratégiques"", ""potentiel"", ""plans de compte"", ""gouvernance"", ""KPI""]",False,False,True,15,SALES-MACRO-ORG,SALES-TEAM,[],"Prestation structurée de programme grands comptes et key account management comprenant cadrage, exécution, contrôle, documentation et réception.","analyse, recommandations, feuille de route et ateliers",livrables validés et compte rendu,ACTIVE,1,True,True,ARCHIVE_IF_REFERENCED,"[""FINANCIAL_RULES"", ""CONTRACT_CLAUSES"", ""LEGAL_TEXT"", ""PENALTIES"", ""SCORING_BLOCKERS""]"
SALES,SALES-CHANNEL,SALES-CHANNEL,Réseau de distributeurs et partenaires,ADVISORY,partenaires et territoires,"[""modèle canal"", ""territoires"", ""marges"", ""contrats"", ""animation""]",False,False,True,16,SALES-MACRO-ORG,SALES-CHANNEL,[],"Prestation structurée de réseau de distributeurs et partenaires comprenant cadrage, exécution, contrôle, documentation et réception.","analyse, recommandations, feuille de route et ateliers",livrables validés et compte rendu,ACTIVE,1,True,True,ARCHIVE_IF_REFERENCED,"[""FINANCIAL_RULES"", ""CONTRACT_CLAUSES"", ""LEGAL_TEXT"", ""PENALTIES"", ""SCORING_BLOCKERS""]"
SALES,SALES-CHANNEL,SALES-EXPORT,Développement commercial à l’export,ADVISORY,pays et marchés,"[""pays cibles"", ""offre"", ""réglementation"", ""partenaires"", ""budget""]",False,False,True,17,SALES-MACRO-ORG,SALES-CHANNEL,[],"Prestation structurée de développement commercial à l’export comprenant cadrage, exécution, contrôle, documentation et réception.","analyse, recommandations, feuille de route et ateliers",livrables validés et compte rendu,ACTIVE,1,True,True,ARCHIVE_IF_REFERENCED,"[""FINANCIAL_RULES"", ""CONTRACT_CLAUSES"", ""LEGAL_TEXT"", ""PENALTIES"", ""SCORING_BLOCKERS""]"
SALES,SALES-CX,SALES-CX-MAP,Cartographie du parcours et expérience client,RESEARCH,parcours et segments,"[""segments"", ""points de contact"", ""irritants"", ""données"", ""priorités""]",False,False,True,18,SALES-MACRO-CX,SALES-CX,[],"Prestation structurée de cartographie du parcours et expérience client comprenant cadrage, exécution, contrôle, documentation et réception.","méthodologie, collecte, analyse et rapport",rapport et base anonymisée,ACTIVE,1,True,True,ARCHIVE_IF_REFERENCED,"[""FINANCIAL_RULES"", ""CONTRACT_CLAUSES"", ""LEGAL_TEXT"", ""PENALTIES"", ""SCORING_BLOCKERS""]"
SALES,SALES-CX,SALES-LOYALTY,Programme de fidélité et rétention,IMPLEMENTATION,clients et avantages,"[""base clients"", ""comportements"", ""récompenses"", ""canaux"", ""économie programme""]",True,False,True,19,SALES-MACRO-CX,SALES-CX,[],"Prestation structurée de programme de fidélité et rétention comprenant cadrage, exécution, contrôle, documentation et réception.","solution installée, configurée, testée et documentée","PV de tests, documentation et réception",ACTIVE,1,True,True,ARCHIVE_IF_REFERENCED,"[""FINANCIAL_RULES"", ""CONTRACT_CLAUSES"", ""LEGAL_TEXT"", ""PENALTIES"", ""SCORING_BLOCKERS""]"
SALES,SALES-SERVICE,SALES-CUSTOMER-SERVICE,Mise en place ou optimisation du service client,IMPLEMENTATION,agents et canaux,"[""volumes contacts"", ""canaux"", ""SLA"", ""outils"", ""qualité""]",True,False,True,20,SALES-MACRO-CX,SALES-SERVICE,[],"Prestation structurée de mise en place ou optimisation du service client comprenant cadrage, exécution, contrôle, documentation et réception.","solution installée, configurée, testée et documentée","PV de tests, documentation et réception",ACTIVE,1,True,True,ARCHIVE_IF_REFERENCED,"[""FINANCIAL_RULES"", ""CONTRACT_CLAUSES"", ""LEGAL_TEXT"", ""PENALTIES"", ""SCORING_BLOCKERS""]"
